"Markettype","Trdwnt","Ndaytrd","Wnshrtrdtl","Wnvaltrdtl","Wretmdeq","Wretmdos","Wretmdtl","Wnstkcal","Wmvosd","Wmvttl"
"2","2009-12","5","349947679","225003589.00","0.069319","0.075826","0.074497","53","7235955.760","10165037.670"
"1","2009-12","5","64402916534","559376868519.00","0.086523","0.076681","0.072442","839","4437986772.290","12033951392.080"
"8","2009-12","5","384311608","1464974604.23","0.053953","0.058212","0.058391","54","56555102.150","63962427.130"
"4","2009-12","5","33341380766","293846613698.78","0.079997","0.088708","0.087275","711","1783006674.040","3210983535.500"
"2","2009-13","5","427778993","303406926.00","0.047615","0.053282","0.051083","53","7621501.840","10684305.000"
"1","2009-13","5","80843720820","734695475935.00","0.046393","0.051086","0.041391","840","4675100701.130","12540140811.510"
"8","2009-13","5","490097883","2053363692.03","0.040290","0.045615","0.043822","54","59135466.870","66766017.060"
"4","2009-13","5","38238388507","353832282426.02","0.037049","0.035030","0.034932","711","1857532417.140","3324031231.530"
"2","2009-14","5","443139555","299037163.00","0.019122","0.060110","0.089784","52","7709471.960","10872358.840"
"1","2009-14","5","81663999797","756426656952.00","0.019606","0.025335","0.019388","836","4813451334.870","12779492155.880"
"8","2009-14","5","491610404","2026612881.18","0.004992","0.012259","0.009932","54","59860462.190","67429187.520"
"4","2009-14","5","39254294221","371383362684.85","0.036412","0.027743","0.029360","711","1924200471.190","3420402894.500"
"2","2009-15","4","299215443","217093546.00","0.015555","0.016121","0.012514","51","7749096.290","10924061.700"
"1","2009-15","4","53875239892","513081328192.00","0.028888","0.012347","0.010218","833","4878536428.590","12909595490.610"
"8","2009-15","4","380905608","1596096998.93","0.022238","0.010124","0.016001","54","60466508.430","68508148.350"
"4","2009-15","4","27535962226","267660126386.99","0.037609","0.022155","0.026004","714","2004849303.510","3512733897.280"
"2","2009-16","5","509028351","354724891.00","0.027322","0.013836","0.012773","52","7892814.070","11100060.440"
"1","2009-16","5","88027714648","854604322420.00","0.052923","0.028249","0.025135","833","5038871864.350","13247540544.940"
"8","2009-16","5","643399212","2458597781.69","0.050075","0.041220","0.046595","54","62958989.270","71700288.420"
"4","2009-16","5","45983579275","453992322184.91","0.038424","0.030087","0.030805","708","2060266710.860","3610079738.790"
"2","2009-17","5","439557527","285199625.00","-0.015078","-0.015748","-0.014429","52","7768516.360","10939886.210"
"1","2009-17","5","74203091655","693229023206.00","-0.019683","-0.028661","-0.022559","832","4931054540.870","12866113509.210"
"8","2009-17","5","556118163","2097149359.39","-0.017090","-0.025885","-0.022051","54","61329239.420","70119206.230"
"4","2009-17","5","38480358690","365221896174.20","-0.026334","-0.027690","-0.029443","709","2007745239.220","3506010277.500"
"2","2009-18","4","279240837","183165225.00","0.001782","0.005816","0.003569","52","7813703.720","10978933.590"
"1","2009-18","4","46271596302","442289297298.00","0.010159","0.018861","0.012101","834","5088219233.570","13104488470.200"
"8","2009-18","4","338079265","1299832981.81","-0.013023","0.000779","-0.007453","54","61377032.840","69596568.320"
"4","2009-18","4","23368877990","217665261102.52","0.009582","0.013073","0.010477","708","2007961666.180","3498741007.430"
"2","2009-19","5","407993344","269575596.00","0.046267","0.038380","0.038307","52","8113595.720","11399505.820"
"1","2009-19","5","81215336055","782108912558.00","0.064685","0.060133","0.060739","832","5404602414.770","13903027061.810"
"8","2009-19","5","508735643","2114878769.53","0.055642","0.059586","0.056960","54","65034249.010","73560809.380"
"4","2009-19","5","40915778927","405537961418.95","0.063436","0.063292","0.061767","706","2171467027.440","3757166899.430"
"2","2009-20","5","400188347","267361133.00","0.029749","0.019286","0.014576","51","8158475.730","11454582.980"
"1","2009-20","5","67874106763","656948714573.00","0.005161","0.002133","0.007651","830","5440460670.680","13997424068.870"
"8","2009-20","5","421104125","1743443752.00","0.013850","0.035426","0.031616","54","67338216.990","75886538.850"
"4","2009-20","5","35399106217","345689665523.28","0.010126","0.007731","0.006106","710","2200054314.850","3784564110.220"
"2","2009-21","5","465841243","325372309.00","0.020565","0.017442","0.022933","51","8267615.030","11652436.550"
"1","2009-21","5","63817672091","639495702023.00","-0.004382","-0.017272","-0.018070","833","5519074832.150","13877551051.160"
"8","2009-21","5","460823840","1828790098.73","0.020262","0.011767","0.013183","54","68112029.770","76868342.220"
"4","2009-21","5","33765619851","338865255462.82","-0.007022","-0.013022","-0.010854","710","2184205174.560","3740771497.650"
"2","2009-22","3","269245009","164875977.00","0.017517","0.008695","0.003141","51","8321903.940","11671442.010"
"1","2009-22","3","32699072538","333068858710.00","0.005179","0.007082","0.014058","832","5637946806.740","14069717009.120"
"8","2009-22","3","265349100","1076769691.31","0.028690","0.037815","0.037536","54","70664704.810","79730748.400"
"4","2009-22","3","18339201618","189498396640.06","0.008720","0.007209","0.005391","707","2193073045.210","3711636343.490"
"2","2009-23","5","471379457","360080645.00","0.030437","0.045123","0.046888","52","8740358.310","12261829.450"
"1","2009-23","5","77281050893","809128302837.00","0.034189","0.055912","0.050929","834","5972964161.970","14732909535.840"
"8","2009-23","5","893204692","3807960916.72","0.108498","0.100292","0.099593","54","77570237.640","87489850.100"
"4","2009-23","5","36266075108","383828899591.16","0.062799","0.037818","0.041938","716","2294012506.660","3913708925.770"
"2","2009-24","5","498001103","328736330.00","0.014438","0.003502","-0.001495","53","8809127.430","12281236.760"
"1","2009-24","5","66792972036","670878388856.00","-0.006796","-0.008601","-0.002525","831","5767214745.550","14443167407.390"
"8","2009-24","5","869598128","3249261108.52","-0.016555","-0.025062","-0.026088","54","75328797.440","84910049.680"
"4","2009-24","5","33500211919","338444768192.10","-0.003882","-0.012658","-0.014074","715","2238437295.170","3830351211.900"
"2","2009-25","5","372113460","256544202.00","0.039367","0.032734","0.028421","53","8986839.300","12516794.920"
"1","2009-25","5","60853700697","631702589056.00","0.038144","0.052348","0.051132","832","6249314142.050","15386680679.230"
"8","2009-25","5","430746948","1839323450.08","0.043162","0.037527","0.037263","54","78040472.210","87864243.820"
"4","2009-25","5","30329713574","326289721411.90","0.035213","0.049380","0.044986","713","2428268645.860","4062516964.570"
"2","2009-26","5","317928864","236302317.00","0.007551","0.007942","0.005763","53","9035781.020","12566502.350"
"1","2009-26","5","65800618073","682121269324.00","0.008586","0.012702","0.019217","829","6351543767.040","15639198646.590"
"8","2009-26","5","540228130","2353463202.75","0.025832","0.036589","0.037871","54","80754437.370","91050290.430"
"4","2009-26","5","31364519535","335242298564.35","0.012463","0.011835","0.015369","714","2467282058.110","4134065146.410"
"2","2009-27","5","505941377","358739964.00","0.058835","0.069614","0.071376","53","9598540.720","13397185.780"
"1","2009-27","5","70897668499","790480673243.00","0.035703","0.055169","0.055371","829","6707066179.900","16507989741.680"
"8","2009-27","5","588554718","2535792769.22","0.065860","0.054815","0.057777","54","85124287.550","96254207.990"
"4","2009-27","5","35199197106","381794861899.38","0.024175","0.047540","0.045491","710","2581304490.730","4187963128.010"
"2","2009-28","5","427963204","347323103.00","0.007239","0.011914","0.016077","52","9555610.580","13454777.460"
"1","2009-28","5","84167275875","922813639457.00","0.042335","0.026331","0.008660","827","7656310421.570","16618228173.820"
"8","2009-28","5","705805581","3281669247.62","0.024360","-0.002539","-0.002521","54","84868706.350","95951564.770"
"4","2009-28","5","41016584860","459404757120.50","0.048055","0.043445","0.044251","713","2706018427.000","4398163238.060"
"2","2009-29","5","467762142","346339331.00","0.051315","0.039722","0.034635","53","10034622.560","14019603.310"
"1","2009-29","5","86545325277","971398911870.00","0.040568","0.028998","0.024660","829","7908456898.180","17079779749.940"
"8","2009-29","5","661881886","3116521507.39","0.055496","0.046499","0.049682","53","85848388.980","97743295.470"
"4","2009-29","5","43345712323","511307098868.30","0.040509","0.039675","0.041570","711","2790073167.520","4544111032.680"
"2","2009-30","5","529126166","450375608.00","0.005433","0.026579","0.033032","53","10301333.330","14482709.150"
"1","2009-30","5","91549490358","1088236065260.00","0.017410","0.034614","0.057843","827","8181517321.210","18056175347.480"
"8","2009-30","5","607441783","2957655861.07","0.005038","0.019610","0.017011","53","87388788.440","99262927.760"
"4","2009-30","5","44601914829","537592185793.64","0.014352","0.024566","0.019701","713","2871638898.440","4651515746.560"
"2","2009-31","5","605763318","553155032.00","0.013331","0.032849","0.043314","53","10635978.410","15106275.020"
"1","2009-31","5","106333760695","1221095292158.00","0.010341","0.023855","0.011790","830","8481813615.130","18499730175.850"
"8","2009-31","5","696996120","3478607626.88","0.001153","0.010030","0.009080","54","91009362.130","102905753.360"
"4","2009-31","5","46689356784","586151546207.23","0.009002","0.007720","0.010892","717","2966066800.380","4886474946.630"
"2","2009-32","5","514042084","460056945.00","-0.022313","-0.034940","-0.041775","52","10167807.800","14373972.640"
"1","2009-32","5","93765336580","1127189229354.00","-0.010285","-0.040812","-0.044664","832","8273237500.110","17684247562.030"
"8","2009-32","5","668623103","3723386139.23","-0.020542","-0.019503","-0.020415","54","89234365.540","100804835.560"
"4","2009-32","5","45909448551","577424682582.09","-0.005748","-0.026496","-0.027782","716","2896612065.400","4747435532.760"
"2","2009-33","5","388462303","325616828.00","-0.051551","-0.036038","-0.032407","51","9550139.290","13656080.100"
"1","2009-33","5","60374869633","715900711277.00","-0.074566","-0.064747","-0.065658","832","7743496321.740","16487048823.360"
"8","2009-33","5","480682327","2487738406.36","-0.055149","-0.047062","-0.048208","54","85034799.010","95945144.170"
"4","2009-33","5","28904532281","363642347913.14","-0.076279","-0.059525","-0.059216","714","2742623209.140","4481181696.990"
"2","2009-34","5","422741688","344022099.00","-0.019022","-0.023660","-0.022943","51","9324179.140","13342763.820"
"1","2009-34","5","57838192194","635313021850.00","-0.039144","-0.038336","-0.028410","834","7521678574.250","16149692666.450"
"8","2009-34","5","507386637","2401690380.67","-0.022133","-0.025748","-0.023440","54","82804039.040","93645157.230"
"4","2009-34","5","27906008430","317841172134.36","-0.035342","-0.039889","-0.042811","722","2646421648.380","4306897377.650"
"2","2009-35","5","472466201","339854076.00","0.024275","0.002904","-0.003811","51","9351261.900","13291913.250"
"1","2009-35","5","65360699833","720196786743.00","0.019104","-0.032560","-0.034058","833","7286123567.960","15602861668.900"
"8","2009-35","5","427131665","2109589027.30","0.007236","-0.010065","-0.007467","54","81970573.000","92945842.610"
"4","2009-35","5","32877615558","382035791514.78","0.022221","-0.004984","-0.005810","724","2648058281.670","4302857688.540"
"2","2009-36","5","352549014","274797036.00","-0.012964","-0.013678","-0.010030","53","9542035.830","13478455.040"
"1","2009-36","5","55547824819","593779594629.00","-0.007360","0.003842","0.000464","833","7337576036.090","15629480960.430"
"8","2009-36","5","438245161","2096854461.11","0.005111","0.012798","0.010255","54","83019639.710","93899027.830"
"4","2009-36","5","26737079953","301642642964.57","-0.012289","-0.004355","-0.006741","730","2643098691.050","4294039560.910"
"2","2009-37","5","371268463","276630867.00","0.039053","0.037192","0.036039","53","9896923.680","13964215.840"
"1","2009-37","5","61529553194","701698696510.00","0.042954","0.047855","0.045039","832","7693246018.030","16328807738.860"
"8","2009-37","5","378364767","2092635648.70","0.040161","0.044612","0.043895","54","86723324.910","98020734.960"
"4","2009-37","5","31779736388","395401036897.69","0.067026","0.049516","0.052405","735","2785557571.550","4548377989.180"
"2","2009-38","5","417793694","295587279.00","0.002391","0.004200","0.005243","53","9938498.420","14037432.470"
"1","2009-38","5","76023379917","843064617480.00","0.025502","-0.006372","-0.007974","833","7672661809.800","16177796250.990"
"8","2009-38","5","465298171","2123212350.91","0.019809","-0.001229","-0.000624","54","86608729.820","97951536.470"
"4","2009-38","5","39983621427","484404479553.09","0.034639","0.013975","0.013584","736","2829843211.080","4613067755.350"
"2","2009-39","5","250034284","193435610.00","-0.023247","-0.024303","-0.022107","52","9534738.980","13564512.000"
"1","2009-39","5","54314162705","591079827134.00","-0.054054","-0.042797","-0.041512","831","7391396495.800","15574800047.190"
"8","2009-39","5","343198628","1652914099.26","-0.024149","-0.027196","-0.026015","54","84253272.310","95403250.190"
"4","2009-39","5","27807301318","334126916410.75","-0.049893","-0.052359","-0.052675","733","2674450770.470","4360517505.870"
"2","2009-40","3","118545553","90438889.00","-0.034553","-0.028037","-0.026612","53","9429012.840","13365361.330"
"1","2009-40","3","20908792486","217312028264.00","-0.041099","-0.021154","-0.021093","835","7262343417.490","15290298509.180"
"8","2009-40","3","150518920","725490369.97","-0.019274","-0.012341","-0.013557","54","83213417.140","94109772.240"
"4","2009-40","3","11087369559","125662053607.87","-0.041886","-0.027686","-0.028488","739","2613353884.090","4251101284.870"
"2","2009-41","1","52951137","49007716.00","0.033450","0.035964","0.037496","52","9735487.910","13833831.070"
"1","2009-41","1","8501704406","92833296737.00","0.051480","0.049104","0.048035","825","7571182877.740","15911143798.900"
"8","2009-41","1","66403922","383922065.48","0.032628","0.034833","0.034664","52","84926836.550","96187012.250"
"4","2009-41","1","4280046341","52017883495.65","0.050610","0.052366","0.052026","727","2694451304.710","4395914945.020"
"2","2009-42","5","224250731","192592177.00","0.016994","0.017456","0.021155","53","9937485.140","14158658.480"
"1","2009-42","5","48641256375","543967202770.00","0.040278","0.025866","0.022179","840","8523837879.130","16420738933.690"
"8","2009-42","5","366474844","1842236592.17","0.025912","0.010658","0.011167","53","86026147.430","97455409.490"
"4","2009-42","5","25115536059","305647770557.78","0.042719","0.031752","0.032514","738","2802533035.740","4577072506.890"
"2","2009-43","5","262663531","253066771.00","0.029448","0.043427","0.051549","53","10369040.780","14888532.360"
"1","2009-43","5","63875531117","738011049913.00","0.047736","0.044978","0.044376","841","8898253976.950","17112453806.810"
"8","2009-43","5","472306038","2490564621.65","0.045001","0.039301","0.038845","53","89901122.660","101734900.020"
"4","2009-43","5","36583545411","450654043610.29","0.054539","0.058241","0.056197","743","3021105027.010","4894512067.640"
"16","2009-44","1","434170679","21908391264.92","","","","28","25069048.000","139967399.580"
"2","2009-44","5","218633611","222945811.00","-0.023970","-0.020691","-0.019290","53","10154484.560","14601327.970"
"1","2009-44","5","54957410076","618552657877.00","-0.025079","-0.034113","-0.036036","840","9896193108.790","16507417101.850"
"8","2009-44","5","425716926","2247288953.42","-0.018308","-0.017073","-0.018667","52","87906177.460","99376462.070"
"4","2009-44","5","32053982158","399250347352.26","-0.022155","-0.026064","-0.029740","741","2937578483.150","4737839975.330"
"16","2009-45","5","569285720","25374074020.37","-0.108929","-0.111244","-0.114358","28","22280263.360","123960936.880"
"2","2009-45","5","334590339","324328562.00","0.049910","0.058758","0.067007","53","10751151.060","15579729.450"
"1","2009-45","5","73881931463","823171338871.00","0.079421","0.059908","0.056341","840","10490924622.970","17460200990.220"
"8","2009-45","5","563757090","2685477429.10","0.059511","0.046084","0.047444","53","92446860.830","104581549.800"
"4","2009-45","5","42665008521","523220604923.22","0.077634","0.069203","0.067804","744","3131962243.100","5104469626.800"
"16","2009-46","5","336374499","14395855818.28","0.045590","0.031401","0.025020","28","22979908.800","127062454.440"
"2","2009-46","5","710020424","616638515.00","0.129652","0.141198","0.155616","53","12269194.310","18004200.570"
"1","2009-46","5","69053989276","780155716020.00","0.030813","0.011267","0.007026","840","10649015371.340","17584290612.830"
"8","2009-46","5","894816613","4736926833.87","0.128603","0.111428","0.116414","53","102748092.590","116756395.050"
"4","2009-46","5","37804957242","469778762270.16","0.031733","0.025185","0.024483","742","3187517550.860","5181647635.510"
"16","2009-47","5","428912615","19635769378.81","0.121379","0.099982","0.096644","28","25277503.040","139342314.470"
"2","2009-47","5","1110587322","993542324.00","0.078359","0.046527","0.046871","53","12840052.410","18848082.160"
"1","2009-47","5","86466804094","993046386217.00","0.056294","0.037456","0.038320","840","10998384240.290","18252414191.690"
"8","2009-47","5","1201520124","6473507845.91","0.065059","0.023555","0.032159","53","105168361.650","120511245.230"
"4","2009-47","5","46884198861","597601743350.27","0.060832","0.047162","0.049217","742","3388786292.990","5495488581.930"
"16","2009-48","5","408109798","20165827695.40","0.025161","0.036601","0.032485","28","26202692.080","143868955.100"
"2","2009-48","5","910730522","809134894.00","-0.092926","-0.093588","-0.096550","53","11638366.510","17028291.780"
"1","2009-48","5","96644414056","1133419611297.00","-0.065745","-0.063997","-0.064117","843","10373167895.440","17218837640.950"
"8","2009-48","5","1043584126","5627085817.82","-0.069364","-0.076133","-0.077665","54","97602433.830","111591811.370"
"4","2009-48","5","53489999614","691671168639.42","-0.061935","-0.063646","-0.061114","749","3185955130.540","5196544529.230"
"16","2009-49","5","475627551","24911896882.10","0.038241","0.031268","0.029179","28","27022009.600","148066978.330"
"2","2009-49","5","541916237","508556868.00","0.057860","0.073920","0.081457","53","12498678.170","18415374.750"
"1","2009-49","5","84893729106","998454606852.00","0.072122","0.069709","0.071546","844","11168814725.140","18472520919.210"
"8","2009-49","5","726392467","3925032228.58","0.061149","0.070752","0.069093","54","104303809.080","119097872.970"
"4","2009-49","5","45178738285","603451727932.54","0.069623","0.071878","0.069772","753","3435061719.900","5581203571.280"
"16","2009-50","5","378898224","20005066112.50","-0.005437","-0.016514","-0.016132","28","26575745.680","145678329.010"
"2","2009-50","5","287200908","288176650.00","0.009558","-0.001019","-0.003615","53","12464939.520","18327794.950"
"1","2009-50","5","57501405527","689074885307.00","0.003592","-0.018286","-0.021076","841","11065272097.500","18084430076.010"
"8","2009-50","5","411473347","2318498033.97","0.011701","0.008272","0.007084","54","105166641.650","119941587.030"
"4","2009-50","5","32045162528","431814690629.15","0.012774","0.004654","0.003775","759","3483836669.520","5694251070.380"
"16","2009-51","5","245157288","11830154487.46","-0.095963","-0.087500","-0.086067","28","24250364.400","133140127.410"
"2","2009-51","5","293204917","301702563.00","-0.053790","-0.058047","-0.062111","53","11741374.980","17189429.450"
"1","2009-51","5","52818231300","626824351822.00","-0.066428","-0.039330","-0.041008","842","10648640593.530","17407950346.650"
"8","2009-51","5","418818203","2324968982.90","-0.091751","-0.080135","-0.081405","54","96739032.800","110177683.210"
"4","2009-51","5","27798128627","378009082915.02","-0.075051","-0.073607","-0.075731","765","3246390421.520","5284522924.670"
"16","2009-52","5","308108634","13274378694.32","-0.025311","-0.029953","-0.029799","36","29206625.600","157449367.680"
"2","2009-52","5","246796499","264202997.00","0.031362","0.028037","0.030167","53","12070571.370","17707999.160"
"1","2009-52","5","42419107012","503598861428.00","0.030997","0.013745","0.008548","843","10851900934.390","17556803516.040"
"8","2009-52","5","300447410","1682038646.63","0.054738","0.042129","0.043422","54","100814616.530","114961914.500"
"4","2009-52","5","22368947468","308602009764.83","0.042389","0.039423","0.037228","769","3384132714.040","5479471098.530"
"16","2009-53","4","269859121","11309433878.44","0.031309","0.023640","0.022604","36","29897084.400","161008350.280"
"2","2009-53","4","177977888","165289557.00","0.021020","0.021836","0.021512","53","12334147.100","18088951.670"
"1","2009-53","4","43802090757","523277877605.00","0.028267","0.042785","0.043756","838","11299281081.870","18302160897.480"
"8","2009-53","4","257362181","1334321543.89","0.021995","0.031624","0.030152","54","104002322.290","118427862.350"
"4","2009-53","4","21810008931","302392765149.34","0.028476","0.030219","0.029320","766","3463254575.460","5599800826.450"
"16","2010-02","5","324110312","13977591803.33","-0.055542","-0.057508","-0.058167","42","32683159.760","173891889.090"
"2","2010-02","5","306768076","321089332.00","0.003669","0.005364","0.008944","53","12400313.770","18250746.880"
"1","2010-02","5","58317667174","730448785193.00","-0.002571","-0.026567","-0.025121","843","11018862165.530","17886471828.850"
"8","2010-02","5","403119631","2321759811.32","-0.007761","-0.011305","-0.013467","54","102826536.090","116832992.760"
"4","2010-02","5","32316623830","458917217259.16","0.004185","-0.011657","-0.010195","766","3422758107.690","5545072657.750"
"16","2010-03","5","378425672","16804943361.65","0.068208","0.066908","0.065190","42","34869937.520","185228009.360"
"2","2010-03","5","387567216","365455374.00","0.035934","0.024547","0.021162","53","12704715.230","18636976.200"
"1","2010-03","5","68794670230","865787958211.00","0.046085","0.008021","0.008686","844","11720116239.820","18020181878.750"
"8","2010-03","5","484998986","2725470534.07","0.029733","0.028820","0.030124","53","93119747.270","107666078.600"
"4","2010-03","5","37878641553","546047873051.89","0.052503","0.032167","0.031683","775","3572566344.910","5808410828.340"
"16","2010-04","5","393284925","17703090155.27","-0.096587","-0.115995","-0.116564","50","36128143.040","189695226.960"
"2","2010-04","5","474990059","519754054.00","-0.010629","-0.009040","-0.011675","53","12589853.270","18419381.430"
"1","2010-04","5","67059959803","827220379160.00","-0.031580","-0.028734","-0.029757","847","11410881171.160","17590112057.910"
"8","2010-04","5","452409453","2733838171.61","-0.034124","-0.040146","-0.039771","54","101202311.080","115209620.110"
"4","2010-04","5","36088756479","501785566400.91","-0.049821","-0.051905","-0.052612","779","3399896305.140","5535752813.350"
"16","2010-05","5","276030155","11706060109.02","-0.046691","-0.029541","-0.028306","50","35060864.720","184325550.210"
"2","2010-05","5","287240456","326300875.00","-0.055223","-0.058048","-0.060936","53","11859032.210","17296965.660"
"1","2010-05","5","39939040564","473811000826.00","-0.042583","-0.046872","-0.044784","847","10895325776.700","16836037838.370"
"8","2010-05","5","292292855","1665097868.63","-0.036508","-0.025416","-0.027065","54","98630083.740","112091456.470"
"4","2010-05","5","22624147942","302344842843.97","-0.036948","-0.032707","-0.035336","787","3325215101.050","5422529237.780"
"16","2010-06","5","396703437","15402716692.54","-0.050358","-0.043968","-0.039966","50","38516135.100","176958760.810"
"2","2010-06","5","275207884","291939904.00","-0.004257","-0.011653","-0.011592","53","11720834.340","17096441.410"
"1","2010-06","5","46609671345","543983158887.00","-0.008765","-0.014274","-0.016596","851","10788805112.630","16583866864.090"
"8","2010-06","5","283448039","1508510689.93","-0.019637","-0.033208","-0.032364","54","95354732.100","108463676.830"
"4","2010-06","5","28161810193","361962824733.46","-0.016677","-0.016035","-0.020297","795","3286933994.150","5345988220.320"
"16","2010-07","5","347201660","14090968111.32","0.088294","0.103548","0.096302","54","44461818.300","203766742.760"
"2","2010-07","5","183139057","237642368.00","0.022618","0.043904","0.056207","53","12235437.080","18057383.850"
"1","2010-07","5","29207683240","338491950736.00","0.024520","0.026480","0.026685","848","11069652985.840","17044236583.120"
"8","2010-07","5","190304321","1046372257.46","0.038751","0.029788","0.032456","54","98195241.900","111984000.120"
"4","2010-07","5","17159427254","225978865654.14","0.033886","0.029231","0.031126","805","3393089397.870","5646691508.920"
"16","2010-09","5","490139575","20274022238.97","0.061600","0.060320","0.058539","58","50499115.600","232450671.270"
"2","2010-09","5","212847944","227509726.00","0.019035","0.015086","0.013082","53","12420026.740","18293627.600"
"1","2010-09","5","46065555499","541414311422.00","0.047182","0.013287","0.011276","851","11251430162.910","17388828739.050"
"8","2010-09","5","273788460","1612326096.21","0.016578","0.021121","0.020059","54","100269232.520","114230356.870"
"4","2010-09","5","27073973854","359048876422.37","0.054292","0.037523","0.036884","805","3529979343.450","5854967955.770"
"16","2010-10","5","489310281","21706923890.55","-0.012987","0.001026","-0.001541","58","50550961.300","232092350.160"
"2","2010-10","5","269349891","284405128.00","0.004785","-0.006702","-0.009919","53","12336781.980","18112166.660"
"1","2010-10","5","54947309837","641144988455.00","-0.003763","-0.005935","-0.006552","846","10987490936.620","16960444486.970"
"8","2010-10","5","338772347","2100377607.39","0.004028","0.016350","0.012881","54","101908723.650","115701814.840"
"4","2010-10","5","34520215795","463190969807.55","-0.004484","-0.008931","-0.009753","811","3511049522.220","5822489383.220"
"16","2010-11","5","489193854","21938629982.40","0.056661","0.039878","0.041452","58","52562826.700","241692934.050"
"2","2010-11","5","208213002","218150197.00","-0.014888","-0.018318","-0.020379","53","12110793.290","17743044.540"
"1","2010-11","5","40721568235","478030175707.00","-0.018004","-0.006287","-0.005674","846","10935629015.060","16940693630.950"
"8","2010-11","5","270542732","1684208844.20","-0.001509","0.004293","0.003507","54","102346310.580","116107678.840"
"4","2010-11","5","24391867835","332856278855.50","-0.013136","-0.018005","-0.014094","813","3453433541.680","5755787634.040"
"16","2010-12","5","466017841","20715949172.84","0.020671","0.031396","0.030346","61","56758473.200","261648673.860"
"2","2010-12","5","198318036","200735394.00","0.028274","0.027062","0.026693","53","12438541.150","18216676.090"
"1","2010-12","5","38834059121","460105045297.00","0.036607","0.020560","0.018090","850","11451546758.110","17536413444.710"
"8","2010-12","5","324438219","1903070388.03","0.024832","0.023274","0.024374","54","104672454.270","118881894.880"
"4","2010-12","5","22979771422","316620197733.13","0.039662","0.029341","0.029948","818","3562166091.680","5943368454.650"
"16","2010-13","5","736506143","34007827898.71","0.051518","0.071806","0.068713","65","65293783.400","294383726.830"
"2","2010-13","5","212716934","217613864.00","0.001137","-0.000047","-0.001952","53","12437955.230","18181100.590"
"1","2010-13","5","45977405436","538433704356.00","0.004170","0.000124","-0.002367","848","11457766638.490","17499522022.210"
"8","2010-13","5","331117215","1951515233.56","0.000093","-0.010346","-0.008662","54","103589474.080","117852042.140"
"4","2010-13","5","27294548663","383716493516.21","0.010131","0.000986","0.002032","819","3564859652.110","5940751964.720"
"16","2010-14","5","800823897","39024773891.91","0.049741","0.046161","0.049310","65","68307869.900","308900098.990"
"2","2010-14","5","242321997","297762316.00","0.018738","0.037462","0.048534","53","12903914.990","19063512.140"
"1","2010-14","5","58261535592","705208559794.00","0.034968","0.032660","0.032120","853","11851222858.440","18134597253.740"
"8","2010-14","5","339904462","2018521225.75","0.030488","0.029150","0.027937","54","106609204.890","121144550.320"
"4","2010-14","5","31711323156","472229907953.95","0.041154","0.040213","0.041664","825","3736989269.170","6228536388.260"
"16","2010-15","4","572890956","29159419747.86","0.062047","0.072328","0.070680","65","74497395.100","330733323.820"
"2","2010-15","4","238002476","272998290.00","0.008296","0.011076","0.015781","53","13046847.000","19364355.890"
"1","2010-15","4","43802559680","545264514000.00","0.016122","-0.003312","-0.003586","853","11819277561.460","18070008564.930"
"8","2010-15","4","347670415","2320916470.38","0.017739","0.010938","0.015249","52","106715804.780","120850476.070"
"4","2010-15","4","26708509196","407207476319.99","0.023281","0.009053","0.010282","826","3776643471.100","6335792881.020"
"16","2010-16","5","711260427","37129321607.59","-0.095555","-0.090598","-0.090941","65","67730715.400","300586935.770"
"2","2010-16","5","321843812","331910529.00","-0.009442","-0.010989","-0.010144","53","12903464.130","19167912.300"
"1","2010-16","5","57236097602","735064471915.00","-0.006976","-0.007281","-0.004646","854","11754539081.080","17994728222.170"
"8","2010-16","5","498286810","3152805097.43","0.002403","-0.006426","-0.004910","53","106305019.130","120532449.930"
"4","2010-16","5","37021078876","556649021668.63","-0.013800","-0.007981","-0.014138","831","3777715776.760","6280175468.840"
"16","2010-17","5","778767746","39913968958.23","0.014836","0.009489","0.012043","70","78426850.300","346416587.610"
"2","2010-17","5","288294040","328303024.00","-0.027146","-0.007283","0.003963","53","12809478.750","19243887.150"
"1","2010-17","5","56976370451","714183993919.00","-0.019575","-0.045979","-0.047783","849","10985882614.640","16885087246.860"
"8","2010-17","5","540950463","3359944601.71","-0.028509","-0.035433","-0.032559","53","102538255.460","116607949.110"
"4","2010-17","5","37345030156","544800720561.37","-0.005419","-0.023127","-0.022046","834","3731680566.600","6167709059.420"
"16","2010-18","5","686186693","36533618890.98","-0.115956","-0.123807","-0.121537","78","78420975.020","352572324.880"
"2","2010-18","5","325572045","383625595.00","-0.083464","-0.024511","-0.000510","53","12161424.790","18499990.350"
"1","2010-18","5","45599051615","567841216926.00","-0.080165","-0.038828","-0.038242","854","10737756299.370","16280165664.300"
"8","2010-18","5","367025932","2234647193.36","-0.054475","-0.025804","-0.030897","53","99892302.000","113005044.030"
"4","2010-18","5","28738989026","416826630833.42","-0.093913","-0.074609","-0.075926","835","3464585086.760","5704016538.430"
"16","2010-19","4","495009378","24819333733.40","-0.004919","-0.011074","-0.008854","78","77532842.700","349368937.320"
"2","2010-19","4","202050506","265128487.00","-0.060043","-0.098936","-0.117662","53","10958219.530","16323236.990"
"1","2010-19","4","34407549367","412810748921.00","-0.033578","-0.057902","-0.063259","851","10335150886.660","15478364047.320"
"8","2010-19","4","297584159","1844136361.82","-0.060225","-0.060443","-0.063104","53","93835598.230","105854971.280"
"4","2010-19","4","19673099699","281586270933.71","-0.023965","-0.045950","-0.046380","837","3313446099.050","5508717091.300"
"16","2010-20","5","529645352","21687029050.93","-0.074601","-0.074600","-0.075291","78","72202417.300","322870031.790"
"2","2010-20","5","209427671","247001855.00","-0.008972","0.010955","0.028700","53","11009267.260","16590719.960"
"1","2010-20","5","40664679805","458628490833.00","-0.028004","0.003254","0.002989","851","10355526789.500","15463075070.130"
"8","2010-20","5","293354583","1680139490.46","-0.007417","0.002680","0.001816","53","93930115.450","105890266.060"
"4","2010-20","5","23049952568","304214679979.73","-0.036143","-0.018178","-0.023864","839","3246193346.190","5369065845.700"
"16","2010-21","5","592477946","22681324994.99","-0.000381","0.016661","0.014700","82","76637308.400","343729694.460"
"2","2010-21","5","207282684","234825055.00","-0.079571","-0.085322","-0.092767","53","10069927.380","15051641.770"
"1","2010-21","5","38498620658","406855845392.00","-0.059368","-0.040399","-0.041778","848","10003849351.660","14802734463.950"
"8","2010-21","5","293025581","1521653440.62","-0.083288","-0.067577","-0.068040","53","87490471.420","98593368.830"
"4","2010-21","5","22592715951","283759231263.54","-0.050098","-0.034851","-0.032052","841","3132632722.120","5216185695.280"
"16","2010-22","5","897510275","34168854611.11","0.077579","0.075510","0.074466","86","86247142.600","383459499.990"
"2","2010-22","5","230192277","239571196.00","0.047777","0.034614","0.034876","53","10418496.120","15576585.490"
"1","2010-22","5","44700643041","492193617669.00","0.061942","0.031495","0.031440","849","10304578868.990","15222377553.420"
"8","2010-22","5","299906623","1576312056.81","0.070522","0.058766","0.059846","52","92465094.380","104326794.740"
"4","2010-22","5","27544970509","364383602406.62","0.067757","0.052966","0.053407","848","3314954838.440","5574365182.000"
"16","2010-23","5","772210160","28551464575.28","-0.012211","-0.009504","-0.011049","86","85405539.800","379135319.510"
"2","2010-23","5","157198088","173478455.00","-0.025932","-0.006735","0.003506","53","10321923.570","15604797.880"
"1","2010-23","5","34272547107","370634828343.00","-0.037871","-0.037362","-0.035473","847","9908615501.020","14635285525.220"
"8","2010-23","5","208066229","1097077127.00","-0.017594","-0.007983","-0.008695","52","91726882.090","103419650.370"
"4","2010-23","5","22750835840","304082114654.60","-0.029235","-0.029107","-0.028675","855","3230901348.260","5472216608.510"
"16","2010-24","5","1179617161","42116523713.98","0.096943","0.091938","0.092050","86","93238955.140","413961361.520"
"2","2010-24","5","182718018","226995457.00","0.040033","0.055822","0.061494","53","10808805.320","16475100.550"
"1","2010-24","5","36403750301","395098676045.00","0.024231","0.004802","0.006678","850","9963186329.190","14742206766.280"
"8","2010-24","5","212297149","1094108700.29","0.017236","-0.003537","-0.001257","52","91335677.030","103170782.450"
"4","2010-24","5","26279417647","351205980333.70","0.036622","0.023131","0.027449","865","3336179214.830","5690369162.950"
"16","2010-25","2","339493451","12585130683.71","-0.106994","-0.109743","-0.111538","85","82166248.860","364480248.530"
"2","2010-25","2","73193842","87168155.00","-0.032001","-0.025591","-0.024973","53","10490195.420","16021660.530"
"1","2010-25","2","12144355414","133896437487.00","-0.042133","-0.022304","-0.021867","844","9540321359.540","14157628295.790"
"8","2010-25","2","80763049","490866494.94","-0.022327","-0.008917","-0.010370","52","90515748.840","102095395.080"
"4","2010-25","2","8903519941","122126949189.02","-0.053018","-0.046359","-0.049727","867","3187254211.820","5418979361.710"
"16","2010-26","5","710969419","25303704888.58","0.022076","0.016201","0.014911","90","87802832.640","387382608.870"
"2","2010-26","5","171598040","219065654.00","0.043065","0.065298","0.070502","53","11079676.180","17055713.870"
"1","2010-26","5","29823214819","310700341685.00","0.015356","0.019901","0.017208","848","9929044695.140","14648000552.480"
"8","2010-26","5","240921874","1328395037.10","0.040122","0.052223","0.049687","52","94801478.610","106632325.890"
"4","2010-26","5","21221922915","265647521244.93","0.019901","0.017379","0.016092","874","3277678473.710","5547999507.720"
"16","2010-27","5","696678791","23046613108.58","-0.125088","-0.140517","-0.139233","90","75894629.000","333445924.420"
"2","2010-27","5","165153222","212117751.00","-0.055270","-0.067171","-0.071543","53","10301152.420","15750525.860"
"1","2010-27","5","28880513541","274293787746.00","-0.105760","-0.068105","-0.066147","849","9260873330.000","13692175418.430"
"8","2010-27","5","206001253","1134601802.71","-0.057367","-0.043891","-0.045911","51","90310456.200","101407159.730"
"4","2010-27","5","19087541096","227267759195.70","-0.104331","-0.098594","-0.099559","872","2958765474.380","4994129156.120"
"16","2010-28","5","710703626","21331819499.30","0.060490","0.066593","0.065178","93","82703294.980","363943148.780"
"2","2010-28","5","174988037","168966427.00","0.056560","0.062352","0.063841","53","10943456.110","16756066.200"
"1","2010-28","5","30409766852","282251294557.00","0.058187","0.042146","0.038928","846","9397478820.590","13963672065.370"
"8","2010-28","5","212502135","1195124571.42","0.057265","0.072197","0.069040","50","93638491.900","105193966.700"
"4","2010-28","5","20886798526","245901529384.76","0.062557","0.066867","0.064593","876","3094745495.720","5260647795.820"
"16","2010-29","5","728293200","22405509444.42","-0.042662","-0.043873","-0.044635","93","79070302.000","347680010.710"
"2","2010-29","5","199282542","179105926.00","0.007934","-0.000078","-0.004324","53","10880818.920","16621829.460"
"1","2010-29","5","39653523037","342158952868.00","-0.005286","-0.018105","-0.018788","849","9286023400.420","14571825378.210"
"8","2010-29","5","248256582","1442632702.69","0.002049","0.006666","0.005486","50","94075943.480","105584297.490"
"4","2010-29","5","23237341896","277322279814.38","-0.013953","-0.010495","-0.014068","885","3071851954.620","5217424572.810"
"16","2010-30","5","732667738","23708257929.50","0.074002","0.075567","0.075415","93","86296560.960","373900413.370"
"2","2010-30","5","248315675","221342039.00","0.054377","0.054443","0.051262","52","11098811.260","17100340.380"
"1","2010-30","5","53950937679","492314183630.00","0.072759","0.065659","0.061843","848","9890949543.760","15444388497.080"
"8","2010-30","5","334081839","1834802984.87","0.052552","0.058687","0.057115","51","99804897.240","111822217.480"
"4","2010-30","5","30611111891","377249275367.36","0.071728","0.073648","0.073321","888","3318264899.290","5611278396.220"
"16","2010-31","5","870095405","28754598031.73","0.012890","0.008280","0.008970","97","90313571.300","386636017.010"
"2","2010-31","5","236530767","225599984.00","0.033015","0.028939","0.025579","52","11406803.330","17511239.160"
"1","2010-31","5","54044334537","519484827701.00","0.042188","0.027052","0.025234","842","10147147893.360","15804989919.150"
"8","2010-31","5","335289914","1863927067.50","0.034326","0.040749","0.039608","52","106584730.970","118961032.730"
"4","2010-31","5","33640741297","411198019369.38","0.042487","0.040243","0.037884","888","3453648077.790","5822759556.210"
"16","2010-32","5","974860802","33295315434.47","0.037769","0.044363","0.043522","100","97317776.400","415016003.570"
"2","2010-32","5","302375256","276597622.00","0.028793","0.026623","0.027669","49","11339019.140","17513391.900"
"1","2010-32","5","58445737968","590388802520.00","0.035138","0.010332","0.007911","843","10263346355.340","15954851691.060"
"8","2010-32","5","362895756","2016751445.67","0.015445","-0.006300","-0.003767","51","105708834.800","118308132.920"
"4","2010-32","5","37067850892","471464784121.14","0.036747","0.030055","0.029998","893","3580711091.630","6031068287.780"
"16","2010-33","5","1066834536","38203978467.23","0.003169","-0.004204","-0.004363","102","99101166.300","425185221.840"
"2","2010-33","5","289275985","275581917.00","0.006656","0.008871","0.008427","49","11385983.520","17607356.200"
"1","2010-33","5","51251912546","530358559959.00","-0.005695","-0.018975","-0.020042","841","10056756566.720","15619461070.040"
"8","2010-33","5","353327286","2094932729.76","-0.004553","0.011322","0.008612","51","106899339.120","119311006.430"
"4","2010-33","5","33368235205","445969719676.98","-0.002451","-0.005327","-0.004444","893","3592208815.370","6013166378.320"
"16","2010-34","5","1002207142","36760251166.62","-0.009904","-0.011147","-0.010777","105","101676606.600","435144809.740"
"2","2010-34","5","271457426","278518805.00","0.004308","0.002099","0.001349","50","11517578.310","17846436.110"
"1","2010-34","5","62665468709","639321705937.00","0.010556","0.013099","0.013966","843","10242983727.440","16010281368.600"
"8","2010-34","5","349365641","2088436738.58","0.008373","-0.002302","-0.002658","51","106653186.480","118993745.940"
"4","2010-34","5","38853796464","527014320910.74","0.014111","0.016672","0.015416","896","3672630279.870","6134772661.430"
"16","2010-35","5","942296991","34830282734.61","-0.002766","0.002118","0.001850","112","107027917.210","465502623.620"
"2","2010-35","5","655526792","581548819.00","0.070171","0.039377","0.031016","51","12129129.990","18556717.900"
"1","2010-35","5","44930068795","459118109476.00","0.009035","-0.012504","-0.012771","843","10125473272.100","15812687238.390"
"8","2010-35","5","599614167","3304985907.36","0.043758","0.022827","0.028228","52","109232195.720","122497822.680"
"4","2010-35","5","31000260695","414846369118.59","0.015706","0.010081","0.010169","895","3720365539.120","6186932499.970"
"16","2010-36","5","1287769111","48837129688.51","0.040570","0.043166","0.045521","117","117357152.480","513780174.160"
"2","2010-36","5","479774009","493412952.00","0.022163","0.017755","0.018082","52","12448658.630","18996471.140"
"1","2010-36","5","59726973441","668795926684.00","0.045649","0.021425","0.016828","848","10594904592.600","16337255652.370"
"8","2010-36","5","549810505","3341807594.59","0.047520","0.056064","0.059144","51","113547015.800","127928437.460"
"4","2010-36","5","41559114914","609023545635.00","0.052088","0.046478","0.045053","901","3972271360.060","6562092634.440"
"16","2010-37","5","1061079417","38599643189.69","-0.001849","-0.008050","-0.011053","117","116408290.070","508085055.060"
"2","2010-37","5","344719139","331640734.00","0.005620","0.000668","-0.000963","52","12456984.960","18978168.070"
"1","2010-37","5","61254340740","702859921094.00","0.011778","0.002578","0.002972","845","10616003039.590","16371043803.290"
"8","2010-37","5","473765343","2829532814.93","0.004583","0.002296","0.003337","51","113807784.730","128355350.780"
"4","2010-37","5","41123530156","584456547140.10","0.005773","0.009206","0.008216","907","4025003252.730","6661456883.750"
"16","2010-38","5","933555386","33104807056.99","-0.062575","-0.063252","-0.060679","120","111058573.350","487275386.990"
"2","2010-38","5","345822680","319956417.00","-0.016930","-0.022413","-0.024900","52","12177772.810","18505600.550"
"1","2010-38","5","55938246999","641299248161.00","-0.018718","-0.022891","-0.022254","842","10346883838.780","15949289606.580"
"8","2010-38","5","486807536","3151134175.70","-0.007336","0.013296","0.013568","52","117057019.230","131833337.850"
"4","2010-38","5","36750430895","527753266603.94","-0.025797","-0.022808","-0.024962","913","3958256065.390","6538053757.520"
"16","2010-39","2","239986980","8323631836.67","-0.040609","-0.041545","-0.044030","119","105737263.600","463021537.320"
"2","2010-39","2","78409827","75092713.00","0.003990","0.006659","0.006497","52","12258864.470","18625834.000"
"1","2010-39","2","13678682731","155617069478.00","-0.007207","-0.001558","-0.002449","838","10330964859.110","15885552785.630"
"8","2010-39","2","145041628","890635457.29","0.011092","0.011671","0.012408","52","118423262.010","133469140.620"
"4","2010-39","2","9387270847","130787334021.53","-0.015529","-0.009454","-0.009572","913","3924748080.100","6488022411.150"
"16","2010-40","4","507506240","18845168358.90","0.005938","0.007700","0.007423","122","111189740.940","495776027.040"
"2","2010-40","4","211097026","205646632.00","0.032743","0.032467","0.033632","52","12656876.910","19252265.500"
"1","2010-40","4","34605014155","417137092680.00","0.024629","0.024028","0.024760","848","10737785158.170","16399349132.740"
"8","2010-40","4","400873415","2599500714.65","0.047558","0.049247","0.055949","52","124255342.040","140936667.370"
"4","2010-40","4","20464854685","295091613597.57","0.023032","0.025155","0.022279","922","4047384701.670","6673604888.580"
"16","2010-41","1","151118820","5272913519.59","0.021535","0.021322","0.021899","121","112955535.050","502314176.700"
"2","2010-41","1","103899087","126898790.00","0.009077","0.020833","0.025522","52","12920566.560","19743625.790"
"1","2010-41","1","13472055239","166763975875.00","0.025430","0.029915","0.031548","843","11057510407.880","16891494268.010"
"8","2010-41","1","147693997","1026305971.51","0.019606","0.028189","0.026511","51","127017455.580","143933781.760"
"4","2010-41","1","7323120245","107377770192.85","0.024209","0.029723","0.029223","910","4118916660.950","6791166949.310"
"16","2010-42","5","945177533","32603952139.74","-0.023959","-0.020536","-0.022805","125","113519674.220","505153978.100"
"2","2010-42","5","476303319","533265160.00","0.002247","0.023432","0.029825","52","13223330.750","20332485.430"
"1","2010-42","5","102151249618","1227712093441.00","0.009524","0.078820","0.085816","850","12391043621.170","18488989090.280"
"8","2010-42","5","765495781","5195675003.24","0.014133","0.024835","0.025723","52","130910107.230","148375034.580"
"4","2010-42","5","53191859039","791210069389.59","-0.013582","0.013665","0.010853","924","4232675797.800","6963425292.730"
"16","2010-43","5","1309899834","44649955033.05","0.074171","0.076052","0.074709","128","124159429.190","552827939.000"
"2","2010-43","5","480859022","493868364.00","0.023367","0.036968","0.045024","52","13712170.830","21247933.980"
"1","2010-43","5","94549662090","1159614747793.00","0.030259","0.009147","0.001609","850","12506415084.400","18519973811.190"
"8","2010-43","5","657906162","4232742373.15","0.018561","0.011015","0.009901","52","132352128.230","149844178.310"
"4","2010-43","5","51316127885","746562815136.43","0.037050","0.043254","0.039477","928","4447759533.190","7266375577.680"
"16","2010-44","5","1350801656","49585370903.23","0.050943","0.055231","0.054950","132","135640591.720","604075365.230"
"2","2010-44","5","414038523","453133253.00","0.021725","0.025715","0.027060","51","13967080.190","21596307.260"
"1","2010-44","5","85366873314","1119395135270.00","0.026858","-0.000043","0.001197","850","12516358020.130","18600400588.300"
"8","2010-44","5","666494012","5131637854.98","0.033876","0.041045","0.044223","52","137784525.210","156470847.920"
"4","2010-44","5","51997174873","800781824808.62","0.042714","0.027565","0.031437","926","4586182815.820","7494627629.050"
"16","2010-45","5","1326850670","49530493129.88","0.005261","0.003262","0.001912","136","162440504.960","620265408.930"
"2","2010-45","5","586004371","641893556.00","0.051919","0.063238","0.060329","53","15226585.400","23407347.410"
"1","2010-45","5","98399134955","1298511229578.00","0.054840","0.047563","0.050538","854","13175475971.650","19605212280.210"
"8","2010-45","5","638804976","4870214454.14","0.035889","0.033033","0.032288","52","142335984.830","161523069.130"
"4","2010-45","5","54391318693","880858775082.19","0.042418","0.038899","0.040060","933","4794436278.130","7844424932.870"
"16","2010-46","5","1496870958","58936831420.50","0.003395","0.012958","0.017018","141","172539737.780","658385937.250"
"2","2010-46","5","738033749","833208889.00","-0.021887","-0.034356","-0.036747","53","14703445.160","22547175.430"
"1","2010-46","5","101890549247","1336146070813.00","-0.047272","-0.053486","-0.046566","851","14481073064.080","18674235601.110"
"8","2010-46","5","770749232","5447220810.41","-0.043716","-0.044091","-0.047434","52","136060211.860","153861290.230"
"4","2010-46","5","60234113705","955962724937.36","-0.038502","-0.050054","-0.045602","937","4576531760.160","7476881090.410"
"16","2010-47","5","1524786961","60143342307.56","0.076195","0.065670","0.063128","141","183870528.150","699948737.140"
"2","2010-47","5","524112095","622210937.00","0.001881","-0.011731","-0.015612","53","14530948.330","22195144.370"
"1","2010-47","5","66878560380","856894444779.00","-0.013262","-0.033131","-0.032575","854","14105962512.300","18129261789.900"
"8","2010-47","5","606643482","5005071873.06","-0.006842","-0.011398","-0.011742","52","134509570.850","152054754.320"
"4","2010-47","5","38856179322","629768367958.86","0.009124","-0.011934","-0.004956","942","4537981174.690","7496349965.400"
"16","2010-48","5","1497627911","58565194358.28","0.032194","0.034956","0.034749","141","191618073.600","724271624.510"
"2","2010-48","5","477541653","513526304.00","0.026714","0.020648","0.017767","53","14830995.380","22589497.280"
"1","2010-48","5","59728513747","762985808706.00","0.025856","-0.007824","-0.005847","853","14014540915.180","18062192210.270"
"8","2010-48","5","577880265","3936273214.55","0.026402","0.019838","0.020726","52","137177992.010","155206335.710"
"4","2010-48","5","39036787824","663780908661.98","0.032366","0.028358","0.026966","943","4658583498.140","7729252076.140"
"16","2010-49","5","1093048365","43717784115.65","-0.041024","-0.041675","-0.041337","141","185519081.850","694331850.180"
"2","2010-49","5","411848554","414037687.00","-0.007940","-0.010881","-0.011549","53","14669616.080","22328591.610"
"1","2010-49","5","50663898067","646701553386.00","-0.019091","-0.009092","-0.010273","853","13988998027.230","17874925004.480"
"8","2010-49","5","514191589","4092171419.70","-0.018724","-0.004389","-0.007326","52","136575808.150","154069176.260"
"4","2010-49","5","31717027161","538327142235.60","-0.019571","-0.020029","-0.022106","949","4623575772.010","7613913737.180"
"16","2010-50","5","756492963","31317410023.34","0.002017","0.005611","0.004091","144","190089171.960","714763835.790"
"2","2010-50","5","229604736","248363220.00","0.000096","0.000553","0.001772","53","14677743.640","22368180.550"
"1","2010-50","5","43608854408","537622907153.00","-0.012369","-0.001379","-0.000539","854","13994649447.410","17896202833.600"
"8","2010-50","5","275960712","1960282567.62","0.001103","-0.003216","-0.000406","52","136136552.190","154006541.030"
"4","2010-50","5","25036693007","427229032060.81","-0.011597","-0.006082","-0.004410","958","4612501694.480","7614489185.230"
"16","2010-51","5","1085564704","46006266050.43","0.059246","0.056791","0.053940","146","203484898.810","764758940.840"
"2","2010-51","5","325065867","360984383.00","0.032596","0.028027","0.026186","53","15089118.830","22953928.340"
"1","2010-51","5","51731868339","657509953397.00","0.036224","0.017606","0.018556","856","14294579661.330","18285357006.690"
"8","2010-51","5","321143186","2411904867.81","0.026171","0.026083","0.026311","52","139687487.050","158058615.000"
"4","2010-51","5","30481739208","529369252631.99","0.045919","0.038060","0.038226","960","4828289465.340","7965837495.900"
"16","2010-52","5","1020531660","44294420559.14","-0.065525","-0.069794","-0.070186","149","191932207.340","723945659.340"
"2","2010-52","5","311013996","332932552.00","-0.018426","-0.016085","-0.014960","53","14846399.780","22610538.010"
"1","2010-52","5","48601587149","612180766185.00","-0.034118","-0.020513","-0.020496","856","14028583691.010","17926528853.540"
"8","2010-52","5","313542014","2447278877.38","-0.016586","-0.020159","-0.021265","52","136871419.670","154697415.680"
"4","2010-52","5","30025994404","502174193938.79","-0.045115","-0.037726","-0.039992","962","4662824683.610","7664229192.870"
"16","2010-53","5","742401118","30848129559.85","-0.004804","-0.006494","-0.006658","152","200435464.550","732357891.690"
"2","2010-53","5","231217070","271259214.00","-0.001811","0.005824","0.008097","53","15175579.350","23036337.830"
"1","2010-53","5","40029127799","489281738785.00","-0.015851","-0.010996","-0.009640","863","14084861896.620","17840751759.360"
"8","2010-53","5","260449114","1924250362.37","-0.007490","-0.015325","-0.013768","51","133561906.360","151354491.540"
"4","2010-53","5","22245696542","369656653471.99","-0.007744","-0.002842","-0.000431","965","4682356392.220","7674195134.420"
"16","2011-02","4","691256921","31162316124.50","-0.004268","-0.006543","-0.007330","157","204160675.670","751994039.890"
"2","2011-02","4","302621866","285823262.00","0.016322","0.010699","0.006863","53","15337948.810","23194449.400"
"1","2011-02","4","40929703846","529446787882.00","0.018055","0.010880","0.011042","863","14311801424.090","18050566071.550"
"8","2011-02","4","204057012","1624770990.26","0.014594","0.012156","0.012668","52","135879921.880","153966652.530"
"4","2011-02","4","21606672441","371964751105.57","0.005912","0.003459","0.001623","965","4747868425.180","7696196054.530"
"16","2011-03","5","751406222","31865819492.10","-0.058363","-0.056412","-0.058604","162","201153797.910","722614221.840"
"2","2011-03","5","266952794","287554755.00","-0.006278","-0.003437","-0.003940","53","15285217.580","23103060.530"
"1","2011-03","5","39955138520","470042590274.00","-0.035462","-0.014584","-0.017020","867","14158668890.730","17836992470.200"
"8","2011-03","5","184112414","1435798706.95","-0.019808","-0.020414","-0.019252","52","133105923.990","151002399.260"
"4","2011-03","5","19914986840","320441178044.84","-0.045849","-0.042437","-0.045684","967","4564038063.160","7361215262.380"
"16","2011-04","5","659402149","26544847301.59","-0.052825","-0.045199","-0.045248","162","196156134.820","689916921.030"
"2","2011-04","5","277875537","322823287.00","-0.013976","-0.021409","-0.022669","53","14957964.890","22579325.940"
"1","2011-04","5","41029703196","459097736070.00","-0.035463","-0.027112","-0.027398","866","13770214000.820","17336058190.100"
"8","2011-04","5","226421790","1869999540.91","-0.007184","0.008718","0.007179","51","133662637.380","151483608.250"
"4","2011-04","5","18949744022","296969204098.99","-0.044395","-0.044732","-0.045807","970","4371216528.980","7041380043.510"
"16","2011-05","5","608249193","23752365340.16","-0.002015","-0.004946","-0.007077","167","199193043.770","699703377.900"
"2","2011-05","5","247084440","241068926.00","0.012635","0.015492","0.017313","53","15189700.870","22970250.060"
"1","2011-05","5","40667942809","451203792310.00","0.011328","0.013572","0.013809","867","13967052754.980","17599603481.630"
"8","2011-05","5","191257962","1596032711.05","0.002453","0.002355","0.004903","52","134577477.070","152827847.720"
"4","2011-05","5","17351953094","264622315916.82","0.002464","0.009706","0.007811","975","4444125986.890","7116349612.840"
"16","2011-06","2","265927474","10471777461.61","0.008308","0.010003","0.009331","173","205453462.030","726358373.960"
"2","2011-06","2","89581515","84825491.00","0.006846","0.006399","0.005652","53","15286911.270","23100096.350"
"1","2011-06","2","16395709143","196376205720.00","0.017291","0.016783","0.016822","869","14285304073.590","17909617346.190"
"8","2011-06","2","72752930","531134802.60","0.011038","0.004316","0.005242","52","135158358.590","153629094.950"
"4","2011-06","2","7025788756","110126234158.32","0.014177","0.012422","0.010954","972","4497134704.850","7172662486.620"
"16","2011-07","3","497936274","18702703685.05","0.038588","0.037228","0.037241","173","216303332.530","753408855.070"
"2","2011-07","3","200773251","193503947.00","0.009119","0.004998","0.003457","53","15363321.160","23179957.120"
"1","2011-07","3","29092798888","348438006771.00","0.030256","0.009784","0.010200","866","14422456124.210","18079849800.840"
"8","2011-07","3","138030838","1137886955.58","0.004474","-0.006135","-0.005994","52","134329059.030","152708096.310"
"4","2011-07","3","13930332213","220017345165.10","0.034943","0.031604","0.030354","978","4663321446.880","7424068427.470"
"16","2011-08","5","1192992736","45707781453.53","0.027588","0.025449","0.027532","178","225606254.830","787918330.610"
"2","2011-08","5","364772808","347591724.00","0.024764","0.018179","0.013343","53","15642620.430","23489265.330"
"1","2011-08","5","67504179852","835981081447.00","0.032925","0.025648","0.026238","866","14649527764.530","18399125148.940"
"8","2011-08","5","296995217","2543513563.07","0.012938","0.017754","0.017084","52","136714020.090","155317099.300"
"4","2011-08","5","33888468356","555837178983.62","0.032778","0.033829","0.032748","984","4848833412.480","7683468075.860"
"16","2011-09","5","1205932910","49111061791.09","-0.006344","-0.005536","-0.006921","183","227359130.160","797259212.590"
"2","2011-09","5","451473317","456847092.00","0.019111","-0.003076","-0.011248","52","15420464.670","23052453.780"
"1","2011-09","5","58829545712","734199303480.00","0.013166","-0.008053","-0.007555","862","14483000858.700","18199738686.910"
"8","2011-09","5","273242037","2231698077.96","-0.010105","-0.028909","-0.029336","52","132761653.130","150760712.550"
"4","2011-09","5","31872087703","522990596148.52","0.013600","0.008798","0.007140","984","4892546587.390","7622846458.660"
"16","2011-10","5","907394576","34897619727.25","-0.012985","-0.017508","-0.016455","183","225295538.360","784099617.370"
"2","2011-10","5","438075113","409518572.00","0.018074","0.013720","0.016689","52","15632038.260","23437194.150"
"1","2011-10","5","65308844344","805500520759.00","0.022048","0.024909","0.022735","866","14925481475.760","18724402617.610"
"8","2011-10","5","238291606","1928826677.36","0.004350","0.001954","0.000851","52","133021206.890","150889116.570"
"4","2011-10","5","32899728487","521356450185.82","0.008604","0.010013","0.007204","987","4962721269.910","7708834131.820"
"16","2011-11","5","1206985676","44977202810.13","0.027676","0.028009","0.027485","186","236123153.020","824217412.690"
"2","2011-11","5","378057420","383309102.00","0.009825","0.008709","0.008320","51","15621641.520","23485715.450"
"1","2011-11","5","64759156898","858486871939.00","0.009056","-0.003212","-0.003219","864","14937286566.160","18642514743.780"
"8","2011-11","5","276258321","2061797090.22","0.006462","0.016216","0.013598","51","134419475.630","152184022.300"
"4","2011-11","5","35240548465","563109280657.95","0.015117","0.006771","0.009036","988","5008384427.390","7823647585.850"
"16","2011-12","5","1224385413","45600469786.55","-0.011676","-0.014576","-0.012481","190","237183998.550","827991782.600"
"2","2011-12","5","443645374","404613011.00","-0.013829","-0.012815","-0.013824","52","15593775.900","23333189.840"
"1","2011-12","5","63663851433","801396595128.00","0.000117","-0.008566","-0.009348","866","14844904901.080","18511138149.870"
"8","2011-12","5","316758546","2231803532.36","-0.024997","-0.024556","-0.027494","50","129829231.470","146714345.890"
"4","2011-12","5","34209955902","541964072610.28","-0.001026","-0.004229","-0.004280","989","4995044606.430","7803023640.800"
"16","2011-13","5","913355534","33712264631.64","0.000039","-0.006871","-0.005320","193","240706785.510","836321519.260"
"2","2011-13","5","339667231","312457021.00","0.010252","0.018442","0.018187","53","16029327.930","23905493.310"
"1","2011-13","5","54643688023","687265302802.00","0.021886","0.025664","0.025020","868","15216999029.740","18866408685.690"
"8","2011-13","5","169973149","1385450627.86","0.019637","0.028207","0.029074","50","133491334.560","150979991.860"
"4","2011-13","5","29977496117","470431436356.73","0.015335","0.016599","0.013886","988","5052585153.730","7859596627.250"
"16","2011-14","5","987951939","33668942512.45","-0.052322","-0.052671","-0.053299","196","232712310.800","802337314.190"
"2","2011-14","5","381244197","377836672.00","-0.011493","-0.003861","0.002091","52","15852661.250","23688073.660"
"1","2011-14","5","65602093366","806132571271.00","-0.015784","-0.003753","-0.003426","866","15132288618.240","18750431779.750"
"8","2011-14","5","243747915","2123357899.22","-0.019865","-0.012478","-0.015026","50","131825493.400","148711284.540"
"4","2011-14","5","34873466016","510082070062.94","-0.029723","-0.026582","-0.030391","991","4973581199.710","7716708606.730"
"16","2011-15","3","488487460","15381059508.97","0.003583","0.004441","0.002751","200","236847482.190","814320908.380"
"2","2011-15","3","194509531","197201613.00","0.015227","0.016049","0.015059","53","16224147.370","24315671.780"
"1","2011-15","3","37877790212","475259343828.00","0.021416","0.020164","0.021365","863","15655788841.530","19398579806.450"
"8","2011-15","3","150135076","1317831498.45","0.005961","0.013316","0.013585","50","133580972.130","150731528.510"
"4","2011-15","3","18836954208","283161128628.17","0.017103","0.019486","0.017325","992","5057878620.070","7854173099.990"
"16","2011-16","5","776419963","24923079624.77","-0.016441","-0.013532","-0.014630","203","236127767.820","817193784.580"
"2","2011-16","5","366663358","393623299.00","-0.001786","0.004581","0.006893","53","16298478.150","24483294.600"
"1","2011-16","5","67573424076","790488702341.00","0.007430","0.006042","0.006909","868","15814830925.280","19690054916.340"
"8","2011-16","5","282957938","2156969390.64","0.003689","0.009916","0.008320","50","134905593.210","151985629.910"
"4","2011-16","5","36204295672","502127292725.04","-0.000620","-0.003642","-0.002660","999","5080147246.060","7885708347.700"
"16","2011-17","5","925310725","28180428077.87","-0.008686","-0.004978","-0.009185","205","239433973.460","817109367.720"
"2","2011-17","5","364286418","369091790.00","-0.002586","0.003572","0.005105","53","16356700.780","24608292.680"
"1","2011-17","5","63552020245","753121412715.00","0.002081","-0.012604","-0.013222","869","15683616149.500","19362856728.830"
"8","2011-17","5","307821966","2149284605.20","0.000014","-0.004201","-0.004446","49","132522398.680","149493955.660"
"4","2011-17","5","37140128867","516028499293.36","0.000353","-0.005967","-0.005067","1000","5094481569.590","7870028299.740"
"16","2011-18","5","903984994","25417091825.89","-0.088440","-0.086771","-0.085416","208","222403964.900","752007265.950"
"2","2011-18","5","478181329","493081934.00","-0.102879","-0.075207","-0.069451","53","15126545.130","22899201.690"
"1","2011-18","5","50594723189","573595575299.00","-0.060405","-0.031869","-0.032563","875","15303007929.210","18887726598.030"
"8","2011-18","5","283432961","2211819971.66","-0.066715","-0.046165","-0.049143","49","126398604.080","142141438.060"
"4","2011-18","5","26986116737","374847320836.59","-0.068166","-0.052995","-0.056785","1001","4832214310.870","7426810896.410"
"16","2011-19","4","530491665","13859217248.73","0.004387","0.005941","0.004271","211","230406432.870","759456897.160"
"2","2011-19","4","209142650","210542683.00","0.012952","-0.001496","-0.000376","53","15014214.180","22629286.200"
"1","2011-19","4","38794076268","430689598958.00","0.004022","-0.017941","-0.016460","868","15011738503.360","18542474798.580"
"8","2011-19","4","134177464","982077076.93","-0.004126","-0.015606","-0.014780","49","124425973.030","140040487.190"
"4","2011-19","4","17866741867","248174545404.09","0.002263","-0.004959","-0.005461","1001","4823800221.300","7379223452.670"
"16","2011-20","5","761136726","19503848465.19","-0.006587","-0.006374","-0.007283","215","231222948.490","764533986.910"
"2","2011-20","5","252105521","235862058.00","0.003746","0.001646","0.000704","53","15038936.110","22645225.690"
"1","2011-20","5","44630917317","513746762114.00","0.015922","0.002282","0.002586","871","15046977144.750","18605606237.050"
"8","2011-20","5","140438942","1017583837.93","0.010057","-0.009734","-0.008882","49","123193769.270","138775579.380"
"4","2011-20","5","23658626879","321735132623.73","0.012935","0.008493","0.006846","1001","4868228916.120","7450215997.880"
"16","2011-21","5","756736064","18166208977.25","-0.027774","-0.033386","-0.032392","218","227285695.620","745743470.020"
"2","2011-21","5","183766442","170412832.00","-0.005655","-0.005411","-0.002580","53","14957548.120","22586791.160"
"1","2011-21","5","40219572699","470013710598.00","-0.007062","-0.004457","-0.004203","877","15059061348.080","18570986786.250"
"8","2011-21","5","228037196","1570511955.44","-0.006731","-0.015443","-0.016263","50","123087053.990","138312959.160"
"4","2011-21","5","24473559520","314697481797.99","-0.005499","-0.003648","-0.004954","1003","4900651850.980","7450829964.340"
"16","2011-22","5","1059760354","22523084941.56","-0.068635","-0.064577","-0.065749","219","213557040.320","694246771.480"
"2","2011-22","5","267736634","235944059.00","-0.068846","-0.055584","-0.050021","53","14047438.450","21378262.220"
"1","2011-22","5","40646647742","469480216287.00","-0.079453","-0.049082","-0.052027","879","14337244417.280","17621541667.340"
"8","2011-22","5","192189592","1444213740.70","-0.071266","-0.061328","-0.061805","50","115395541.210","129621782.880"
"4","2011-22","5","23399521318","288576647236.59","-0.090062","-0.077486","-0.079399","1003","4524098164.460","6847071179.890"
"16","2011-23","5","1124779511","23145970345.00","0.031014","0.030904","0.029884","222","221985620.730","724050397.290"
"2","2011-23","5","198008656","184692642.00","0.024160","0.090541","0.111531","53","14296908.010","21540202.040"
"1","2011-23","5","35365528762","397892869796.00","0.014423","0.007791","0.008790","883","14417549839.800","17784792892.530"
"8","2011-23","5","206797707","1773174598.90","0.021460","0.031891","0.031064","50","118194078.780","132766798.720"
"4","2011-23","5","19816604674","249649856261.76","0.017805","0.018932","0.020465","1009","4666953530.240","7012229919.160"
"16","2011-24","4","744580490","15464035479.81","-0.023589","-0.025280","-0.024356","225","217799725.430","710181511.380"
"2","2011-24","4","253872695","275401273.00","-0.090992","-0.120687","-0.134418","52","12393356.800","18429818.880"
"1","2011-24","4","29364678892","343161116394.00","-0.003063","-0.003503","-0.005155","879","14295197801.980","17612583114.790"
"8","2011-24","4","173545629","1266790666.10","-0.073623","-0.070946","-0.073876","50","109808602.460","122958436.030"
"4","2011-24","4","17144957627","211918592603.17","-0.007238","-0.006428","-0.007891","1009","4625559362.140","6926045181.080"
"16","2011-25","5","855027989","17058284355.69","-0.026226","-0.025109","-0.025665","228","213571218.840","695871128.980"
"2","2011-25","5","200268383","215658235.00","-0.011185","-0.006946","-0.007331","53","12346611.610","18334015.200"
"1","2011-25","5","35439173664","403379887612.00","-0.032587","-0.017255","-0.017750","881","13973361597.240","17209559821.380"
"8","2011-25","5","171784743","1182004624.89","-0.024909","-0.009514","-0.008621","51","109816603.210","122952249.460"
"4","2011-25","5","19763967139","244423126470.49","-0.029134","-0.026287","-0.026127","1014","4547985624.130","6795307255.730"
"16","2011-26","5","1138424250","22318599216.61","0.044913","0.041192","0.040279","231","223942850.900","729362722.720"
"2","2011-26","5","219936970","237804056.00","0.073999","0.090245","0.089199","53","13330551.410","19839114.280"
"1","2011-26","5","38054248330","426675402454.00","0.040831","0.039571","0.041446","883","14505947794.380","17892531579.730"
"8","2011-26","5","181946720","1282415626.76","0.055274","0.039154","0.042877","51","113768456.050","127659888.880"
"4","2011-26","5","21650616215","278170257241.69","0.047352","0.047614","0.048925","1017","4785957134.500","7135746648.600"
"16","2011-27","5","1406284564","28470891078.41","0.023632","0.024151","0.022863","234","233411172.470","750443437.480"
"2","2011-27","5","180968547","181979919.00","0.015746","0.020885","0.022398","53","13601937.310","20276453.970"
"1","2011-27","5","45933298069","526528492648.00","0.020737","0.004738","0.005444","883","14589725353.100","17977346544.130"
"8","2011-27","5","175182710","1299176191.68","0.015204","0.012829","0.011888","51","115289166.400","129238717.520"
"4","2011-27","5","27116469659","363373014638.68","0.023897","0.022319","0.023143","1019","4900555058.510","7359116148.320"
"16","2011-28","5","1937166644","41145034572.35","0.047302","0.047199","0.048245","238","249831452.160","797437778.550"
"2","2011-28","5","249498490","262426916.00","0.036535","0.046242","0.049920","52","14141883.090","21199315.630"
"1","2011-28","5","53541964447","635694728723.00","0.029780","0.015205","0.013965","885","14861186195.700","18273055499.510"
"8","2011-28","5","258366801","1877004735.21","0.040878","0.037542","0.039315","51","119445853.110","134148252.620"
"4","2011-28","5","33218911889","458354509223.00","0.048534","0.031922","0.034508","1021","5046664943.880","7612400842.620"
"16","2011-29","5","2259940399","48254025738.14","0.056252","0.058674","0.057943","241","265828692.890","848291860.040"
"2","2011-29","5","240646037","281719390.00","0.021665","0.012989","0.009699","51","14246491.530","21312040.220"
"1","2011-29","5","48423288173","572219547309.00","0.026290","0.007594","0.008419","882","14980597772.760","18368225060.480"
"8","2011-29","5","209474184","1575230208.64","0.008132","-0.000010","0.001904","50","119295497.680","134254304.490"
"4","2011-29","5","31571217741","453096945071.20","0.030466","0.021692","0.023020","1028","5203257192.750","7847109645.530"
"16","2011-30","5","1937555147","43784290904.11","-0.024637","-0.027291","-0.025821","244","260122174.200","831703531.360"
"2","2011-30","5","163173896","190658773.00","-0.008510","-0.007754","-0.011124","52","14177714.080","21116507.620"
"1","2011-30","5","43522080261","516414410422.00","-0.013994","-0.017025","-0.017276","884","14750499085.310","18064373567.250"
"8","2011-30","5","188263098","1363296969.62","-0.002838","-0.001314","-0.003530","50","118749123.380","133390791.350"
"4","2011-30","5","27093586032","389903547637.82","-0.017824","-0.016130","-0.016941","1023","5100667973.570","7694934357.680"
"16","2011-31","5","1859329538","43299063661.14","-0.008663","-0.010577","-0.007395","247","260596339.900","832842299.690"
"2","2011-31","5","176482390","215839744.00","-0.024028","-0.013557","-0.008216","52","13985504.440","20942999.520"
"1","2011-31","5","41671323004","465266258803.00","-0.035773","-0.024240","-0.024885","886","14406577048.860","17630510903.570"
"8","2011-31","5","188756020","1211641927.55","-0.023350","-0.022289","-0.022540","50","116102246.890","130384134.480"
"4","2011-31","5","23779962567","338512996243.75","-0.031385","-0.030961","-0.028951","1027","4994924967.340","7536263653.890"
"16","2011-32","5","2338779975","56473016387.35","0.006699","0.007332","0.008488","249","263832567.520","849633598.410"
"2","2011-32","5","154763584","205437228.00","-0.016027","-0.022251","-0.022802","51","13595128.650","20374297.870"
"1","2011-32","5","32887181099","373241642391.00","-0.019242","-0.029339","-0.027954","883","14008480535.570","17137017708.230"
"8","2011-32","5","149633550","1028580657.32","-0.033647","-0.031534","-0.031337","51","112581571.110","126438776.090"
"4","2011-32","5","20759954719","299761858965.52","-0.012064","-0.015592","-0.014028","1027","4922890290.110","7442507081.220"
"16","2011-33","5","2260140762","52645510941.30","-0.000039","0.004579","0.005102","249","270542703.520","853968829.210"
"2","2011-33","5","260186483","298503941.00","-0.022846","-0.032640","-0.035774","52","13239481.500","19733222.910"
"1","2011-33","5","50456233607","527533963697.00","-0.015411","-0.012654","-0.012528","884","13810094611.190","16947376019.990"
"8","2011-33","5","250380500","1846094432.94","-0.034994","-0.050144","-0.051488","52","107058838.520","120041306.210"
"4","2011-33","5","29703561114","404950403943.06","-0.010415","-0.007663","-0.005429","1035","4915869853.620","7432512450.450"
"16","2011-34","5","2098340159","51171776982.50","-0.003934","-0.010537","-0.009553","255","272883022.720","869502710.040"
"2","2011-34","5","146801998","153866434.00","-0.010476","-0.017912","-0.020290","52","12975106.510","19305618.570"
"1","2011-34","5","38414090648","402321405572.00","-0.021439","-0.022405","-0.022679","887","13578878054.500","16608503750.030"
"8","2011-34","5","179437330","1097606467.85","-0.016749","-0.017058","-0.017004","52","105182614.520","117950022.510"
"4","2011-34","5","24720065858","328674388620.11","-0.015560","-0.024645","-0.022732","1042","4824586916.360","7300392692.410"
"16","2011-35","5","2730349741","67899685769.81","0.068757","0.054353","0.056926","256","290740731.570","922733660.470"
"2","2011-35","5","142204050","154287033.00","0.024051","0.008950","0.010305","53","13161071.810","19574497.730"
"1","2011-35","5","36858747855","384511640654.00","0.036111","0.030926","0.031012","887","14027492508.620","17141953310.520"
"8","2011-35","5","132907488","856145055.33","0.018384","0.000803","0.004213","52","105267145.400","118446976.440"
"4","2011-35","5","21324114345","292839782556.48","0.041508","0.029322","0.030327","1040","4950004204.930","7525586041.540"
"16","2011-36","5","2062396445","50553597760.90","-0.046824","-0.048403","-0.048163","257","280469911.170","880406581.280"
"2","2011-36","5","117973321","129583413.00","-0.024070","-0.020556","-0.015919","53","12890526.560","19262879.100"
"1","2011-36","5","31932427521","335206722146.00","-0.035545","-0.030940","-0.032147","889","13605510059.480","16599107082.070"
"8","2011-36","5","124169532","774878634.86","-0.007952","0.003431","0.001700","52","105628330.010","118648442.700"
"4","2011-36","5","19284884796","263698258532.53","-0.038939","-0.036546","-0.038956","1043","4805532158.830","7251355136.070"
"16","2011-37","5","1538093153","37527830898.30","-0.040935","-0.036257","-0.038665","259","271955598.470","851704971.950"
"2","2011-37","5","99852301","97468295.00","-0.001888","-0.009835","-0.009439","53","12763738.160","19081039.910"
"1","2011-37","5","26944690880","281453293432.00","-0.018079","-0.011565","-0.012002","890","13461203543.570","16437006626.590"
"8","2011-37","5","81085633","524740261.53","-0.009272","-0.020249","-0.018736","51","103214676.040","116150268.240"
"4","2011-37","5","15498208230","204765106355.39","-0.021469","-0.026107","-0.026374","1041","4669922039.330","7048613868.480"
"16","2011-38","4","1013566063","23510608878.61","-0.008251","-0.008390","-0.009345","263","271749166.030","852571954.430"
"2","2011-38","4","77236273","86924341.00","-0.006649","-0.013166","-0.016437","53","12595688.230","18767395.810"
"1","2011-38","4","20721507574","211503489567.00","-0.002353","-0.004394","-0.004687","888","13372124740.230","16334147351.090"
"8","2011-38","4","88112846","618790742.90","-0.023779","-0.056774","-0.050832","51","95849409.040","108731341.890"
"4","2011-38","4","12160352689","155665249647.14","-0.001130","-0.003009","-0.002630","1042","4652704689.290","7027167913.920"
"16","2011-39","5","1351395724","28926008275.34","-0.037458","-0.037485","-0.038369","262","261643916.960","817548363.070"
"2","2011-39","5","138217038","136625456.00","-0.017149","-0.018860","-0.023668","53","12358124.590","18323191.800"
"1","2011-39","5","32231792278","326710933368.00","-0.019929","-0.020022","-0.019466","892","13112126184.700","16027769641.940"
"8","2011-39","5","190540634","1298976855.06","-0.079822","-0.105153","-0.102397","51","85770466.220","97597535.840"
"4","2011-39","5","19438917672","238025795185.26","-0.022058","-0.024918","-0.025280","1047","4560717697.850","6880783395.460"
"16","2011-40","5","1203649141","25570607657.59","-0.058809","-0.060863","-0.059776","264","247510761.430","768385306.830"
"2","2011-40","5","114974279","120615342.00","-0.030973","-0.032262","-0.033838","53","11959415.700","17703156.330"
"1","2011-40","5","27527478945","272307958441.00","-0.058942","-0.029367","-0.030475","897","12736204379.820","15601212026.030"
"8","2011-40","5","131593621","836329974.20","-0.027575","-0.004630","-0.006636","51","85373306.530","96949820.040"
"4","2011-40","5","16671334418","196083162624.06","-0.066013","-0.051442","-0.053529","1050","4337665756.930","6524658662.240"
"16","2011-42","5","1536715815","32921222522.42","0.053309","0.049922","0.050277","267","263498444.940","812979132.110"
"2","2011-42","5","165023102","148960502.00","0.075365","0.036979","0.032529","54","12260979.710","18138066.630"
"1","2011-42","5","34411271515","326660065625.00","0.038981","0.030567","0.031136","896","13131995679.900","16078985708.470"
"8","2011-42","5","185612943","1049406625.74","0.026103","0.054158","0.051595","51","89997022.800","101952034.810"
"4","2011-42","5","19712502394","228196553549.01","0.038737","0.026852","0.029205","1048","4455133591.070","6723738541.800"
"16","2011-43","5","1659397963","35705989552.32","-0.082572","-0.083653","-0.081660","267","242836583.870","746591030.720"
"2","2011-43","5","118554233","101122650.00","-0.047750","-0.045521","-0.046007","54","11702838.480","17303584.460"
"1","2011-43","5","30900446187","281165304610.00","-0.072449","-0.045429","-0.047046","898","12548867869.260","15360455069.160"
"8","2011-43","5","101192058","611220648.18","-0.056241","-0.060967","-0.059392","50","82231765.810","93614601.310"
"4","2011-43","5","17486804962","214133275706.77","-0.076606","-0.074469","-0.074566","1049","4125817064.840","6226620079.300"
"16","2011-44","5","2472848654","51347857202.65","0.091465","0.090763","0.089816","269","267109790.080","821087561.380"
"2","2011-44","5","180962297","178698017.00","0.064505","0.088434","0.093772","54","12737778.730","18926182.620"
"1","2011-44","5","45984217506","423332810042.00","0.077828","0.067826","0.067568","901","13416433229.550","16426751552.720"
"8","2011-44","5","197232962","1249337230.95","0.085500","0.119032","0.116629","50","92019989.270","104532821.050"
"4","2011-44","5","25980145495","301967950353.78","0.075779","0.081487","0.079942","1052","4481798905.870","6747870069.050"
"16","2011-45","5","3764845810","81637330946.16","0.060599","0.059176","0.056493","272","286848922.690","883428821.160"
"2","2011-45","5","198380763","187142639.00","0.016977","0.013678","0.014865","54","12912014.420","19207527.670"
"1","2011-45","5","51499937174","504021359906.00","0.034915","0.022997","0.022407","896","13728897864.430","16756634329.040"
"8","2011-45","5","178398098","1174156273.67","0.034732","0.033719","0.034295","50","95122841.420","108117785.490"
"4","2011-45","5","32022447203","400172632640.00","0.041372","0.030343","0.032098","1057","4624720162.500","6979853943.510"
"16","2011-46","5","3557299546","73604054751.76","0.016075","0.013455","0.011075","272","292668935.740","893213690.400"
"2","2011-46","5","117068367","118386058.00","-0.017373","-0.017777","-0.014546","54","12682468.070","18928117.680"
"1","2011-46","5","38782647497","383670355026.00","-0.017018","-0.018129","-0.018671","898","13493750433.230","16469843119.980"
"8","2011-46","5","113973571","738734896.50","-0.028534","-0.038912","-0.038123","50","91421319.280","103995951.300"
"4","2011-46","5","24396831483","302259483671.51","-0.010390","-0.017165","-0.016577","1054","4518182943.990","6840222539.500"
"16","2011-47","5","3520743874","78482588565.17","-0.012200","-0.018187","-0.012554","273","289948432.790","884209258.150"
"2","2011-47","5","171133026","159535392.00","-0.012882","-0.021037","-0.020977","54","12415662.590","18531054.040"
"1","2011-47","5","39072343268","390877226338.00","-0.020698","-0.025936","-0.026121","898","13149707432.240","16040410978.580"
"8","2011-47","5","138362383","853367945.13","-0.020548","-0.034228","-0.034224","50","88292136.250","100436756.760"
"4","2011-47","5","26086686343","321907881562.23","-0.021604","-0.027904","-0.026107","1050","4368274764.820","6599893533.110"
"16","2011-48","5","2168897130","49328425586.69","-0.017627","-0.013374","-0.013886","275","288150192.140","876318504.330"
"2","2011-48","5","95823953","98892461.00","-0.018158","-0.017158","-0.014660","54","12202628.060","18259383.630"
"1","2011-48","5","24871991128","247272914728.00","-0.016591","-0.014467","-0.015091","896","12962538475.410","15799899371.550"
"8","2011-48","5","107618706","581339854.73","-0.023672","-0.018892","-0.017920","51","88464836.450","100479489.320"
"4","2011-48","5","16509494782","204914199333.56","-0.011936","-0.011089","-0.011482","1060","4355725376.110","6578524569.690"
"16","2011-49","5","2421676133","52651237201.36","-0.048036","-0.042455","-0.043100","274","275802881.190","837622324.200"
"2","2011-49","5","252150240","216978698.00","-0.097745","-0.083670","-0.078433","54","11181633.090","16827242.240"
"1","2011-49","5","33379634904","326840667107.00","-0.026229","-0.006392","-0.007855","898","12859119902.630","15683037064.880"
"8","2011-49","5","165947015","945545475.91","-0.033768","0.006163","0.001993","51","89010054.680","100679780.880"
"4","2011-49","5","20748027222","256957487246.25","-0.028235","-0.021768","-0.022839","1061","4298008757.650","6512819008.590"
"16","2011-50","5","1704845196","36209129767.60","-0.020676","-0.029148","-0.027472","274","269323364.710","814610549.710"
"2","2011-50","5","116250228","103422134.00","-0.003077","0.004416","0.008289","54","11231012.850","16966733.500"
"1","2011-50","5","23000192911","218484196549.00","-0.040360","-0.018794","-0.019301","899","12702997682.320","15422816373.210"
"8","2011-50","5","141593591","619602660.86","-0.021888","-0.018615","-0.018806","51","89108050.450","100540955.070"
"4","2011-50","5","14208401912","170948249087.34","-0.036310","-0.035975","-0.034054","1067","4155812919.880","6307164288.410"
"16","2011-51","5","1699151853","33976471050.39","-0.030519","-0.027946","-0.029373","275","264113471.230","792234588.670"
"2","2011-51","5","114142151","93905399.00","-0.044438","-0.034527","-0.027513","54","10843238.310","16499919.680"
"1","2011-51","5","25517654442","224009755830.00","-0.073445","-0.037635","-0.039162","902","12259203494.730","14920665420.450"
"8","2011-51","5","139184248","614970098.06","-0.051676","-0.040239","-0.041308","51","85522350.890","96387790.850"
"4","2011-51","5","15489120596","168105387844.11","-0.070389","-0.057640","-0.057715","1067","3914370565.010","5937462147.590"
"16","2011-52","5","2128789806","41835240491.24","-0.033673","-0.027655","-0.029063","275","257340491.060","769209226.550"
"2","2011-52","5","114409938","90119943.00","0.001464","0.001518","0.000654","54","10859700.760","16510716.630"
"1","2011-52","5","27172018070","233338855920.00","-0.033088","-0.007483","-0.008997","901","12186611265.320","14782514615.990"
"8","2011-52","5","139624439","650288804.90","0.004004","0.016052","0.014472","52","87543412.910","98429993.970"
"4","2011-52","5","17584198280","190661730291.82","-0.036574","-0.026107","-0.028428","1072","3825259674.800","5801416467.090"
"16","2011-53","5","1534891621","28950503204.06","-0.050421","-0.045615","-0.044660","279","248152146.970","739583379.610"
"2","2011-53","5","94139555","70330284.00","0.006786","-0.004344","-0.006354","53","10750235.530","16278780.720"
"1","2011-53","5","23471091954","192054624366.00","-0.017241","-0.002298","-0.002182","902","12162668395.310","14769028611.740"
"8","2011-53","5","91551995","419381948.55","0.018752","0.021604","0.022977","52","89434763.530","100691725.160"
"4","2011-53","5","15216691360","158868309662.99","-0.027908","-0.017165","-0.018978","1078","3783574528.120","5719286242.870"
"16","2012-01","3","1045356975","19117852905.65","-0.085764","-0.085507","-0.086389","278","225849636.410","671912889.260"
"2","2012-01","3","60149175","51039863.00","-0.019125","-0.030338","-0.033901","54","10484754.910","15850415.930"
"1","2012-01","3","15797054547","126381154897.00","-0.052764","-0.015371","-0.016329","900","11986328913.310","14523111879.220"
"8","2012-01","3","73589051","352696012.17","-0.020529","-0.020462","-0.018838","52","87601920.370","98791993.850"
"4","2012-01","3","9557483266","97401384943.71","-0.062874","-0.051850","-0.054176","1077","3586641125.990","5406748772.770"
"16","2012-02","5","2381392610","43409019080.29","0.000918","-0.001100","-0.004247","283","231092403.380","679188087.250"
"2","2012-02","5","171128986","149001714.00","0.036421","0.037984","0.036789","54","10883014.700","16433538.160"
"1","2012-02","5","41212006046","354478297140.00","0.053860","0.038902","0.037672","901","12474482427.100","15092617031.170"
"8","2012-02","5","199862640","958105992.29","0.032154","0.029749","0.031571","52","90208035.570","101911017.100"
"4","2012-02","5","25998888733","259628764954.23","0.043165","0.042537","0.039764","1079","3750411431.470","5631426990.030"
"16","2012-03","5","2081111759","34987024045.25","-0.020947","-0.029034","-0.030935","284","225599833.880","659464497.050"
"2","2012-03","5","138737999","115753929.00","0.023740","0.030311","0.029634","54","11212894.580","16920528.780"
"1","2012-03","5","36463773844","327008451879.00","0.030986","0.032749","0.033412","900","12894600695.550","15588505401.720"
"8","2012-03","5","161442159","897959194.50","0.039848","0.041563","0.041777","52","93957370.860","106168605.140"
"4","2012-03","5","20755308071","220695619306.65","0.017608","0.028053","0.023655","1080","3859736412.270","5774105285.010"
"16","2012-05","5","1949637152","32940291262.43","0.050445","0.051422","0.051093","285","242544663.740","694518512.740"
"2","2012-05","5","117522721","110408331.00","0.000959","0.007998","0.013578","54","11302577.450","17150290.400"
"1","2012-05","5","30194616444","271435555788.00","0.022954","0.004534","0.004818","899","12964321582.850","15663975608.240"
"8","2012-05","5","164028857","877683327.02","0.015129","-0.004601","-0.004476","52","93524967.700","105693335.130"
"4","2012-05","5","17514863599","185838472637.27","0.031502","0.014259","0.017316","1078","3896830524.200","5841188708.990"
"16","2012-06","5","2428196778","41916173886.83","0.029361","0.028409","0.027624","284","247973794.090","713388864.060"
"2","2012-06","5","154705060","136310416.00","0.018774","0.020162","0.019436","53","11500157.470","17453355.500"
"1","2012-06","5","42316280401","377303421442.00","0.029948","0.008945","0.009209","895","13060054582.260","15787077044.580"
"8","2012-06","5","239509826","1454697561.22","0.026809","0.035475","0.033173","51","96567499.980","108924788.400"
"4","2012-06","5","26576019034","278420517976.02","0.036308","0.028875","0.029580","1076","4013452684.920","6015155742.360"
"16","2012-07","5","2595614769","46809486639.87","0.025586","0.026946","0.026727","287","257845742.500","738088355.710"
"2","2012-07","5","149366363","115743330.00","0.017069","0.013837","0.014964","53","11659297.200","17714536.390"
"1","2012-07","5","42373736400","379794885639.00","0.028612","0.001181","0.002264","892","13066021765.350","15796208200.170"
"8","2012-07","5","181605715","992225280.25","0.024952","0.014940","0.015615","51","97654523.370","110269727.100"
"4","2012-07","5","29894766962","309599752659.05","0.030594","0.017840","0.018708","1082","4115983968.480","6184034229.990"
"16","2012-08","5","3709707320","71453222889.54","0.077331","0.069804","0.071278","287","277339019.950","790689902.590"
"2","2012-08","5","186888044","166516192.00","0.037278","0.045632","0.047070","53","12191339.750","18548371.070"
"1","2012-08","5","53253248491","491909362951.00","0.046291","0.034199","0.035145","894","13559892737.150","16418073320.530"
"8","2012-08","5","282208990","1711983427.02","0.059386","0.062600","0.059992","51","103767703.530","116885086.950"
"4","2012-08","5","36257232053","383637456681.41","0.053179","0.054075","0.055015","1081","4371735707.670","6523280616.010"
"16","2012-09","5","3238208677","64097631007.57","-0.003335","-0.005570","-0.004088","290","278491093.330","794009006.920"
"2","2012-09","5","210061443","199878479.00","0.013613","0.008922","0.008352","53","12300120.030","18703287.170"
"1","2012-09","5","54818324150","509857482901.00","0.011950","0.008552","0.008639","897","13696470408.330","16543856386.400"
"8","2012-09","5","310460703","1798890115.02","0.021302","0.021880","0.021337","51","106038216.890","119379097.390"
"4","2012-09","5","35568328959","393687052052.14","0.005946","0.009937","0.009838","1085","4426854920.520","6598322442.130"
"16","2012-10","5","3069777907","61182306151.89","0.028159","0.026966","0.026714","292","288723055.820","820372141.840"
"2","2012-10","5","265827251","211526139.00","0.026413","0.006235","0.004778","53","12376824.590","18792664.910"
"1","2012-10","5","50594089057","492499509665.00","0.013715","-0.010739","-0.008747","900","13571153665.370","16534654415.390"
"8","2012-10","5","310431276","1711498501.20","0.006962","0.001039","0.003208","51","106148457.390","119762163.470"
"4","2012-10","5","33449021230","381286776110.17","0.020066","0.011982","0.014517","1086","4480193641.400","6701518036.080"
"16","2012-11","5","3912589579","79829112967.09","-0.012119","-0.013608","-0.013799","296","288135781.570","819149266.930"
"2","2012-11","5","295888553","233631644.00","-0.015620","-0.011948","-0.010101","52","12192451.670","18566269.110"
"1","2012-11","5","61140103484","594664993369.00","-0.021712","-0.013381","-0.014551","897","13383259578.310","16289037289.150"
"8","2012-11","5","480449977","2459482231.60","-0.009187","-0.002922","-0.002830","50","104937141.230","118521979.580"
"4","2012-11","5","38502126621","460156763816.57","-0.017636","-0.012917","-0.013321","1089","4438620814.830","6630945205.810"
"16","2012-12","5","2769471335","56747241537.14","-0.043315","-0.040915","-0.041988","303","279754322.730","799241408.050"
"2","2012-12","5","193542431","153074354.00","-0.023756","-0.035126","-0.035278","52","11764172.970","17911268.990"
"1","2012-12","5","45001955821","442624374520.00","-0.022324","-0.021907","-0.023174","896","13088341880.820","15915462244.290"
"8","2012-12","5","334740305","1683042745.63","-0.042656","-0.043779","-0.042700","51","101207143.190","114326176.350"
"4","2012-12","5","27674415635","333647245734.40","-0.023885","-0.031380","-0.029424","1093","4317394512.300","6452040092.390"
"16","2012-13","5","2191973561","42495679060.90","-0.090733","-0.084114","-0.083989","306","260192552.500","749973334.490"
"2","2012-13","5","154639451","122154591.00","-0.029827","-0.022196","-0.017981","52","11503045.720","17589196.740"
"1","2012-13","5","33467996886","320654826428.00","-0.069263","-0.037062","-0.037110","899","12628584825.650","15381573941.190"
"8","2012-13","5","229095559","1349794963.84","-0.029303","-0.009896","-0.014035","51","99653039.540","112169055.190"
"4","2012-13","5","22054632003","249246589484.72","-0.072884","-0.061242","-0.063170","1097","4060865421.640","6058212481.700"
"16","2012-14","2","879122429","16262376257.99","0.035251","0.034684","0.032926","305","268725032.940","772633097.030"
"2","2012-14","2","60382036","45975754.00","0.027822","0.025745","0.024614","52","11799197.890","18022146.050"
"1","2012-14","2","15163415699","143176306880.00","0.039891","0.019527","0.019571","897","12858317007.710","15663688874.650"
"8","2012-14","2","75446633","412798589.33","0.028568","0.019520","0.021539","50","101052470.780","113748204.770"
"4","2012-14","2","9141629584","102384133716.52","0.039930","0.038390","0.038968","1096","4210670646.080","6286836396.120"
"16","2012-15","5","2178964382","40033325995.54","0.025889","0.025669","0.025521","307","279231114.080","796394770.530"
"2","2012-15","5","172764971","152306361.00","0.020884","0.023718","0.025562","52","12079055.220","18482833.080"
"1","2012-15","5","39697089453","364456822464.00","0.039203","0.023232","0.022945","901","13143911188.240","16008004374.140"
"8","2012-15","5","261434131","1449136284.62","0.028722","0.005350","0.006753","51","102131362.760","115341264.610"
"4","2012-15","5","27765223134","288010592648.22","0.036653","0.028388","0.028201","1098","4336058659.440","6467706253.220"
"16","2012-16","5","2208131396","40120038194.31","0.020816","0.017641","0.018898","307","284260013.290","811277036.320"
"2","2012-16","5","154030021","123659750.00","0.005011","0.001288","-0.000116","52","12094615.310","18480678.290"
"1","2012-16","5","48687785410","430302057408.00","0.025173","0.019097","0.020679","897","13366694763.400","16278111759.630"
"8","2012-16","5","212907149","1077212922.54","-0.002283","-0.004690","-0.008446","51","101652363.920","114367025.910"
"4","2012-16","5","31387326458","325105375335.50","0.014135","0.012002","0.010763","1099","4392069069.510","6546322476.170"
"16","2012-17","5","2549635839","42481705839.81","-0.065926","-0.060483","-0.060825","310","271452444.020","765265946.570"
"2","2012-17","5","357761018","271517095.00","0.032727","0.026007","0.024855","52","12409173.260","18940022.170"
"1","2012-17","5","59078310483","527104812522.00","-0.012354","-0.003616","-0.004480","902","13425380378.630","16314071176.110"
"8","2012-17","5","381549395","2000067961.46","0.036805","0.027442","0.029840","51","104441937.160","117779808.690"
"4","2012-17","5","34522469373","348995632413.25","-0.031208","-0.015580","-0.018451","1100","4329630320.730","6414579240.100"
"16","2012-18","3","1386801881","24020322448.17","0.040330","0.041478","0.042663","310","282880666.940","797604386.100"
"2","2012-18","3","152765880","130995454.00","0.000358","0.013158","0.018406","51","12504177.770","19220018.760"
"1","2012-18","3","33093171119","327716895159.00","0.018352","0.023572","0.023585","897","13721999211.430","16669733803.350"
"8","2012-18","3","173024146","951367350.68","-0.002399","0.007347","0.008160","50","102969548.100","116499424.250"
"4","2012-18","3","19214595732","214951938982.46","0.028158","0.032491","0.033819","1100","4474286455.250","6643107002.590"
"16","2012-19","5","2970534927","54306009668.33","0.010411","0.011865","0.010954","314","290967643.020","817129873.250"
"2","2012-19","5","196858797","175304468.00","-0.003373","-0.023460","-0.026732","52","12239836.460","18735122.890"
"1","2012-19","5","46618173416","471656981804.00","-0.011747","-0.025010","-0.022866","904","13406709764.770","16326514805.470"
"8","2012-19","5","208245049","1126648254.91","-0.001926","-0.022205","-0.018346","51","101285711.470","114967119.300"
"4","2012-19","5","28135636675","325740941659.35","-0.006448","-0.015782","-0.014708","1100","4400560507.280","6539520421.950"
"16","2012-20","5","2606904886","44667303582.72","-0.014426","-0.018728","-0.017647","314","286533894.560","803102475.280"
"2","2012-20","5","158593240","146114834.00","-0.011788","-0.023365","-0.026527","52","11939741.990","18224025.120"
"1","2012-20","5","42015659965","400375859100.00","-0.015177","-0.020571","-0.020767","906","13146912305.720","15989384824.510"
"8","2012-20","5","219046686","1140680083.13","-0.036133","-0.047075","-0.046483","51","96517628.630","109622986.850"
"4","2012-20","5","25590400956","277587823729.66","-0.016590","-0.019956","-0.020346","1102","4313836439.100","6404164066.420"
"16","2012-21","5","2370998573","38484363002.83","-0.023739","-0.014490","-0.016767","318","283544208.990","794364597.840"
"2","2012-21","5","111310917","99538856.00","-0.005970","0.002362","0.000646","52","11793008.870","18013344.690"
"1","2012-21","5","38794964943","374550127693.00","-0.008942","-0.003439","-0.004459","906","13101866946.090","15923576709.240"
"8","2012-21","5","130082623","813346520.39","-0.000315","-0.007124","-0.008213","51","95647204.130","108539815.460"
"4","2012-21","5","24425405810","270392732015.29","-0.011523","-0.005264","-0.005063","1108","4302153059.000","6377857539.320"
"16","2012-22","5","2928072773","45774573354.93","0.043862","0.042921","0.043134","321","297959899.320","834440881.560"
"2","2012-22","5","170256350","160797563.00","0.022338","0.009284","0.004907","52","11795102.560","17915142.170"
"1","2012-22","5","45513921023","434372337630.00","0.029056","0.018197","0.018946","910","13345073033.170","16213592771.400"
"8","2012-22","5","217320939","1105418516.82","0.019412","0.029930","0.028300","50","98343014.140","111444838.500"
"4","2012-22","5","29561732495","326457759523.72","0.033069","0.031778","0.033339","1108","4420205520.790","6573402509.060"
"16","2012-23","5","2379376230","38575555217.83","-0.034646","-0.032444","-0.031857","322","288265564.180","807528857.090"
"2","2012-23","5","116699705","97643896.00","-0.032461","-0.034017","-0.034429","53","11418684.420","17323133.650"
"1","2012-23","5","34177959523","332349266061.00","-0.048374","-0.036088","-0.036116","910","12825842492.690","15595802909.260"
"8","2012-23","5","133435333","865120486.78","-0.028935","-0.043975","-0.043105","51","96062408.060","108686940.570"
"4","2012-23","5","22124997995","241397299346.22","-0.043218","-0.041459","-0.041129","1110","4223652264.380","6274946736.640"
"16","2012-24","5","3411694852","54362842644.82","0.046444","0.044916","0.043651","324","303138626.930","847323187.610"
"2","2012-24","5","124729279","132488477.00","0.023471","0.047884","0.062838","53","11936700.510","18376269.960"
"1","2012-24","5","34166830692","325368889372.00","0.020478","0.018361","0.018689","914","12963351855.520","15793542975.910"
"8","2012-24","5","125606483","821268317.43","0.008443","0.016011","0.015951","51","97564066.010","110384211.420"
"4","2012-24","5","23296491664","256152332943.65","0.028379","0.024674","0.025825","1121","4375222256.920","6516806687.410"
"16","2012-25","4","3272374159","51797925862.20","0.010969","0.004822","0.004180","327","306344704.000","854837427.020"
"2","2012-25","4","123543110","213489519.00","-0.003076","0.014640","0.021977","53","12055300.770","18723983.590"
"1","2012-25","4","23259106304","222097092476.00","-0.017719","-0.017704","-0.017281","912","12723575282.520","15482112546.420"
"8","2012-25","4","90687862","592234458.50","-0.001204","0.011621","0.010117","52","97861506.820","110560334.190"
"4","2012-25","4","17281583428","192283744581.10","-0.008638","-0.015229","-0.014115","1124","4324948567.800","6446269933.520"
"16","2012-26","5","3409982081","53234679543.85","-0.015731","-0.016603","-0.015741","329","304310077.600","847743876.810"
"2","2012-26","5","135866328","186657013.00","-0.016293","-0.023524","-0.026694","53","11771710.110","18224150.850"
"1","2012-26","5","27802428304","252398767066.00","-0.032041","-0.014635","-0.014219","915","12523427551.560","15246686218.890"
"8","2012-26","5","136713081","832902284.83","-0.019804","-0.015893","-0.016837","52","96072832.220","108278810.560"
"4","2012-26","5","20439142840","219829344409.52","-0.030110","-0.025668","-0.024400","1124","4215634655.110","6287839471.130"
"16","2012-27","5","4073741445","66935842098.71","0.013463","0.017054","0.018228","329","313745008.970","865352248.150"
"2","2012-27","5","145727988","151312566.00","0.004109","0.009483","0.009879","53","11693065.830","18213920.500"
"1","2012-27","5","31324145539","295344898703.00","0.000632","0.002065","0.000606","921","12562045689.890","15266958933.290"
"8","2012-27","5","131062272","833515833.84","0.005270","0.018610","0.015142","52","97689972.400","109747601.260"
"4","2012-27","5","22422107259","260872205968.31","0.008177","0.013005","0.014310","1124","4278853543.120","6373681735.220"
"16","2012-28","5","3513384616","56841392810.88","-0.050921","-0.036455","-0.038595","332","304629036.310","838440104.800"
"2","2012-28","5","138477568","241866940.00","-0.002472","0.075662","0.112495","53","11544427.020","18956571.880"
"1","2012-28","5","33101574168","310164156539.00","-0.017873","-0.015771","-0.016172","922","12357999532.990","15010486627.690"
"8","2012-28","5","125586416","750076119.24","-0.018807","-0.020896","-0.021822","51","91326395.340","103034057.200"
"4","2012-28","5","21964870143","263202989316.07","-0.022870","-0.006193","-0.009957","1122","4239627195.120","6329097328.540"
"16","2012-29","5","3278631430","49016785885.05","-0.030405","-0.026847","-0.029211","334","298729987.950","819174739.300"
"2","2012-29","5","140037638","119804795.00","0.006141","-0.001882","-0.003319","53","11512051.730","18882112.310"
"1","2012-29","5","33150909189","296190441942.00","-0.007982","-0.006690","-0.006761","920","12254227728.880","14882357464.390"
"8","2012-29","5","122528278","668574397.31","-0.007433","-0.017437","-0.017962","51","80274629.500","91728998.190"
"4","2012-29","5","23097707264","247500289920.85","-0.020998","-0.029549","-0.030018","1122","4106130037.920","6125985900.620"
"16","2012-30","5","2734695511","44058508190.18","-0.006893","-0.004999","-0.006230","338","300401882.090","822875912.190"
"2","2012-30","5","174356850","139030715.00","-0.062516","-0.054268","-0.052722","53","10865466.680","17864763.650"
"1","2012-30","5","26188168893","226456299413.00","-0.024213","-0.018836","-0.017868","921","12037200027.410","14612671748.470"
"8","2012-30","5","197328939","919512861.19","-0.110291","-0.067832","-0.078202","51","74811856.870","84519149.420"
"4","2012-30","5","18416658155","193559523365.64","-0.021546","-0.024075","-0.023510","1123","4036773236.360","5989405514.020"
"16","2012-31","5","2587128798","40572800543.23","-0.005427","0.004679","0.003644","342","304367937.640","831753342.850"
"2","2012-31","5","254332713","157519176.00","-0.057915","-0.024794","-0.013305","53","10596067.750","17627076.750"
"1","2012-31","5","26354862292","214823639788.00","-0.017219","0.003701","0.002459","921","12134426138.190","14647924520.050"
"8","2012-31","5","259327289","1102881290.07","-0.044699","-0.010752","-0.011282","50","73313432.880","82504083.410"
"4","2012-31","5","18032484843","179725932592.83","-0.014654","-0.006205","-0.006327","1131","4036462473.250","5985731539.230"
"16","2012-32","5","3361326426","55411474994.28","0.046180","0.044766","0.043683","343","319007508.860","871008774.970"
"2","2012-32","5","171168755","109886696.00","0.059373","0.033029","0.027369","53","10883308.930","18048635.720"
"1","2012-32","5","35894865621","310928213386.00","0.042819","0.016925","0.017090","922","12342029124.490","14906953907.960"
"8","2012-32","5","182964244","1084267871.28","0.058630","-0.013307","0.004990","48","72211135.370","82091172.210"
"4","2012-32","5","25876530150","265949963967.55","0.050466","0.036729","0.039937","1133","4196161290.480","6234925951.430"
"16","2012-33","5","2631403307","42180516421.35","-0.024656","-0.028319","-0.027314","346","311851209.210","853161215.160"
"2","2012-33","5","135492990","88029634.00","-0.012848","-0.014988","-0.012736","53","10720183.180","17818762.990"
"1","2012-33","5","28174201793","246332250066.00","-0.027207","-0.024794","-0.025079","923","12046743389.400","14546734653.160"
"8","2012-33","5","180021422","1237629723.16","-0.008782","0.018529","0.017200","48","86196178.760","95068287.710"
"4","2012-33","5","21940803097","218249395123.58","-0.027070","-0.032604","-0.034297","1129","4040443068.470","5998090807.520"
"16","2012-34","5","3959065483","59766931749.85","0.027978","0.022789","0.021769","346","317048734.250","864782431.150"
"2","2012-34","5","120443232","77160116.00","0.007831","0.005987","0.002889","53","10784369.900","17870255.140"
"1","2012-34","5","28293539659","238977955362.00","-0.000989","-0.010464","-0.010802","924","11954185168.080","14422428500.750"
"8","2012-34","5","158929637","1046445011.56","0.022592","0.002566","0.002881","48","86410600.270","95335474.270"
"4","2012-34","5","22356631279","223671870919.63","0.003759","-0.012019","-0.010479","1131","4003514321.190","5945524485.180"
"16","2012-35","5","3549388614","53913747775.25","-0.020974","-0.026716","-0.026124","346","310413863.940","842142402.570"
"2","2012-35","5","119150548","81699369.00","-0.006018","-0.006687","-0.003599","53","10712245.320","17805929.680"
"1","2012-35","5","27386293569","217100066879.00","-0.021082","-0.019473","-0.019115","923","11705126206.770","14126763841.920"
"8","2012-35","5","148373548","902956677.30","-0.013824","-0.019080","-0.017761","48","84761843.840","93642206.420"
"4","2012-35","5","19791885386","190421807547.21","-0.032771","-0.039587","-0.040282","1129","3838770280.620","5684691124.720"
"16","2012-36","5","4395478257","64988337788.66","0.083069","0.076810","0.075437","345","332500147.550","902253819.700"
"2","2012-36","5","161903266","117959649.00","0.051151","0.042272","0.034764","53","11165073.260","18424945.230"
"1","2012-36","5","37015289300","293489218585.00","0.055110","0.039661","0.039602","928","12184183912.350","14707462143.340"
"8","2012-36","5","150572268","825170790.91","0.036135","0.017480","0.021660","48","86243547.930","95670584.180"
"4","2012-36","5","25210750793","244025557821.59","0.065988","0.060968","0.063344","1134","4080185152.270","6057365973.490"
"16","2012-37","5","4896544332","71098327491.71","-0.015089","-0.018577","-0.019368","346","326427070.080","886598341.090"
"2","2012-37","5","150088185","126196382.00","0.003948","0.003434","-0.000073","52","11154473.380","18374804.920"
"1","2012-37","5","43691376757","361001012553.00","0.004904","-0.001828","-0.001918","927","12162258581.820","14678074825.250"
"8","2012-37","5","221305693","1116539963.04","0.006656","-0.002939","-0.003920","48","85989997.770","95295461.050"
"4","2012-37","5","31459527774","307388059881.47","0.001005","0.001442","0.000442","1138","4110623228.650","6080876274.430"
"16","2012-38","5","3011834467","42339491210.05","-0.082492","-0.077765","-0.078635","347","302291417.900","818856537.770"
"2","2012-38","5","126916523","95659371.00","-0.041948","-0.036057","-0.033652","53","10799288.380","17803575.870"
"1","2012-38","5","30893366147","250692898269.00","-0.059120","-0.041922","-0.043922","926","11614942005.930","13997331313.330"
"8","2012-38","5","176056208","877106857.68","-0.044341","-0.046749","-0.046701","48","81970028.100","90845061.600"
"4","2012-38","5","21457827978","203864656517.86","-0.062454","-0.060236","-0.061518","1139","3862622425.200","5710605642.720"
"16","2012-39","5","2538917819","34884696751.53","0.001163","-0.001418","-0.001639","349","307115082.820","829026342.210"
"2","2012-39","5","96140060","82693080.00","0.020804","0.017671","0.014162","53","10990129.240","18055721.480"
"1","2012-39","5","31143702246","247052600426.00","0.019743","0.030206","0.029713","924","11932444901.170","14375185137.350"
"8","2012-39","5","125142884","736593689.40","0.028630","0.033704","0.034078","47","83165326.490","92372897.810"
"4","2012-39","5","19516727835","186373361202.15","0.011919","0.029523","0.027362","1140","3989956150.330","5870895800.580"
"16","2012-41","5","3245051718","45406325489.38","0.019162","0.023541","0.023198","351","316140805.690","851241518.040"
"2","2012-41","5","130755589","90874387.00","0.009523","0.005082","0.004094","53","11045980.980","18129636.800"
"1","2012-41","5","36005988047","280447925696.00","0.019288","0.008680","0.009039","921","12027801412.620","14530766246.400"
"8","2012-41","5","181179660","992421063.34","0.023427","0.019613","0.018481","47","84796507.230","94080062.180"
"4","2012-41","5","25325928046","234009670525.15","0.021765","0.011133","0.012724","1142","4044160990.840","5963627321.350"
"16","2012-42","5","2815115320","37690696483.45","0.005393","0.012318","0.008174","350","319691829.250","855827255.150"
"2","2012-42","5","107146799","74311279.00","0.003994","0.004720","0.004419","52","11065430.670","18177068.910"
"1","2012-42","5","32539415717","252468663485.00","0.014416","0.011563","0.011095","921","12150705695.770","14662702573.110"
"8","2012-42","5","153691662","899531916.56","0.015329","0.029658","0.027390","47","87311454.430","96657000.770"
"4","2012-42","5","23853008987","219983547313.49","0.028591","0.014720","0.014517","1143","4103314478.050","6061866404.310"
"16","2012-43","5","2532141859","34262269935.22","-0.044267","-0.044844","-0.045132","351","307906274.670","820567575.730"
"2","2012-43","5","106559074","69758399.00","-0.011153","-0.011407","-0.008858","53","10971372.970","18048297.500"
"1","2012-43","5","36862160025","260774865303.00","-0.032573","-0.029027","-0.029453","929","11856090784.970","14304447376.630"
"8","2012-43","5","229445381","1174798218.58","0.000070","-0.015303","-0.009660","48","87468480.640","97224971.980"
"4","2012-43","5","25401041804","215272168445.39","-0.040318","-0.041403","-0.042367","1143","3970371068.600","5821412058.180"
"16","2012-44","5","2019570106","27641657926.99","0.025401","0.024872","0.024871","353","322722728.550","843415770.770"
"2","2012-44","5","107795676","80909028.00","0.013332","0.019556","0.022614","53","11185937.930","18456445.800"
"1","2012-44","5","33209726883","242971256087.00","0.025203","0.024053","0.024767","928","12148946866.520","14658011797.520"
"8","2012-44","5","179710484","1011848579.98","0.034677","0.030684","0.032035","47","88611337.120","95930757.070"
"4","2012-44","5","21157662430","181878551722.82","0.027373","0.028362","0.027005","1144","4092596565.230","5983194036.820"
"16","2012-45","5","2346089945","30740634476.42","-0.039550","-0.040651","-0.040275","353","310211608.560","809438078.390"
"2","2012-45","5","91572668","68484124.00","-0.018635","-0.010994","-0.007744","53","11062951.930","18313501.640"
"1","2012-45","5","32216503401","241993608253.00","-0.034038","-0.023375","-0.022815","926","11889137858.100","14324588350.590"
"8","2012-45","5","185827680","1014503117.69","-0.015955","-0.017095","-0.017400","47","87096497.240","94261488.020"
"4","2012-45","5","21681710421","186985085262.47","-0.038527","-0.039773","-0.040577","1147","3945058608.200","5754653651.290"
"16","2012-46","5","2282505126","30994147450.66","-0.025288","-0.025262","-0.024204","353","302558207.770","790573667.350"
"2","2012-46","5","73514506","54141972.00","-0.024980","-0.021992","-0.021864","53","10819650.930","17913090.410"
"1","2012-46","5","26527854110","196135534022.00","-0.033902","-0.026757","-0.026381","930","11586438895.180","13964553237.280"
"8","2012-46","5","118059239","618907482.07","-0.022238","-0.013727","-0.014288","47","85900903.120","92914644.600"
"4","2012-46","5","17497533827","148237887745.03","-0.036577","-0.036140","-0.036165","1142","3804539022.060","5536819088.220"
"16","2012-47","5","2572668370","32126770082.38","0.011291","0.000690","0.001819","352","302252643.790","790969686.170"
"2","2012-47","5","56399010","40036897.00","0.009547","0.008594","0.007664","53","10912640.000","18050383.500"
"1","2012-47","5","23775500043","180876085024.00","0.006219","0.006195","0.006289","932","11682639667.200","14054887400.550"
"8","2012-47","5","111428757","776482366.21","0.025504","0.025215","0.027197","46","87669731.910","95043698.130"
"4","2012-47","5","15365008822","133760754524.94","0.006463","0.001371","0.000509","1143","3812094356.420","5544953349.730"
"16","2012-48","5","2242243913","26136749041.71","-0.087201","-0.079589","-0.079753","349","275269208.290","720801633.030"
"2","2012-48","5","84974555","70026441.00","-0.029632","-0.005598","0.006375","52","10457698.810","17004362.640"
"1","2012-48","5","25749631787","177170730722.00","-0.061300","-0.022559","-0.023520","930","11433614475.430","13737730483.130"
"8","2012-48","5","223483971","1329896750.88","-0.035517","-0.004469","-0.006812","45","87111914.960","94230665.720"
"4","2012-48","5","15796451340","131463720122.38","-0.077140","-0.055534","-0.059114","1139","3599421452.860","5198852817.500"
"16","2012-49","5","2926375445","31936626188.95","0.046241","0.049823","0.047259","349","289134103.790","754845875.650"
"2","2012-49","5","130923175","109136773.00","0.035348","0.026777","0.021548","51","10688009.100","17321312.120"
"1","2012-49","5","43931181480","311483190138.00","0.048133","0.041759","0.041624","925","11910317010.630","14291020092.550"
"8","2012-49","5","226200446","1213337305.37","0.034440","0.026746","0.025905","45","75368841.770","82610289.220"
"4","2012-49","5","24710825681","204833593009.61","0.046077","0.043403","0.044826","1137","3766903130.270","5432721086.440"
"16","2012-50","5","4025863953","45513446589.99","0.040514","0.034094","0.035196","350","299871743.920","781490428.720"
"2","2012-50","5","172847736","125262031.00","0.039026","0.025857","0.021090","52","11014047.810","17736062.640"
"1","2012-50","5","51873085605","375613412501.00","0.042496","0.041842","0.043413","923","12416859952.010","14912074564.740"
"8","2012-50","5","259644496","1350123431.01","0.036994","0.035664","0.035633","46","79057464.510","87629316.410"
"4","2012-50","5","30561677570","254650471848.36","0.038229","0.039474","0.039702","1135","3916551766.260","5634716813.960"
"16","2012-51","5","4394048395","54421752422.51","0.040237","0.028605","0.033389","350","308765426.820","807584171.330"
"2","2012-51","5","193682914","139019089.00","0.010527","0.012104","0.011739","52","11147367.190","17944278.350"
"1","2012-51","5","56555343264","449171869349.00","0.008677","0.001247","0.001309","931","12525613316.700","14954023496.960"
"8","2012-51","5","259873776","1481407352.48","0.013897","0.011032","0.011234","46","79929696.930","88613772.600"
"4","2012-51","5","34300411820","312491808115.27","0.014171","0.012480","0.014506","1139","3984958381.320","5733759062.660"
"16","2012-52","5","5673654244","79794710383.56","0.059062","0.058765","0.060369","350","328655153.780","856337047.580"
"2","2012-52","5","350391404","254100987.00","0.081186","0.057874","0.042172","52","12060664.240","18969187.900"
"1","2012-52","5","58510052270","470764703275.00","0.046029","0.037878","0.037201","926","13023959290.150","15497929025.310"
"8","2012-52","5","319368512","1751924541.50","0.077960","0.073803","0.076276","46","85828778.660","95372915.260"
"4","2012-52","5","38135724782","356496224285.57","0.053494","0.049104","0.052170","1134","4165313824.680","5999766295.240"
"16","2012-53","1","920825736","13917795006.54","0.001162","0.004938","0.004083","350","328421413.560","859830774.010"
"2","2012-53","1","75142764","55221989.00","0.008545","0.003042","0.004185","52","12097360.040","19048577.830"
"1","2012-53","1","12727997410","105194507598.00","0.011050","0.016534","0.016237","923","13254983060.780","15703485082.830"
"8","2012-53","1","80119606","442710856.65","0.024472","0.022115","0.021574","45","71284652.350","80996935.690"
"4","2012-53","1","7451659742","73096243417.15","0.008678","0.011203","0.010458","1126","4108788970.210","5968085802.250"
"16","2013-01","1","1014482876","15154004407.74","0.001993","-0.004649","-0.001991","350","341378356.150","858115155.780"
"2","2013-01","1","101589728","87223613.00","0.002400","0.010883","0.009696","52","12229019.610","19233285.470"
"1","2013-01","1","13845403362","114079162319.00","-0.004213","0.002743","0.003445","926","13332088712.860","15800999795.650"
"8","2013-01","1","179875857","1211585899.29","0.028955","0.047038","0.044929","45","74637794.170","84636068.360"
"4","2013-01","1","7885885015","77732183037.38","-0.003478","-0.005105","-0.004791","1127","4093405327.140","5943863234.150"
"16","2013-02","5","6297888793","91121086262.08","0.035628","0.036112","0.034726","351","361522105.280","892336285.650"
"2","2013-02","5","576943969","468416750.00","0.034797","0.027737","0.024728","51","12329858.610","19471220.750"
"1","2013-02","5","60245112491","502965881913.00","0.002442","-0.014789","-0.015166","925","13172202132.110","15618184224.560"
"8","2013-02","5","698885579","4163342420.82","0.032888","0.003249","0.006065","45","72404419.040","83040946.900"
"4","2013-02","5","40956102263","393436957597.90","0.013822","0.004006","0.006330","1127","4105934158.130","5983661234.920"
"16","2013-03","5","6710543383","100404056602.64","0.053106","0.065660","0.058838","351","386506221.030","944839879.610"
"2","2013-03","5","380079331","316967816.00","0.063726","0.046886","0.036758","50","12787422.510","20067570.490"
"1","2013-03","5","70464610562","604354404556.00","0.056099","0.032418","0.033133","922","13603455309.840","16125222888.460"
"8","2013-03","5","455040836","2751262910.10","0.064936","0.045848","0.050383","47","76111830.530","87860692.490"
"4","2013-03","5","47465225675","469591872671.78","0.058481","0.057268","0.057899","1133","4360468406.620","6346754918.820"
"16","2013-04","5","4936676454","75072852516.14","-0.046628","-0.039085","-0.040486","351","375190808.060","906621304.700"
"2","2013-04","5","655953768","558575338.00","0.018745","0.008367","0.002464","51","13128292.960","20349524.350"
"1","2013-04","5","64940464155","545708887038.00","-0.023582","-0.011928","-0.011214","921","13449172702.450","15943131807.530"
"8","2013-04","5","844799375","5815802609.08","0.061452","0.098659","0.099625","48","101679611.020","114688340.650"
"4","2013-04","5","41773995128","413640936362.18","-0.032039","-0.024462","-0.028290","1135","4358888282.770","6280599559.790"
"16","2013-05","5","4528774925","67960961326.16","0.024175","0.025596","0.023453","352","387437198.270","931393676.010"
"2","2013-05","5","425469442","367143956.00","0.068834","0.045516","0.034609","51","13725842.710","21053802.590"
"1","2013-05","5","69638797033","606143519656.00","0.040721","0.053280","0.056120","921","14166395184.320","16838557721.480"
"8","2013-05","5","740326324","5007951799.53","0.058614","0.051797","0.054820","49","110279918.880","124318794.990"
"4","2013-05","5","40609671297","418148242499.74","0.039038","0.041917","0.040871","1137","4570100692.480","6558284796.480"
"16","2013-06","5","3939819356","60220462395.50","0.037930","0.043322","0.042938","352","403663181.450","971932174.780"
"2","2013-06","5","486380307","430505205.00","0.051258","0.027161","0.027250","51","14098651.830","21627535.670"
"1","2013-06","5","65910109040","589809245516.00","0.023586","0.005029","0.005421","926","14255370034.670","16950772618.810"
"8","2013-06","5","473764261","3638480264.08","0.012296","-0.019204","-0.014496","50","108918470.890","124322540.450"
"4","2013-06","5","36762443988","388129762076.10","0.043816","0.027496","0.028294","1146","4712857157.220","6775821058.680"
"16","2013-08","5","5320444246","79953740493.55","0.010127","0.015745","0.012263","352","412478406.590","983861603.230"
"2","2013-08","5","508524095","436109132.00","-0.078804","-0.062913","-0.047530","52","13654695.280","21771553.250"
"1","2013-08","5","58588497020","518679461298.00","-0.021177","-0.048471","-0.048788","924","13575573194.280","16110260980.860"
"8","2013-08","5","463119696","3494470786.64","-0.046323","-0.041297","-0.041814","50","104420440.950","119124099.970"
"4","2013-08","5","37937012116","397976146016.99","-0.010795","-0.031015","-0.027634","1147","4624479522.570","6585063411.070"
"16","2013-09","5","5613768580","87786608060.02","0.046780","0.051047","0.047834","351","439409063.490","1029797111.210"
"2","2013-09","5","379531713","323176855.00","0.048022","0.037353","0.033661","52","14164745.700","22504409.890"
"1","2013-09","5","54729885698","497239991763.00","0.027804","0.018877","0.019654","922","13858868859.590","16389447012.800"
"8","2013-09","5","293185407","2290805094.98","0.036766","0.037076","0.037395","50","108292018.120","123578799.350"
"4","2013-09","5","35517624066","377999337080.70","0.029531","0.028210","0.029324","1145","4762276077.730","6774425974.840"
"16","2013-10","5","5883035799","93857173355.70","-0.012068","-0.019628","-0.018132","349","421334533.650","993833951.130"
"2","2013-10","5","380924511","320781404.00","-0.013693","-0.023437","-0.025506","52","13832764.220","21930402.110"
"1","2013-10","5","66896156448","597642558209.00","-0.013705","-0.016695","-0.017433","921","13626069701.600","16101437363.050"
"8","2013-10","5","424344243","2772815475.21","-0.016017","-0.025389","-0.023015","50","105542505.640","120734615.830"
"4","2013-10","5","46457653708","472965935816.12","-0.009842","-0.021379","-0.020191","1140","4639254140.570","6619122245.330"
"16","2013-11","5","3839705295","59830347640.39","-0.034800","-0.022925","-0.025330","349","411830891.010","968234491.830"
"2","2013-11","5","271651218","225763024.00","-0.027880","-0.030225","-0.031873","52","13414656.150","21231389.800"
"1","2013-11","5","48680453344","421626733191.00","-0.025486","-0.017743","-0.017313","919","13385866333.030","15815403622.740"
"8","2013-11","5","310951686","2087155471.41","-0.038499","-0.032292","-0.036662","50","102134329.670","116308218.730"
"4","2013-11","5","30717350360","312059131879.79","-0.032197","-0.026937","-0.026628","1141","4516853173.710","6449631139.490"
"16","2013-12","5","3791231217","60328274721.42","0.031749","0.034212","0.035499","347","428762615.630","1000212352.010"
"2","2013-12","5","221837593","185052067.00","0.020634","0.022288","0.026975","51","13660213.290","21693394.000"
"1","2013-12","5","53009599335","460549186658.00","0.028961","0.021709","0.022149","924","13703791845.180","16187003158.270"
"8","2013-12","5","243186092","1579099404.67","0.017540","0.002143","0.005018","50","102353211.190","116891879.220"
"4","2013-12","5","32095872799","330130633422.33","0.029699","0.029001","0.029584","1142","4660825510.470","6665099621.850"
"16","2013-13","5","3315935581","53414046287.37","-0.041965","-0.030374","-0.029918","346","422172104.050","964415139.470"
"2","2013-13","5","200088678","205886999.00","-0.037706","-0.021467","-0.013441","52","13418104.670","21508151.230"
"1","2013-13","5","50903501971","442598924862.00","-0.034477","-0.038390","-0.039866","918","13162535053.930","15520262932.890"
"8","2013-13","5","202687506","1397810060.66","-0.020805","-0.014445","-0.016722","50","100874692.180","114937146.200"
"4","2013-13","5","30755144407","317844052326.61","-0.031496","-0.036325","-0.036029","1143","4486529618.820","6420782398.350"
"16","2013-14","3","1942976670","32680554928.89","-0.027876","-0.032602","-0.030717","346","408269721.640","934434002.670"
"2","2013-14","3","92995553","79338470.00","-0.000720","0.001216","0.002494","52","13434425.370","21561794.400"
"1","2013-14","3","24799140840","212898193290.00","-0.009530","-0.004922","-0.005152","918","13160004118.310","15463296408.770"
"8","2013-14","3","137894413","897300870.33","-0.029562","-0.025109","-0.028016","50","98341785.130","111716974.240"
"4","2013-14","3","17073169635","173146756290.22","-0.016538","-0.010371","-0.013663","1141","4475753201.420","6349984868.990"
"16","2013-15","5","2697878605","42570767208.87","0.001758","0.008692","0.007450","346","419392192.200","952225027.700"
"2","2013-15","5","156497970","142635367.00","-0.009797","-0.012840","-0.013543","52","13261925.840","21269769.940"
"1","2013-15","5","38868769906","335327977423.00","-0.008149","-0.008091","-0.008346","921","13015383752.780","15294726779.560"
"8","2013-15","5","203256124","1382832032.53","0.015568","0.022902","0.021045","50","100594112.360","114068100.510"
"4","2013-15","5","25989925913","270515213939.21","-0.003320","-0.002669","-0.002257","1140","4468437519.360","6334000678.000"
"16","2013-16","5","2777970472","44552827154.44","0.044038","0.050686","0.050716","343","432630732.600","983005808.080"
"2","2013-16","5","213445870","189993751.00","0.013047","0.011494","0.008980","52","13414369.210","21460788.320"
"1","2013-16","5","39908170602","341188138649.00","0.019362","0.016821","0.017439","918","13249052470.590","15572249940.720"
"8","2013-16","5","248899818","1681520913.63","0.030390","0.047154","0.046464","50","105337583.930","119368263.480"
"4","2013-16","5","25775517364","269164236021.06","0.026836","0.030464","0.031949","1140","4606196617.320","6543676332.200"
"16","2013-17","5","4311427213","76945271766.19","-0.019824","-0.012018","-0.009536","342","431625930.980","969559887.520"
"2","2013-17","5","245149510","200647072.00","-0.022354","-0.031257","-0.038792","52","12995063.490","20628260.460"
"1","2013-17","5","45430196805","391922532399.00","-0.038528","-0.030452","-0.029905","918","12840416517.110","15099710095.080"
"8","2013-17","5","356150781","2553488900.09","-0.010216","-0.017366","-0.018520","50","103508213.800","117157503.580"
"4","2013-17","5","34812690333","362726813839.83","-0.034527","-0.035747","-0.036287","1147","4477785660.410","6354377298.970"
"16","2013-18","2","1329423817","25104114005.24","0.043755","0.052874","0.050888","340","458724135.350","1015242960.990"
"2","2013-18","2","97103598","85457320.00","0.015796","0.019889","0.021559","52","13253528.670","21073007.270"
"1","2013-18","2","15595036365","137661700457.00","0.016166","0.012952","0.012848","915","13018760379.790","15303844256.280"
"8","2013-18","2","107314104","809779468.72","0.011119","0.015063","0.013855","50","105067432.070","118780827.030"
"4","2013-18","2","11174527109","117444305949.67","0.023125","0.022495","0.023216","1142","4579618972.470","6496201832.650"
"16","2013-19","5","5596772757","98482740704.99","0.061395","0.054810","0.053687","342","489561005.980","1072061206.680"
"2","2013-19","5","238537689","189825851.00","0.020747","0.017070","0.018119","51","13385949.920","21360921.700"
"1","2013-19","5","45557417018","413323009418.00","0.033779","0.018125","0.019036","919","13265431424.130","15614720943.210"
"8","2013-19","5","279813229","2029280636.09","0.034462","0.031362","0.030669","50","108362589.660","122423759.120"
"4","2013-19","5","35937113277","382066388988.76","0.041326","0.033525","0.035256","1146","4754212098.710","6743003096.300"
"16","2013-20","5","6209998332","103834675488.52","0.032985","0.036593","0.035951","343","511221754.950","1115807392.780"
"2","2013-20","5","225546578","180871420.00","0.021580","0.009844","0.005246","51","13517728.320","21473003.960"
"1","2013-20","5","47533400823","433892604395.00","0.027774","0.016579","0.016444","916","13488586499.910","15884565922.440"
"8","2013-20","5","304852623","2197738519.35","0.023334","0.018424","0.017545","50","110122459.250","124334989.370"
"4","2013-20","5","38359880899","400786347325.44","0.032900","0.029483","0.032186","1143","4888484625.040","6960629984.350"
"16","2013-21","5","8090975234","131080810102.43","0.063491","0.054339","0.055502","343","544692189.580","1180967314.020"
"2","2013-21","5","276326325","217981638.00","0.013801","0.006569","0.000638","51","13393666.290","21274611.570"
"1","2013-21","5","61438150962","558881361898.00","0.022081","0.002301","0.003320","913","13404678350.820","15801680594.840"
"8","2013-21","5","435734631","2647388420.21","0.003612","-0.004486","-0.005151","49","108350106.870","121761871.100"
"4","2013-21","5","49557282497","519555016218.56","0.028485","0.022423","0.022809","1139","4996410334.400","7099864961.540"
"16","2013-22","5","6985049395","111201423512.93","0.000304","-0.000741","-0.001507","342","542920352.070","1167651166.960"
"2","2013-22","5","251098588","215982466.00","0.007034","-0.012837","-0.023543","52","13406087.040","20955732.990"
"1","2013-22","5","58277338548","537498744038.00","0.015082","0.006091","0.005912","916","13523381382.670","15931856667.550"
"8","2013-22","5","372575989","2654973913.87","0.023082","0.017655","0.017334","49","110131213.860","123740743.860"
"4","2013-22","5","46221671513","483039359026.28","0.014975","0.007733","0.007612","1140","5079814683.500","7138544899.620"
"16","2013-23","5","5521291075","88421270173.12","-0.058629","-0.048820","-0.050092","343","518686282.370","1108610515.130"
"2","2013-23","5","257249621","192221633.00","-0.028343","-0.000582","0.008291","51","13127445.760","20762855.790"
"1","2013-23","5","44420620966","410300549496.00","-0.049536","-0.036113","-0.036206","909","12964597974.040","15234242570.720"
"8","2013-23","5","291996879","2254818997.74","-0.028284","-0.020581","-0.022253","49","107795153.930","120917624.840"
"4","2013-23","5","36595399711","373064067360.32","-0.053154","-0.051360","-0.052330","1135","4818812978.900","6712471038.410"
"16","2013-24","2","2173984232","36141322570.45","0.021570","0.030992","0.032261","341","518898085.930","1121366829.980"
"2","2013-24","2","92925004","69986296.00","-0.014972","-0.014379","-0.013718","51","12914374.000","20453706.030"
"1","2013-24","2","17129931596","148031033588.00","-0.021473","-0.022873","-0.021654","901","12561996084.420","14780727034.400"
"8","2013-24","2","132729292","929479238.23","-0.027438","-0.049085","-0.049444","48","101756309.020","112885433.510"
"4","2013-24","2","12842534337","128243748433.48","-0.013192","-0.016005","-0.014231","1129","4751759777.570","6603553572.360"
"16","2013-25","5","5872445454","97650096390.12","-0.034675","-0.040437","-0.040926","340","499637082.720","1072586216.920"
"2","2013-25","5","161105614","127267653.00","-0.023040","-0.032072","-0.038956","51","12442458.810","19599174.470"
"1","2013-25","5","37666517556","333923938076.00","-0.034362","-0.036711","-0.037419","909","12133732105.200","14313786052.920"
"8","2013-25","5","209367022","1439486031.93","-0.031993","-0.042630","-0.043123","48","97212628.420","107811651.820"
"4","2013-25","5","29663526268","302347296301.03","-0.035915","-0.038037","-0.037908","1129","4587516492.620","6364242133.060"
"16","2013-26","5","7489931304","115751836735.32","-0.039819","-0.023498","-0.027682","341","502038735.340","1051834929.160"
"2","2013-26","5","250923074","191735460.00","-0.033663","-0.027995","-0.021895","51","12048960.290","19124868.380"
"1","2013-26","5","55259131369","434196173126.00","-0.073960","-0.039769","-0.037956","908","11561661902.100","13637065377.200"
"8","2013-26","5","306276494","1898400324.09","-0.035734","-0.010947","-0.012539","47","95606257.190","105379085.250"
"4","2013-26","5","38710539867","356942047715.45","-0.071462","-0.062818","-0.061652","1129","4305874945.620","5972993336.790"
"16","2013-27","5","7269419743","120639263673.30","0.042277","0.043894","0.046012","341","526304348.820","1099879259.280"
"2","2013-27","5","154615059","109831775.00","0.008357","0.005919","0.000944","52","12103736.530","19126048.090"
"1","2013-27","5","44812653655","370519473385.00","0.034195","0.016014","0.016471","914","11811842913.720","13870846831.010"
"8","2013-27","5","151400243","957752626.37","0.013080","-0.004990","-0.002653","47","92469969.320","103097780.880"
"4","2013-27","5","34931696944","348549299550.88","0.042323","0.038101","0.039807","1131","4485407450.960","6215556125.260"
"16","2013-28","5","6473154991","102961763487.02","0.021361","0.031144","0.028976","340","544251823.250","1124451246.870"
"2","2013-28","5","206155226","145988623.00","0.020305","0.024419","0.026741","52","12331986.190","19559544.130"
"1","2013-28","5","51755659992","425338483054.00","0.014064","0.019402","0.019195","910","11978988600.290","14068191626.010"
"8","2013-28","5","214055940","1307621707.19","0.008561","-0.000167","-0.000382","47","91727886.400","102331737.730"
"4","2013-28","5","37298714104","353766754956.24","0.013967","0.017907","0.018384","1128","4564342188.570","6328942054.780"
"16","2013-29","5","8677156901","140691384761.26","0.036371","0.028886","0.030319","338","553614325.570","1142630425.210"
"2","2013-29","5","132274770","105309319.00","0.001443","0.045734","0.071358","52","11963170.790","18817254.220"
"1","2013-29","5","49684594863","422339235222.00","-0.015124","-0.023399","-0.022557","912","12365678576.200","13769322747.240"
"8","2013-29","5","202482386","1245853269.49","-0.013749","-0.017883","-0.023125","47","89616792.510","99483167.670"
"4","2013-29","5","40887316196","413052689013.92","-0.005605","-0.019269","-0.016265","1128","4451248978.310","6184155395.040"
"16","2013-30","5","9128841647","151146205160.17","0.043024","0.043174","0.040192","338","583842507.000","1194044466.490"
"2","2013-30","5","120023862","89729399.00","0.012434","0.001829","-0.003340","51","11779039.880","18549417.360"
"1","2013-30","5","47024088525","407295397996.00","0.025766","0.010199","0.011062","901","12413618533.840","13821535240.120"
"8","2013-30","5","187654232","1284801927.85","0.007499","0.009208","0.009802","49","92421044.890","102990081.370"
"4","2013-30","5","40487252242","414887841694.78","0.035421","0.029834","0.030078","1127","4632932764.170","6395382741.680"
"16","2013-31","5","7516897108","122843653320.44","0.036489","0.028858","0.028894","341","611989253.320","1250320745.560"
"2","2013-31","5","134714983","103736837.00","0.025537","0.017726","0.013810","51","11933925.550","18751675.610"
"1","2013-31","5","40956596360","347080449589.00","0.014852","0.009712","0.009484","907","12575269650.550","14012851092.850"
"8","2013-31","5","141016415","926408792.45","0.011937","0.017057","0.016437","49","93997495.860","104682955.910"
"4","2013-31","5","36470815876","363690310107.63","0.021885","0.014017","0.014124","1125","4686289153.370","6460452783.570"
"16","2013-32","5","7695228923","124514663431.20","0.002252","-0.010255","-0.007003","339","604197483.770","1232609088.910"
"2","2013-32","5","150313946","126163757.00","0.025429","0.023795","0.017397","51","12064353.950","18924360.460"
"1","2013-32","5","47675811071","407439000311.00","0.026920","0.009493","0.011878","909","12707909399.990","14191944755.050"
"8","2013-32","5","151355793","1101918220.24","0.019305","0.027114","0.025115","48","95313027.200","106081394.180"
"4","2013-32","5","41497769375","419698098080.42","0.029762","0.027374","0.027780","1125","4824446188.870","6641422066.210"
"16","2013-33","5","7503344358","117206936304.15","-0.019345","-0.030834","-0.029902","338","588282555.730","1191085859.350"
"2","2013-33","5","222148912","180763316.00","0.006857","0.012954","0.013677","51","12195991.820","19158544.040"
"1","2013-33","5","61751414418","515457309133.00","-0.000632","0.009140","0.008243","907","12823610543.580","14283376470.730"
"8","2013-33","5","175680599","1233279624.14","0.009792","0.017697","0.017215","47","93384009.900","104101516.850"
"4","2013-33","5","45567630709","445843288581.56","-0.013258","-0.012446","-0.014368","1120","4735779132.750","6458970143.170"
"16","2013-34","5","7668677612","126098949595.43","0.064928","0.077090","0.074793","337","644261173.220","1286167041.490"
"2","2013-34","5","211108193","155991871.00","0.015964","0.010056","0.010719","51","12330185.050","19375474.850"
"1","2013-34","5","49351812417","413108110970.00","0.015312","-0.007059","-0.005764","910","12816748301.600","14263038992.100"
"8","2013-34","5","173937498","1180369917.13","0.009574","-0.013939","-0.008238","47","92075971.060","103227732.540"
"4","2013-34","5","38958043516","390077618327.49","0.026470","0.014587","0.017123","1125","4804642010.790","6592329358.560"
"16","2013-35","5","7541998382","129990299428.41","-0.041688","-0.038400","-0.037569","338","630236789.480","1237698309.610"
"2","2013-35","5","500176637","396318840.00","0.021531","-0.013568","-0.038851","52","12393378.330","18794463.000"
"1","2013-35","5","70600874651","570857939696.00","0.039435","0.019985","0.020450","913","13073738029.970","14516918194.000"
"8","2013-35","5","165241120","1167901018.31","0.011688","0.016403","0.016999","47","93586306.430","104982576.490"
"4","2013-35","5","46051481627","448946625499.01","0.003418","0.000931","-0.003109","1128","4796393481.490","6560588959.170"
"16","2013-36","5","6086955961","110275744643.07","0.067596","0.079768","0.078656","339","681218866.880","1321142430.860"
"2","2013-36","5","336111883","265396288.00","0.020899","-0.005594","-0.021971","52","12324040.110","18381516.380"
"1","2013-36","5","69649573045","573254418038.00","0.024280","0.018220","0.020164","919","13400179096.660","14899669882.290"
"8","2013-36","5","149561018","1081163469.09","0.002010","0.009943","0.008076","47","94516902.820","105830499.490"
"4","2013-36","5","43146271699","404832956244.19","0.031582","0.025967","0.028037","1119","4884854650.010","6691994125.010"
"16","2013-37","5","6846833832","120292046320.55","-0.018967","-0.025927","-0.024923","339","665889158.250","1292167124.860"
"2","2013-37","5","526864873","454529027.00","0.019406","0.037180","0.039035","52","12782255.120","19099042.810"
"1","2013-37","5","107741387991","870488248414.00","0.029777","0.049147","0.048041","919","14062994726.780","15634834161.410"
"8","2013-37","5","257332881","1731707248.51","0.085944","0.023157","0.036505","49","97607018.900","109645060.690"
"4","2013-37","5","54732459344","509852089149.62","0.012750","0.020038","0.017932","1113","5001106708.560","6809745741.760"
"16","2013-38","3","3519829454","66116849228.33","0.013891","0.022124","0.023987","338","681140309.550","1322792551.250"
"2","2013-38","3","189039833","207748998.00","0.001097","-0.002513","-0.005782","52","12750131.010","18988611.060"
"1","2013-38","3","42264806413","366094873651.00","-0.011893","-0.021012","-0.020205","910","13703774634.140","15245569584.660"
"8","2013-38","3","93042126","721786700.91","-0.000520","-0.010112","-0.009267","50","100022387.570","112034236.290"
"4","2013-38","3","24059844712","237673896467.55","-0.005190","-0.011416","-0.009913","1117","4961815424.170","6813587398.440"
"16","2013-39","5","7135188003","129434245043.59","0.026193","0.027962","0.029385","338","700065790.820","1359001720.360"
"2","2013-39","5","415698635","455893881.00","-0.023210","-0.010709","-0.005250","53","12699740.390","18975537.320"
"1","2013-39","5","69546282255","629264896785.00","-0.009542","-0.014977","-0.014682","914","13530181780.400","15062224100.800"
"8","2013-39","5","147673823","1168297632.39","-0.005563","-0.003009","-0.002882","50","99721343.610","111711340.750"
"4","2013-39","5","44076027551","454436119401.29","-0.000032","0.001858","0.003040","1121","5018373998.150","6879536867.670"
"16","2013-40","1","1127196594","22024211678.52","0.019505","0.029016","0.027862","335","726082970.330","1386676950.340"
"2","2013-40","1","52238151","60694363.00","0.015845","0.015644","0.011926","53","12898415.130","19201842.420"
"1","2013-40","1","9228769963","88609519169.00","0.012341","0.005898","0.006828","910","13612890168.280","15140073907.220"
"8","2013-40","1","26988373","215214165.02","0.004102","0.002027","0.001749","50","99923521.840","111906755.530"
"4","2013-40","1","6345128888","67932935762.55","0.011762","0.009396","0.009879","1118","5068323292.100","6936775168.050"
"16","2013-41","4","6303402745","126215657414.05","0.029538","0.020520","0.017408","337","756035250.750","1439230640.850"
"2","2013-41","4","290040917","256889156.00","0.028979","0.028293","0.020586","53","13263361.890","19597135.720"
"1","2013-41","4","56134960241","510225879190.00","0.043329","0.023695","0.024866","916","14011132466.090","15584366187.040"
"8","2013-41","4","179244391","1334540948.29","0.011188","0.036734","0.029968","50","103594130.710","115260468.800"
"4","2013-41","4","38614387615","401098660333.87","0.037711","0.032245","0.032664","1122","5246232956.930","7177445788.330"
"16","2013-42","5","7928115977","148411982589.75","-0.009812","-0.016747","-0.014480","340","757354437.440","1442245858.590"
"2","2013-42","5","303575828","278756598.00","-0.012710","-0.012385","-0.006960","53","13099091.070","19460726.270"
"1","2013-42","5","70180166433","630573910676.00","-0.010466","-0.015385","-0.015576","918","13826736220.580","15362283131.490"
"8","2013-42","5","210782795","1446949644.58","0.000617","0.000707","0.002124","50","103667451.500","115505397.780"
"4","2013-42","5","50228398856","508361425704.18","-0.006627","-0.011001","-0.012467","1121","5207377000.970","7078916061.830"
"16","2013-43","5","8386063463","152256871016.05","-0.030468","-0.048869","-0.046646","337","718832828.830","1372336696.650"
"2","2013-43","5","348096817","305612305.00","-0.013777","-0.025914","-0.025651","53","12759636.580","18961536.170"
"1","2013-43","5","64562683385","572519023033.00","-0.033414","-0.026954","-0.027984","915","13448395284.290","14919078061.660"
"8","2013-43","5","183998306","1446115202.21","-0.010710","-0.014563","-0.013242","51","102838502.730","115980035.940"
"4","2013-43","5","47871156417","484076513617.79","-0.027573","-0.033008","-0.029998","1125","5062258324.880","6896014839.170"
"16","2013-44","5","6618275428","117747249882.74","-0.037117","-0.041755","-0.041573","334","687644422.500","1299610467.790"
"2","2013-44","5","199104383","160500737.00","-0.005407","-0.002452","-0.001604","53","12212104.880","17382073.630"
"1","2013-44","5","54632794833","454397132174.00","-0.020191","0.009754","0.007923","915","13609475281.670","15055288672.760"
"8","2013-44","5","211856492","1624393350.07","-0.017883","-0.010996","-0.011699","52","103130385.780","118685165.820"
"4","2013-44","5","39548202801","370255879419.49","-0.026616","-0.016918","-0.019167","1122","4971370140.110","6756933154.610"
"16","2013-45","5","5712804020","101307139309.16","-0.000244","-0.005646","-0.003409","333","697063929.550","1312295498.690"
"2","2013-45","5","152756779","140134127.00","0.004163","-0.012721","-0.027003","53","12056742.170","16912689.630"
"1","2013-45","5","43194721713","370457984879.00","-0.018163","-0.020102","-0.020456","914","13334297570.490","14723113051.790"
"8","2013-45","5","125404679","1024718557.85","-0.009796","-0.012423","-0.011808","52","101849181.360","117283664.830"
"4","2013-45","5","32269355169","308774379684.90","-0.013340","-0.022835","-0.022601","1123","4851445109.280","6580630562.270"
"16","2013-46","5","6520112437","117622755130.26","0.081018","0.061640","0.064697","334","747670847.530","1402325256.510"
"2","2013-46","5","162393458","147542339.00","0.010312","-0.007166","-0.018669","53","11970342.240","16596931.140"
"1","2013-46","5","44545208249","385810489274.00","0.027451","0.013673","0.014363","911","13511765464.430","14932456571.790"
"8","2013-46","5","115119385","1013030912.92","0.018476","0.023378","0.023104","51","103591893.970","118477146.730"
"4","2013-46","5","30511391740","299243561927.62","0.032272","0.024935","0.026609","1124","5007487528.630","6760902938.810"
"16","2013-47","5","7892291078","142133560160.76","0.024282","0.020786","0.020916","332","756389101.630","1421805298.090"
"2","2013-47","5","210631693","161173486.00","0.015329","0.021786","0.026001","53","12231136.070","17028468.950"
"1","2013-47","5","65055253772","585474915567.00","0.030047","0.028953","0.028703","910","13896595510.330","15352377746.500"
"8","2013-47","5","209702434","1717325778.28","0.024446","0.030109","0.035078","51","106710985.500","122633171.630"
"4","2013-47","5","43961567233","428643672549.37","0.030008","0.023440","0.023410","1122","5152394386.830","6922828835.580"
"16","2013-48","5","8275511157","161429371408.61","0.085105","0.068238","0.070307","329","798524749.990","1507275357.430"
"2","2013-48","5","188249930","153115240.00","0.018005","0.023406","0.029118","53","12515545.330","17522439.410"
"1","2013-48","5","56366122673","499987088574.00","0.025642","0.009953","0.011063","909","14017512445.790","15511288888.890"
"8","2013-48","5","254039124","2532754654.26","0.006851","0.022975","0.018716","51","109162731.810","124928431.440"
"4","2013-48","5","40585110366","418944380711.84","0.034190","0.028103","0.029360","1119","5316606353.390","7158112077.170"
"16","2013-49","5","8695284336","151959042060.98","-0.113907","-0.119448","-0.122113","330","704723721.800","1326623678.920"
"2","2013-49","5","252485180","207039697.00","0.002469","0.003408","0.003126","53","12558200.700","17577219.370"
"1","2013-49","5","66830583445","585033153361.00","-0.006238","0.009049","0.007606","915","14171646148.990","15651928609.510"
"8","2013-49","5","225669442","1758940816.60","0.012174","0.017432","0.017884","51","111339970.660","127436949.680"
"4","2013-49","5","44828514089","455121558891.28","-0.018011","-0.010379","-0.013315","1116","5262600417.890","7055869774.050"
"16","2013-50","5","6381714065","116594844690.17","0.047560","0.055482","0.056369","331","747143966.730","1403332961.820"
"2","2013-50","5","235552470","175024085.00","0.005612","-0.011048","-0.020603","52","12132790.110","16931164.320"
"1","2013-50","5","48064408018","421947198249.00","-0.000769","-0.019596","-0.018616","912","13867727835.620","15328797194.180"
"8","2013-50","5","184070504","1421821164.75","0.005732","-0.017721","-0.016382","51","109366889.520","125349183.220"
"4","2013-50","5","35094603245","357860932793.80","0.012021","0.001907","0.004089","1117","5285653729.080","7097557496.940"
"16","2013-51","5","6400004433","112951119487.32","-0.025544","-0.022202","-0.024418","328","732090611.270","1359492816.100"
"2","2013-51","5","128631044","103649824.00","-0.018569","-0.023620","-0.021830","52","11846208.460","16561554.920"
"1","2013-51","5","40275249465","341826499374.00","-0.049224","-0.050487","-0.051361","914","13207433246.790","14651191111.930"
"8","2013-51","5","160702859","1449532038.38","-0.018829","-0.040056","-0.034818","51","104985988.140","120984759.200"
"4","2013-51","5","28908622483","298732419191.05","-0.043311","-0.044809","-0.043722","1121","5066118249.300","6789304129.010"
"16","2013-52","5","7142949631","128313487351.26","0.072493","0.051775","0.054373","331","774298651.740","1446607442.420"
"2","2013-52","5","138618337","110173837.00","0.018235","0.018582","0.020908","52","12066340.280","16907828.950"
"1","2013-52","5","35744925047","310756884858.00","0.003750","0.007544","0.007450","915","13333340757.970","14793385708.210"
"8","2013-52","5","131603217","969568587.93","0.008432","0.013852","0.010317","49","104385577.100","120184245.730"
"4","2013-52","5","27695287635","294366093861.88","0.019980","0.017626","0.018921","1118","5163523570.930","6944924161.900"
"16","2013-53","2","3191256953","55843183094.83","-0.000090","0.005085","0.002625","327","776152961.560","1441386482.220"
"2","2013-53","2","40761035","34603678.00","0.005498","0.005409","0.003411","52","12131607.800","16965501.100"
"8","2013-53","2","52206098","339257592.87","0.005372","0.007265","0.007083","50","105541373.580","121432831.350"
"4","2013-53","2","12205143257","129948606686.32","0.007406","0.008056","0.007526","1117","5251453756.940","7018271789.420"
"1","2013-53","2","15415182030","134283969376.00","0.008572","0.007281","0.006774","913","13444457672.050","14905226658.160"
"16","2014-01","2","3549280434","62334638895.34","0.038649","0.035875","0.037200","326","811199697.600","1495424756.460"
"2","2014-01","2","46282672","37503797.00","-0.007035","-0.014455","-0.016747","52","11956240.850","16681367.810"
"8","2014-01","2","54650726","392152629.79","-0.010297","-0.007555","-0.008712","50","104743983.060","120374907.130"
"4","2014-01","2","12924493923","143979310171.17","0.005578","0.000682","0.002004","1114","5233097074.150","7003484406.890"
"1","2014-01","2","15251990008","134064623132.00","-0.009918","-0.016393","-0.015619","913","13248323284.860","14698387413.950"
"16","2014-02","5","8891966523","161878675456.05","-0.033316","-0.014115","-0.015564","328","806017148.210","1473380510.990"
"2","2014-02","5","131658658","111882616.00","-0.023213","-0.028311","-0.032528","52","11617747.500","16138751.710"
"8","2014-02","5","137755664","1045998283.87","-0.014808","-0.019156","-0.018954","50","102737425.840","118093214.150"
"4","2014-02","5","32059372768","337349097313.46","-0.052614","-0.050072","-0.048595","1120","5006441497.870","6715322580.810"
"1","2014-02","5","37487932877","318442763361.00","-0.054875","-0.033429","-0.033863","913","12844983414.970","14210577128.200"
"16","2014-03","5","7777182606","138504161278.83","0.059983","0.044526","0.043129","325","812826608.830","1479468411.480"
"2","2014-03","5","85079911","70731929.00","0.004827","0.004171","0.004499","52","11666211.830","16211375.600"
"8","2014-03","5","161390888","1070469884.71","0.011814","0.003993","0.003411","49","102458930.930","117807794.670"
"4","2014-03","5","29272637000","308950963552.11","0.019300","0.007180","0.008741","1118","5050588969.630","6782946174.060"
"1","2014-03","5","34355825245","289482537696.00","0.002381","-0.003449","-0.004214","918","12829574094.410","14221001203.390"
"16","2014-04","5","9948350932","189466996910.63","0.063186","0.066212","0.066795","337","891685453.430","1649909802.700"
"2","2014-04","5","134792596","118455365.00","0.019071","0.024040","0.019323","51","11869460.890","16447773.230"
"8","2014-04","5","181408582","1400425582.14","0.029740","0.018991","0.018215","49","104404807.630","119953749.700"
"4","2014-04","5","35512782832","396452344348.18","0.054538","0.050231","0.050558","1130","5326371665.440","7163856558.190"
"1","2014-04","5","39081959499","342149797525.00","0.048080","0.023099","0.024740","915","13073630903.050","14541402980.500"
"16","2014-05","4","6834228987","143798420583.69","-0.000730","0.004964","0.004853","349","896711980.460","1669909496.870"
"2","2014-05","4","90385269","81990242.00","-0.009380","-0.014522","-0.021197","50","11601323.050","16004013.040"
"8","2014-05","4","120292752","824312546.43","-0.009397","-0.015277","-0.016499","49","102809739.420","117974636.950"
"4","2014-05","4","28150374570","310560247210.56","0.000555","-0.010893","-0.010704","1144","5297833520.260","7136230230.600"
"1","2014-05","4","29692126180","273124018402.00","-0.006594","-0.010666","-0.010778","915","12982570993.590","14445626558.010"
"16","2014-06","1","1589229532","34163183063.36","0.031600","0.027549","0.027455","344","918201810.020","1696576469.700"
"2","2014-06","1","30927075","26853246.00","0.001994","0.002495","0.003382","50","11630276.920","16058144.350"
"8","2014-06","1","45667529","374542199.90","0.000863","-0.014766","-0.013166","48","101004310.220","116133605.500"
"4","2014-06","1","6872786381","78145565448.86","0.018802","0.014444","0.014854","1140","5373075309.280","7226002414.130"
"1","2014-06","1","7328948395","67665982799.00","0.013712","0.004902","0.005733","909","13035369710.110","14508331318.230"
"16","2014-07","5","10560926818","223272250719.25","0.047168","0.012832","0.017642","345","926272641.760","1720608157.300"
"2","2014-07","5","213550237","182295534.00","0.010213","-0.015017","-0.037004","50","11455620.670","15463921.700"
"8","2014-07","5","218146360","1495385650.79","0.020015","0.022376","0.021036","48","103264451.810","118576622.380"
"4","2014-07","5","54353747905","621696862173.41","0.055546","0.044080","0.045107","1140","5614160900.210","7548863195.650"
"1","2014-07","5","64879142381","569456878005.00","0.053063","0.034814","0.035582","915","13509106780.610","15111949248.800"
"16","2014-08","5","9794452086","208914024730.19","0.017943","0.009578","0.011693","347","943798100.150","1748013904.040"
"2","2014-08","5","185072499","157640671.00","-0.008473","-0.009856","-0.008079","50","11342708.860","15338981.210"
"8","2014-08","5","312892952","1834462151.35","-0.004128","-0.004885","-0.007217","48","102758200.710","117718992.410"
"4","2014-08","5","56541439566","628643264208.45","0.001484","-0.005694","-0.005526","1141","5571262931.950","7504037264.150"
"1","2014-08","5","70723919917","613309182895.00","0.000212","-0.000114","-0.000883","914","13533854155.210","15103104296.540"
"16","2014-09","5","8890211090","198294296714.39","-0.062553","-0.059487","-0.061029","350","896396460.180","1646432776.630"
"2","2014-09","5","242711572","203629538.00","-0.026694","-0.051093","-0.066193","51","11038225.190","14594324.840"
"8","2014-09","5","273609012","1821602867.26","-0.020397","-0.020894","-0.020402","48","100611082.090","115317235.310"
"4","2014-09","5","52706353781","582952054851.12","-0.025491","-0.036607","-0.035323","1134","5345744796.330","7193091924.890"
"1","2014-09","5","61517561586","538458092085.00","-0.029164","-0.025882","-0.027143","916","13190167948.980","14692863379.450"
"16","2014-10","5","6557455860","151101692834.24","0.031659","0.022903","0.024370","351","915110322.720","1679020198.550"
"2","2014-10","5","189220483","145193899.00","0.004743","0.014244","0.027663","51","11195458.430","14998055.180"
"8","2014-10","5","183440982","1417121725.54","0.016939","0.018678","0.018178","48","102490365.850","117413583.540"
"4","2014-10","5","45385008642","500175527286.71","0.018646","0.008760","0.007919","1129","5377176508.000","7198253866.620"
"1","2014-10","5","56222723329","478725034031.00","0.014153","0.000629","0.000704","913","13212713712.970","14705854929.030"
"16","2014-11","5","5520220298","117610840704.86","-0.027852","-0.023261","-0.021394","352","903469005.210","1645922126.820"
"2","2014-11","5","131225726","103843960.00","-0.024834","-0.022656","-0.017344","51","10941809.670","14737928.970"
"8","2014-11","5","193777851","1275246773.57","-0.013412","-0.015465","-0.017580","48","100905276.800","115349432.470"
"4","2014-11","5","38438668888","396423448911.59","-0.029780","-0.026726","-0.028130","1125","5236465557.040","6981880237.220"
"1","2014-11","5","49720461991","398465801818.00","-0.026559","-0.025959","-0.026284","918","12870832239.110","14362395860.220"
"16","2014-12","5","6330188546","136232718228.18","0.013412","0.001482","-0.000790","348","887897278.270","1607639556.860"
"2","2014-12","5","143844062","113368017.00","0.006561","-0.018968","-0.033755","50","10620253.730","14128153.770"
"8","2014-12","5","188145089","1253583294.95","0.009384","-0.014379","-0.010237","49","99741730.710","114457147.330"
"4","2014-12","5","42037279873","427664407883.15","0.022751","0.013404","0.013004","1129","5314403791.410","7092181252.670"
"1","2014-12","5","53158062620","432445054678.00","0.025413","0.022689","0.022046","917","13159557498.230","14660531396.440"
"16","2014-13","5","5583129585","112226966984.33","-0.078553","-0.075596","-0.079094","344","816264417.810","1477094233.190"
"2","2014-13","5","173686434","137658958.00","0.008033","0.018472","0.020606","51","10934788.280","14537878.490"
"8","2014-13","5","190674155","1352820346.29","-0.012856","-0.009069","-0.015306","49","98837085.250","112705232.770"
"4","2014-13","5","44748288249","417558096975.99","-0.030569","-0.027506","-0.030688","1121","5172375462.090","6883033134.450"
"1","2014-13","5","62122790658","479253763578.00","-0.010261","-0.001509","-0.003055","916","13075718132.910","14565174011.550"
"16","2014-14","5","4239280162","85099009030.81","0.025807","0.021908","0.023666","343","825618034.480","1499951987.840"
"2","2014-14","5","102327001","81832561.00","-0.001066","0.002088","0.001608","49","10710530.490","14314293.340"
"8","2014-14","5","146064855","1092800405.33","0.005243","0.020803","0.014531","47","100400583.090","113853375.180"
"4","2014-14","5","32325069551","313535828992.05","0.022105","0.023894","0.024537","1109","5234366466.450","7056563790.900"
"1","2014-14","5","47108584470","359373322311.00","0.013472","0.007748","0.008559","913","13237258007.500","14751988980.840"
"16","2014-15","4","4650244670","92066583123.89","0.020541","0.017383","0.015286","344","845731784.850","1536400211.010"
"2","2014-15","4","106072559","84529746.00","0.016719","0.022423","0.027278","49","10950699.660","14704769.680"
"8","2014-15","4","139229961","1067930125.28","0.015482","0.014901","0.017315","48","102529801.350","117332475.430"
"4","2014-15","4","31750454543","322469437666.56","0.017714","0.020564","0.021183","1099","5255631389.840","7145001628.380"
"1","2014-15","4","52620869536","436291953346.00","0.025359","0.035864","0.035313","910","13709981785.710","15250983944.300"
"16","2014-16","5","4549497727","88064986356.21","0.017381","0.016393","0.013372","342","871257783.110","1546866910.610"
"2","2014-16","5","110523276","86692119.00","-0.004040","-0.007872","-0.012784","49","10805498.970","14458072.050"
"8","2014-16","5","146270528","979107000.55","-0.005980","0.000644","-0.002042","48","102585778.150","117082727.800"
"4","2014-16","5","33764824672","342439692543.34","0.007303","-0.001668","-0.001353","1099","5244131952.870","7127697877.230"
"1","2014-16","5","47591744810","399106455915.00","0.002551","-0.016096","-0.015558","905","13478828724.330","14995876697.690"
"16","2014-17","5","4569536868","90777216217.27","-0.065494","-0.067282","-0.066420","343","816058928.710","1445105371.080"
"2","2014-17","5","101391273","87448106.00","-0.026645","-0.019360","-0.020189","49","10596303.080","14166166.210"
"8","2014-17","5","135947744","955398741.63","-0.021078","-0.021267","-0.021523","48","100154664.410","114313354.010"
"4","2014-17","5","32285554352","323389618437.79","-0.056047","-0.048164","-0.049182","1101","5008383793.760","6786928781.620"
"1","2014-17","5","44384414727","368303679536.00","-0.048779","-0.028650","-0.029706","902","13071248050.740","14534772009.050"
"16","2014-18","3","2479852841","45545987561.74","-0.012864","-0.007910","-0.010620","343","809854619.970","1426789131.910"
"2","2014-18","3","64272922","52968887.00","-0.003511","0.003990","0.008460","49","10662000.150","14309655.630"
"8","2014-18","3","91040713","673518834.39","-0.004149","0.002358","0.000669","47","98594389.690","110670082.520"
"4","2014-18","3","16908815266","161074685308.59","-0.011858","-0.008470","-0.009432","1097","4964470148.700","6714166325.590"
"1","2014-18","3","23990238615","182669170275.00","-0.010350","-0.004783","-0.005053","892","12995726593.030","14434019772.590"
"16","2014-19","5","4369764164","81307736039.04","-0.003035","-0.016752","-0.015214","342","801091405.840","1408541754.530"
"2","2014-19","5","86617537","62715229.00","-0.014141","-0.010823","-0.009921","49","10554089.560","14175174.360"
"8","2014-19","5","87548383","698599964.65","-0.022340","-0.025769","-0.025716","47","95100373.210","106071413.530"
"4","2014-19","5","27628999519","275049451355.19","-0.003197","-0.008689","-0.009166","1093","4932878210.780","6640422017.710"
"1","2014-19","5","38212645979","291848199393.00","-0.006464","-0.006802","-0.007448","893","12923740063.750","14337396111.400"
"16","2014-20","5","4737803614","84801445859.88","-0.006174","-0.014546","-0.013580","346","806794503.590","1412730190.700"
"2","2014-20","5","101944683","85177345.00","-0.000258","0.013815","0.030386","48","10352832.290","14253261.370"
"8","2014-20","5","79177760","562906131.74","0.009270","0.009233","0.009620","46","94227848.100","105340571.250"
"4","2014-20","5","30490349098","287629224547.33","0.005510","0.004483","0.005154","1092","4968715145.610","6706331540.340"
"1","2014-20","5","42615595758","329168813263.00","0.005478","0.008035","0.007984","888","13019339624.980","14438622700.180"
"16","2014-21","5","5331167190","94148372694.54","0.057686","0.060260","0.061413","345","856330475.810","1495597212.260"
"2","2014-21","5","68627258","60680538.00","0.009359","0.015855","0.025090","48","10444529.730","14440537.600"
"8","2014-21","5","83080939","659894066.93","-0.000658","0.004108","0.003398","47","94674638.750","105758106.520"
"4","2014-21","5","24847830565","251574594502.87","0.020149","0.014308","0.014174","1097","5065448037.850","6838277339.770"
"1","2014-21","5","32601663307","261531996579.00","0.008876","0.004742","0.005159","892","13109571870.920","14513609937.940"
"2","2014-22","5","74366560","62417542.00","-0.008040","-0.026377","-0.044998","48","10169032.950","13790741.370"
"16","2014-22","5","7181338535","126297532672.40","0.027117","0.022665","0.022338","345","882179867.400","1531887616.700"
"8","2014-22","5","132607920","1255213503.39","-0.017522","-0.021937","-0.021669","47","92492379.400","103361067.430"
"4","2014-22","5","30985838012","333115454951.56","0.009628","0.012100","0.012212","1097","5126422730.980","6910335060.660"
"1","2014-22","5","37484590449","315804335277.00","0.008181","0.002751","0.002711","892","13143584333.050","14560835414.930"
"2","2014-23","4","55960000","44107794.00","-0.005059","0.002991","0.012180","47","9980559.570","13737820.770"
"16","2014-23","4","5809579319","101034190292.16","0.018185","0.022658","0.022326","342","900096140.510","1553998217.200"
"8","2014-23","4","74022660","590496814.35","-0.001749","0.010930","0.009905","47","93435444.950","104317004.580"
"4","2014-23","4","21806376796","225121773898.96","0.001180","-0.004110","-0.002802","1087","5059331421.080","6820602860.560"
"1","2014-23","4","27740857551","227992245066.00","-0.004187","-0.001865","-0.001955","887","12983188959.890","14349648366.000"
"2","2014-24","5","66851223","56534164.00","0.011491","0.055665","0.084503","48","10098592.520","13847651.930"
"16","2014-24","5","8277741426","142467294751.89","0.038120","0.030404","0.029889","346","950959136.590","1624702370.960"
"8","2014-24","5","76852175","543579468.08","0.016491","0.021200","0.020932","47","80429027.940","91517189.130"
"4","2014-24","5","31224098511","330218574766.72","0.023530","0.022530","0.022868","1092","5224047924.820","7027383331.630"
"1","2014-24","5","39707386801","335228352781.00","0.019426","0.020999","0.020935","891","13269075348.870","14665406567.540"
"2","2014-25","5","74746019","58763259.00","-0.004475","-0.007707","-0.014658","49","10143428.860","13765825.420"
"16","2014-25","5","8050711730","139991551898.64","-0.032123","-0.035019","-0.034094","348","931495467.100","1604427823.470"
"8","2014-25","5","103176727","630757072.75","0.000112","0.001619","0.000694","47","80504117.200","91525553.650"
"4","2014-25","5","34735745867","347037789183.64","-0.026310","-0.027187","-0.027939","1095","5063536103.270","6808902342.860"
"1","2014-25","5","43031966063","348841077126.00","-0.022641","-0.014623","-0.015218","888","13032389468.320","14391198445.860"
"2","2014-26","5","74773019","58722673.00","0.017654","0.011551","0.009834","49","10151049.130","13786089.030"
"16","2014-26","5","7984713127","145058061654.19","0.068255","0.054418","0.059582","351","1007155825.910","1727946394.120"
"8","2014-26","5","86262383","611943525.52","0.020757","0.016722","0.020207","47","81807159.630","93331808.660"
"4","2014-26","5","33930708104","340184633433.53","0.042678","0.030878","0.032107","1099","5257083764.050","7078383750.880"
"1","2014-26","5","38703947055","318330355072.00","0.029387","0.009705","0.010717","888","13104606991.640","14476755477.350"
"2","2014-27","5","98491619","74348847.00","0.019506","0.016629","0.019010","49","10317058.150","14045365.700"
"16","2014-27","5","9841099366","174668662399.79","0.036295","0.028138","0.028448","349","1055426892.320","1772970954.120"
"8","2014-27","5","125167193","741897346.25","0.011881","0.008695","0.010156","46","81848402.540","93609122.720"
"4","2014-27","5","47382919489","470354923881.46","0.033397","0.026280","0.026327","1097","5416871987.500","7245798791.290"
"1","2014-27","5","53162837599","432137256119.00","0.025289","0.015554","0.015876","889","13258121547.890","14678181203.100"
"2","2014-28","5","98510275","72753050.00","0.010793","0.014332","0.022532","49","10418429.620","14288628.390"
"16","2014-28","5","9084951505","161255979326.57","-0.003522","-0.020492","-0.019021","345","1031903127.040","1725259397.090"
"8","2014-28","5","159392224","1002049946.73","0.018868","0.039643","0.038455","46","84860360.350","96880070.480"
"4","2014-28","5","45642555030","474337412741.48","0.009788","0.001073","-0.001336","1095","5395395163.570","7200695195.730"
"1","2014-28","5","50757478738","430793140362.00","0.006235","-0.002531","-0.002996","891","13215845882.080","14616503524.240"
"2","2014-29","5","109852836","82342785.00","0.021003","0.024368","0.014083","49","10423183.630","14240734.840"
"16","2014-29","5","7528372821","132525961777.14","-0.035109","-0.037528","-0.041298","340","956804980.380","1596246511.850"
"8","2014-29","5","158118852","994037772.18","0.009504","0.003065","0.003372","45","83817231.990","95903177.940"
"4","2014-29","5","46965805541","464270127921.46","0.002031","0.004144","0.002118","1095","5411905974.360","7202359352.200"
"1","2014-29","5","58677090498","462391126943.00","0.011631","0.009940","0.009736","890","13288486147.530","14694440609.100"
"2","2014-30","5","138504105","91846079.00","0.021229","0.028509","0.027927","49","10618457.340","14536559.050"
"16","2014-30","5","6331762270","108981510270.97","-0.026362","-0.022460","-0.024476","338","933355509.730","1548879410.550"
"8","2014-30","5","151804277","1105162422.62","0.014836","0.029907","0.025562","45","86279229.390","98244971.160"
"4","2014-30","5","47180746320","447540415934.55","0.007199","0.018948","0.017574","1092","5493055506.420","7292956778.970"
"1","2014-30","5","66112972982","520634823738.00","0.023559","0.034686","0.034076","889","13744385976.490","15204791537.910"
"2","2014-31","5","219233983","169631058.00","0.028458","0.035824","0.040892","49","10970437.800","15102577.730"
"16","2014-31","5","7396459474","122643679539.92","0.038156","0.037052","0.037430","341","955016433.960","1589397566.150"
"8","2014-31","5","255891240","1466213981.98","0.021971","0.015862","0.017729","45","87639654.200","99978590.680"
"4","2014-31","5","65513043182","638979415313.47","0.035177","0.035503","0.035388","1095","5737010430.570","7599711836.240"
"1","2014-31","5","97534655191","772541079556.00","0.029958","0.029541","0.029669","895","14131903998.120","15640155067.860"
"2","2014-32","5","160189035","120423451.00","0.020089","0.013802","0.009639","48","10753364.540","14394526.160"
"16","2014-32","5","7782618387","129060901461.74","0.046649","0.039708","0.042508","343","1009284330.120","1668357540.630"
"8","2014-32","5","201675825","1237468666.10","0.010415","0.015577","0.014054","45","89004885.920","101383788.700"
"4","2014-32","5","60798040545","596303791602.50","0.030736","0.022048","0.022264","1100","5900194270.840","7810302219.510"
"1","2014-32","5","83600892373","668218890367.00","0.024558","0.003559","0.004836","901","14186757420.490","15741992402.700"
"2","2014-33","5","221961620","183562641.00","0.033996","0.052651","0.068552","48","11187437.940","15247628.960"
"16","2014-33","5","8910923868","146094896026.62","0.033692","0.023849","0.022628","339","1025110852.070","1692486215.750"
"8","2014-33","5","233058966","1479805571.69","0.019925","0.011069","0.009320","45","89983813.580","102312583.000"
"1","2014-33","5","80135347094","674965114038.00","0.028021","0.014479","0.015239","903","14420995191.470","15991779837.280"
"4","2014-33","5","61957953352","638018237839.55","0.033232","0.024727","0.025123","1100","6073619588.270","8000315877.870"
"2","2014-34","5","237216589","184714159.00","0.016392","0.010066","0.007116","48","11300057.100","15356134.150"
"16","2014-34","5","10733944004","187798273701.15","0.050954","0.049829","0.051007","343","1089298264.190","1793828789.220"
"8","2014-34","5","236534010","1482622633.38","0.009799","-0.004999","-0.004360","47","91119049.990","103452583.480"
"1","2014-34","5","83280460495","716662329241.00","0.028749","0.004876","0.006850","900","14447422859.510","16038693057.360"
"4","2014-34","5","68495477974","713165745830.24","0.031364","0.021735","0.023284","1097","6191480460.760","8161055999.600"
"2","2014-35","5","202848597","164772689.00","-0.000185","0.001116","0.003169","48","11312676.120","15404807.390"
"16","2014-35","5","7737446284","138188809727.10","-0.019070","-0.022156","-0.023383","339","1070429388.910","1746257696.440"
"8","2014-35","5","193370179","1223337427.50","0.003887","-0.003555","-0.003813","47","90795028.530","103058026.940"
"1","2014-35","5","67391591055","573958929961.00","-0.016954","-0.011303","-0.010783","898","14257157843.680","15845533117.610"
"4","2014-35","5","51268949811","548188341849.41","-0.014755","-0.017055","-0.016436","1098","6069396331.210","8024440805.950"
"2","2014-36","5","266798221","196935146.00","0.030852","0.029657","0.025257","48","11648180.170","15793884.420"
"16","2014-36","5","10591980499","196785080029.09","0.071102","0.059756","0.062102","346","1145235432.310","1875003365.510"
"8","2014-36","5","255969555","1842309063.95","0.033161","0.030260","0.028661","47","93542518.010","106011852.580"
"1","2014-36","5","94377436188","839717727192.00","0.060982","0.050544","0.050912","897","14991793164.220","16662007551.950"
"4","2014-36","5","69559877655","764688742742.27","0.059816","0.053020","0.052411","1100","6455411994.060","8502077450.250"
"2","2014-37","4","239693665","176977751.00","0.021420","0.010426","0.007952","48","11769633.270","15919484.180"
"16","2014-37","4","9038696042","165071346413.53","0.031874","0.026896","0.027361","346","1168515237.780","1913384999.460"
"8","2014-37","4","224419904","1383171328.59","0.019957","0.007350","0.007911","47","94230092.230","106850548.930"
"1","2014-37","4","80011570958","694606500745.00","0.026103","0.002164","0.002851","896","14917194242.770","16705435541.600"
"4","2014-37","4","60620312881","646402886952.43","0.030035","0.015749","0.015754","1105","6578043484.560","8670459478.310"
"2","2014-38","5","309295050","249173266.00","0.014786","0.000131","-0.005316","48","11771179.100","15834853.730"
"16","2014-38","5","10069431611","184905891858.44","0.006827","-0.006840","-0.003166","339","1137574820.350","1860222856.950"
"8","2014-38","5","355988329","2014560731.91","0.012175","-0.001537","0.001821","47","94085242.850","107045153.150"
"1","2014-38","5","108929355896","869507019809.00","0.009962","-0.000277","0.000943","898","14871656092.610","16662418234.980"
"4","2014-38","5","76506681072","782898461279.55","0.008470","-0.001500","-0.001625","1103","6548563201.960","8661577842.370"
"2","2014-39","5","306398227","239238933.00","0.020067","0.011607","0.008138","49","12019615.820","16075122.180"
"8","2014-39","5","271683789","1560176188.68","0.012385","0.004370","0.001926","47","94496422.700","107251393.910"
"1","2014-39","5","95259587383","804940214931.00","0.021493","0.007156","0.008618","896","14924773306.950","16770446962.990"
"4","2014-39","5","68632972597","740320599928.87","0.025054","0.017573","0.017139","1103","6696739436.350","8856040081.900"
"16","2014-39","5","9751959190","178954056196.48","0.032408","0.022662","0.025604","338","1148524541.690","1873408906.510"
"2","2014-40","2","114713734","90994455.00","0.011281","0.013068","0.017387","48","12006017.480","16183216.070"
"8","2014-40","2","140629539","749525077.19","0.016091","0.006438","0.008910","47","95104837.080","108207099.480"
"1","2014-40","2","39288257363","337504619655.00","0.017574","0.007045","0.007190","898","15114229886.520","16934971306.350"
"4","2014-40","2","27240201463","302372217100.39","0.021050","0.015586","0.015709","1101","6801532342.890","8996204792.410"
"16","2014-40","2","4074794611","78225635128.81","0.025394","0.022550","0.023514","339","1174953108.620","1916537773.080"
"2","2014-41","3","151911689","121628560.00","-0.016993","-0.017047","-0.016743","48","11801339.540","15912247.420"
"8","2014-41","3","212156675","1288623165.09","-0.003209","-0.008234","-0.006019","47","94321724.780","107555766.930"
"1","2014-41","3","66346934613","572109249363.00","0.013384","0.005599","0.005111","901","15193415936.730","17023190919.460"
"4","2014-41","3","49558277369","542537623894.83","0.015725","0.014863","0.014517","1091","6879285773.770","9088632647.350"
"16","2014-41","3","6955526333","134839129905.60","0.012877","0.013509","0.011053","345","1199013160.970","1955714952.710"
"2","2014-42","5","220187753","176026446.00","-0.014622","-0.012535","-0.012106","49","11884647.140","15950939.230"
"8","2014-42","5","226585421","1459804907.21","-0.010427","-0.006694","-0.012499","48","94026801.320","106545949.490"
"1","2014-42","5","105883589914","899508915606.00","-0.017234","-0.013552","-0.013720","901","14975262669.230","16769023224.470"
"4","2014-42","5","75438843554","801385371350.64","-0.023143","-0.020005","-0.020479","1089","6718406357.940","8873178836.810"
"16","2014-42","5","10299563018","197127570634.27","-0.016569","-0.029902","-0.023991","348","1172037384.570","1921094687.780"
"2","2014-43","5","218740284","160598439.00","-0.011615","-0.017160","-0.022932","50","11846287.310","15749770.120"
"8","2014-43","5","198806052","1274668756.01","-0.007220","-0.008421","-0.006845","48","93234923.670","105816600.740"
"1","2014-43","5","77422320329","681072123606.00","-0.021377","-0.017895","-0.017212","906","14710004759.100","16489218089.890"
"4","2014-43","5","54021272662","592372922267.14","-0.021219","-0.022653","-0.022283","1090","6543252293.840","8650959095.280"
"16","2014-43","5","7526184211","152070728481.05","-0.014833","-0.020544","-0.018924","349","1140600704.280","1867839702.490"
"2","2014-44","5","235121234","185980597.00","0.021185","0.022157","0.019990","50","12108772.620","16064612.470"
"8","2014-44","5","237957388","1491477990.56","0.025655","0.022011","0.021460","48","95287157.950","108087505.490"
"1","2014-44","5","119249886344","971978470225.00","0.059726","0.054309","0.053786","905","15406721398.350","17247134788.560"
"4","2014-44","5","68541325056","749294315104.45","0.051133","0.047148","0.046025","1089","6825455909.630","9019267030.720"
"16","2014-44","5","9101029425","182903931092.69","0.049906","0.039160","0.041910","355","1192256791.780","1958405146.210"
"2","2014-45","5","244355102","187617961.00","0.001201","-0.003854","-0.017312","50","12226059.000","15790199.580"
"8","2014-45","5","242778375","1552155955.15","-0.020599","-0.022817","-0.021830","48","93112955.480","105727873.140"
"1","2014-45","5","138217471065","1078208702453.00","0.009337","-0.004106","-0.000491","906","15327285876.410","17231449518.470"
"4","2014-45","5","74179201512","789406215457.63","0.004274","0.001200","0.001145","1098","6928350889.110","9175360404.340"
"16","2014-45","5","8646805379","179948847211.54","0.022290","0.011884","0.015619","359","1214885511.600","1997929767.140"
"2","2014-46","5","284448315","266166710.00","-0.006040","0.001724","-0.002509","48","11908460.870","15413317.030"
"8","2014-46","5","281670350","1726148976.23","0.008666","0.014446","0.013727","48","94134079.060","106855231.180"
"1","2014-46","5","147826631420","1240826959376.00","-0.001828","0.030030","0.026919","905","15745710159.820","17670195701.810"
"4","2014-46","5","69307691674","754110731746.25","-0.027801","-0.016913","-0.017892","1092","6808122828.730","8970855285.740"
"16","2014-46","5","8171209130","178344537330.10","-0.053476","-0.058107","-0.054785","357","1153643380.870","1896941756.170"
"2","2014-47","5","169993634","148100568.00","0.023412","0.023451","0.024723","47","12021085.810","15627533.810"
"8","2014-47","5","150734380","927926702.45","0.003983","-0.002781","-0.002672","48","93872272.340","106569696.850"
"1","2014-47","5","97902118978","888694147894.00","0.028405","0.001623","0.003495","900","15820044879.910","17776332039.470"
"4","2014-47","5","52867220936","600863595566.29","0.037246","0.024728","0.025897","1094","6954064733.680","9208121422.700"
"16","2014-47","5","7171898138","153778176701.77","0.055397","0.051244","0.053003","356","1215438588.350","2002191972.600"
"2","2014-48","5","433929874","398197409.00","0.042609","0.045715","0.035134","47","12570630.860","16176597.630"
"8","2014-48","5","283123368","1820687899.15","0.025557","0.016977","0.017753","48","95465975.720","108461648.350"
"1","2014-48","5","184054510983","1667449049853.00","0.050679","0.084728","0.081863","901","17317620319.510","19394075601.840"
"4","2014-48","5","93098159575","1068715550346.80","0.039051","0.050600","0.046391","1090","7271384173.200","9568721015.100"
"16","2014-48","5","11020775176","235303651980.13","0.060041","0.056984","0.058464","349","1243244999.850","2067622448.710"
"2","2014-49","5","459712108","386693419.00","0.009150","0.007952","0.011835","45","12345924.980","16042135.000"
"8","2014-49","5","348361231","2422289578.69","-0.004466","0.012031","0.011090","46","94211930.210","107264128.150"
"1","2014-49","5","261523629614","2474173967568.00","0.019385","0.104979","0.098882","902","19156364659.010","21322686128.990"
"4","2014-49","5","117160777900","1395690269959.43","-0.002973","0.038744","0.033118","1091","7608684085.730","9944508434.510"
"16","2014-49","5","12939596983","286492740331.08","-0.018402","-0.004747","-0.006300","356","1288016692.140","2153066431.240"
"2","2014-50","5","576907319","491038105.00","0.036029","0.029451","0.014699","48","12959969.750","16524799.190"
"8","2014-50","5","443891968","3111969631.46","0.004646","0.017534","0.016923","47","96722751.440","109937754.110"
"1","2014-50","5","275880065246","2819027327228.00","0.034864","-0.004236","0.000368","917","19102860359.590","21415876379.870"
"4","2014-50","5","116381860599","1417983797452.59","0.017013","0.026232","0.023411","1085","7737452329.760","10036751380.540"
"16","2014-50","5","12225791489","261208807318.90","-0.006278","0.007468","0.002089","356","1315973742.930","2187279587.450"
"2","2014-51","5","456542400","402867383.00","0.008649","0.019118","0.018801","47","13103073.960","16730847.900"
"8","2014-51","5","255270411","1708091148.62","-0.009469","-0.008302","-0.009120","47","95919712.850","108935047.430"
"1","2014-51","5","234913063713","2464181841557.00","0.004952","0.061158","0.059455","923","20399088675.410","22820027527.910"
"4","2014-51","5","94498592710","1180412944013.78","-0.017618","-0.004588","-0.006616","1083","7653392092.160","9972734975.080"
"16","2014-51","5","10016131470","220972114591.20","-0.034700","-0.023987","-0.027592","356","1279799050.820","2128153418.600"
"2","2014-52","5","349826110","305728569.00","-0.008801","-0.009185","-0.014902","47","12982709.090","16481513.670"
"8","2014-52","5","199077347","1337613235.92","-0.010246","-0.001146","-0.003277","47","95809745.910","108577995.400"
"1","2014-52","5","232809000727","2288737533005.00","-0.010641","0.018735","0.016036","919","20722784152.230","23135463716.760"
"4","2014-52","5","80450241897","936908584503.02","-0.024638","-0.012904","-0.013693","1081","7536196235.660","9837457449.530"
"16","2014-52","5","7983442909","162947243827.17","-0.048281","-0.046292","-0.046332","356","1213952446.610","2022148077.150"
"2","2014-53","3","174880493","172965635.00","-0.004837","0.004462","0.005010","46","12752219.710","16275515.480"
"8","2014-53","3","142110267","1197893270.09","0.009009","0.009022","0.007228","47","96675789.990","109364563.980"
"1","2014-53","3","131208647470","1424429145490.00","-0.015617","0.028818","0.024946","923","21662290390.050","24078036006.810"
"4","2014-53","3","47571018489","587842718045.15","-0.024519","-0.010268","-0.012572","1073","7447954449.850","9743586864.210"
"16","2014-53","3","4961617664","99316084834.28","-0.044525","-0.045752","-0.047104","362","1178677775.490","1950770373.630"
"2","2015-02","5","313767837","293370348.00","0.014389","0.007742","0.013187","47","12954464.310","16594218.920"
"8","2015-02","5","301309785","2361358369.26","0.022432","0.043816","0.039729","47","100911747.910","113709562.040"
"1","2015-02","5","220316732990","2374658446063.00","0.016640","0.017587","0.016171","921","22073922139.070","24494332074.530"
"4","2015-02","5","82388021992","1040869447885.63","0.019401","0.018650","0.023237","1075","7644465402.740","10013043797.590"
"16","2015-02","5","9751347999","199732738964.20","0.029244","0.038682","0.036764","366","1243108768.570","2050863213.450"
"2","2015-03","5","227882348","209662126.00","0.005551","0.001848","-0.000612","48","13266091.100","16871027.680"
"8","2015-03","5","161486805","1282395261.89","0.003000","0.003493","0.003420","47","101264323.990","114098457.020"
"1","2015-03","5","141312534918","1628645656716.00","0.009376","0.030380","0.028413","926","22808788251.750","25240358537.800"
"4","2015-03","5","57391686552","778007799766.48","0.019991","0.020402","0.025670","1072","7757653191.730","10220882256.030"
"16","2015-03","5","8317179949","184781305758.28","0.037530","0.046682","0.047840","363","1304105385.970","2149256804.310"
"2","2015-04","5","332084354","329825266.00","0.002904","-0.000774","-0.003643","49","13555726.810","17108608.190"
"8","2015-04","5","232604656","1628160054.70","-0.001882","-0.001116","-0.001699","47","101151205.680","113904557.970"
"1","2015-04","5","188544698214","2126775335492.00","0.025886","-0.009439","-0.007506","937","22558112520.960","25035305462.560"
"4","2015-04","5","83144796834","1140730211418.56","0.039540","0.020701","0.022391","1065","7896183853.440","10396332883.560"
"16","2015-04","5","13170362191","292106337538.54","0.057168","0.045193","0.047255","369","1363381302.630","2270466470.920"
"2","2015-05","5","262196124","246135830.00","-0.002378","-0.011989","-0.013582","49","13438791.420","16921737.030"
"8","2015-05","5","250368776","1680194319.06","0.000933","-0.000398","-0.000601","47","101307072.570","113325060.410"
"1","2015-05","5","152433485261","1697470946583.00","0.004732","-0.045636","-0.042674","940","21548187652.900","23959952446.480"
"4","2015-05","5","76555060161","1027769284194.12","0.009560","-0.003483","-0.002407","1068","7876749427.580","10552468518.940"
"16","2015-05","5","9939172191","221812151891.10","0.013454","-0.001753","0.002503","377","1396496053.960","2320003169.830"
"2","2015-06","5","192261837","189062958.00","-0.007272","-0.003284","-0.003068","48","13311440.020","16786587.450"
"8","2015-06","5","167721987","1395779620.03","-0.008365","-0.001350","-0.001601","47","101170200.740","113143566.120"
"1","2015-06","5","129911823212","1453970533142.00","-0.023137","-0.043770","-0.042254","935","20439078972.500","22807014027.010"
"4","2015-06","5","65241267130","876086862726.25","-0.014115","-0.020656","-0.019948","1065","7751447986.390","10355943379.580"
"16","2015-06","5","10962242561","263855203076.47","0.025481","0.025278","0.030250","372","1418084393.900","2350738143.390"
"2","2015-07","5","159603205","169508738.00","0.025743","0.019077","0.011849","48","13565388.330","16985507.390"
"8","2015-07","5","150561928","1212189468.04","0.021491","0.028330","0.028106","47","104036436.350","116323614.350"
"1","2015-07","5","102705232746","1198337971621.00","0.042096","0.042146","0.042502","937","21443683768.250","23936060946.540"
"4","2015-07","5","56470255637","775210828909.80","0.046276","0.051689","0.051985","1064","8185361022.550","10953499180.640"
"16","2015-07","5","9169392729","230799681028.43","0.060000","0.063486","0.064545","370","1468456757.330","2442055067.450"
"2","2015-08","2","71957030","70579370.00","0.009764","0.004924","0.003041","48","13632188.190","17037175.450"
"8","2015-08","2","66490431","517374685.05","0.014741","0.002140","0.003254","47","104259115.460","116702223.750"
"1","2015-08","2","45141048285","528858182878.00","0.024682","0.013146","0.013806","944","21790098496.350","24401415714.960"
"4","2015-08","2","26859253880","385501846979.34","0.026573","0.024408","0.025673","1072","8430953772.700","11289804651.160"
"16","2015-08","2","4653910644","121086546456.28","0.031333","0.041113","0.040881","379","1550071513.270","2578865351.820"
"2","2015-09","3","120138833","113961780.00","0.001622","0.002231","0.001126","49","13746286.460","17139952.660"
"8","2015-09","3","123953887","944313399.10","0.002788","0.005713","0.006209","47","104854806.050","117426842.490"
"1","2015-09","3","83257429769","933811468795.00","0.023793","0.019539","0.020167","949","22272566071.270","24932566191.680"
"4","2015-09","3","42950404971","599691650294.55","0.021500","0.014995","0.013961","1062","8537997886.130","11395859812.480"
"16","2015-09","3","6923078689","173774476842.46","0.023392","0.016158","0.013144","378","1537198406.300","2586263816.360"
"2","2015-10","5","281834687","268208965.00","0.010060","-0.002486","-0.006650","49","13712110.360","17025960.260"
"8","2015-10","5","289942242","2261181700.74","0.005777","-0.001328","-0.000923","47","104715528.660","117318368.220"
"1","2015-10","5","162289084218","1898918143662.00","0.027928","-0.023519","-0.020194","951","21899462396.770","24563539045.720"
"4","2015-10","5","98343543882","1373694211115.51","0.036241","0.012527","0.013670","1065","8675032278.530","11604517343.170"
"16","2015-10","5","15364819332","397491965903.43","0.040662","0.021087","0.022007","381","1567568568.130","2645550697.140"
"2","2015-11","5","256560625","241876618.00","0.025543","0.020891","0.020236","48","13679337.920","17051466.460"
"8","2015-11","5","196630420","1479854039.74","0.016560","0.015528","0.015906","46","86950045.470","99785743.120"
"1","2015-11","5","157343820409","1797202035748.00","0.034346","0.042141","0.041088","952","22946500026.270","25573356469.020"
"4","2015-11","5","81809515761","1154197713790.68","0.037111","0.033467","0.031468","1057","8884107400.370","11831084676.040"
"16","2015-11","5","13112813816","352646884971.24","0.061786","0.062456","0.063381","374","1633716627.290","2754790755.240"
"2","2015-12","5","370680012","347014815.00","0.018383","0.018695","0.019582","48","13935076.390","17385379.350"
"8","2015-12","5","330888452","2084912071.57","0.022558","0.021499","0.019751","47","89215317.410","102151927.170"
"1","2015-12","5","251559056399","2960107431219.00","0.083916","0.073286","0.074285","954","24584058775.210","27394215021.340"
"4","2015-12","5","131741761098","1885149921829.82","0.093326","0.085005","0.090755","1061","9627210122.130","12906993701.760"
"16","2015-12","5","18034018094","486294774496.16","0.111982","0.096287","0.102835","377","1823369839.640","3084675025.930"
"2","2015-13","5","437427900","411430662.00","0.021024","0.014486","0.024135","48","14145136.580","17813246.220"
"8","2015-13","5","334377686","2269394251.94","0.027124","0.013166","0.013316","46","85669750.880","98791260.260"
"1","2015-13","5","259072193820","3188242211234.00","0.040936","0.020159","0.021226","951","25027158076.180","28025428405.310"
"4","2015-13","5","138381682130","2167318890969.16","0.056593","0.045295","0.045827","1058","9996771004.450","13476314675.120"
"16","2015-13","5","20451942943","613643267424.62","0.068047","0.065490","0.068806","379","1951228134.530","3294192142.800"
"2","2015-14","5","377968530","348128758.00","0.020806","0.013862","0.010847","47","14176329.920","17842068.860"
"8","2015-14","5","346868549","2470141560.41","0.028950","0.021809","0.022056","46","87538166.980","100970241.750"
"1","2015-14","5","252239000744","3271381434730.00","0.076084","0.047815","0.050237","948","25629615010.800","28833689289.040"
"4","2015-14","5","136717578034","2213831446454.77","0.092826","0.078178","0.077658","1046","10650685439.610","14301038845.950"
"16","2015-14","5","18101166483","547721663371.89","0.122324","0.106122","0.108240","371","2146676580.850","3575966450.920"
"2","2015-15","4","508891549","516635634.00","0.114174","0.112758","0.109535","46","15719622.130","19741355.740"
"8","2015-15","4","459568555","3379532688.37","0.124590","0.126801","0.127275","44","92468308.660","106890752.780"
"1","2015-15","4","225290448214","3067628924742.00","0.036294","0.045329","0.045518","952","27040232221.820","30441143806.220"
"4","2015-15","4","118452562707","2018662329247.33","0.032004","0.033537","0.037346","1040","10941364605.570","14694840315.410"
"16","2015-15","4","15824334219","517791899474.19","0.039261","0.026534","0.031397","375","2205055618.600","3689777826.470"
"2","2015-16","5","1350402042","1761911591.00","0.175339","0.142250","0.121022","46","18024842.270","22198316.540"
"8","2015-16","5","939920003","8114711562.73","0.112950","0.076242","0.080557","42","97388692.830","113363397.220"
"1","2015-16","5","305294872138","3986341043215.00","0.028760","0.070136","0.064474","944","29191876974.030","32567101893.830"
"4","2015-16","5","138135423441","2298778900556.25","0.007884","0.005033","0.001048","1045","11062293885.610","14663181146.800"
"16","2015-16","5","17448927084","576605173726.48","-0.030173","-0.037870","-0.037990","376","2153674978.390","3593246724.450"
"2","2015-17","5","800956697","973686040.00","0.029264","0.019617","0.015310","48","18744713.990","22902899.150"
"8","2015-17","5","609808807","5054295222.33","0.016379","0.048693","0.042390","45","127734259.120","143618354.750"
"1","2015-17","5","345979861007","4860857729854.00","0.056998","0.022942","0.025314","956","30124417439.570","33651055189.170"
"4","2015-17","5","159072992717","2581958137161.52","0.063125","0.052894","0.052204","1059","11748373309.100","15347256627.800"
"16","2015-17","5","17854802441","569751504222.01","0.084634","0.099698","0.102920","395","2375753756.380","3994821525.140"
"2","2015-18","4","555002628","689736672.00","0.019932","0.017043","0.010184","48","19064196.740","23136146.210"
"8","2015-18","4","525083653","5113761225.27","0.019016","0.024897","0.027250","45","129123812.920","147714792.900"
"1","2015-18","4","247977708738","3558941199974.00","0.008628","0.011552","0.012022","956","30344209235.430","33935999639.210"
"4","2015-18","4","108953316269","1863997319712.45","0.004785","0.000728","0.001053","1058","11767224159.130","15558453399.630"
"16","2015-18","4","13324623189","455749267180.19","0.030845","0.027955","0.027850","389","2390134440.380","4009388419.240"
"2","2015-19","5","760045929","889513169.00","-0.008624","-0.022882","-0.008213","48","18627961.190","22946122.360"
"8","2015-19","5","682361922","6400785788.81","0.039422","0.025194","0.030680","45","131970815.870","151840566.600"
"1","2015-19","5","233315927551","3334059828904.00","-0.035079","-0.055302","-0.053454","950","28575903724.850","32080071213.390"
"4","2015-19","5","114229867611","1915352527360.79","-0.006940","-0.018341","-0.013155","1053","11535619812.180","15324628449.750"
"16","2015-19","5","16292328549","571837926773.96","0.087966","0.056711","0.067509","385","2515719823.540","4245831871.150"
"2","2015-20","5","978411426","1278845588.00","0.182059","0.147768","0.154385","49","21642280.750","27242252.830"
"8","2015-20","5","866598227","8720327884.99","0.126952","0.057198","0.081264","45","139519296.730","164179842.590"
"1","2015-20","5","240010741665","3617493409340.00","0.084275","0.020023","0.025889","953","28343275837.390","32023860167.350"
"4","2015-20","5","140851172324","2618036840753.46","0.097072","0.069548","0.074541","1071","12481790287.110","16640392929.630"
"16","2015-20","5","23037122734","833553129740.24","0.139162","0.099221","0.109172","398","2800679273.720","4710814683.570"
"2","2015-21","5","1229320202","1846453294.00","0.105783","0.089890","0.076709","49","23587715.480","29331999.930"
"8","2015-21","5","909608356","10006474026.16","0.050659","0.017733","0.022979","45","141982508.250","167941613.190"
"1","2015-21","5","243919350340","3819427390092.00","0.127705","0.078300","0.085996","956","30660323067.260","34954971672.410"
"4","2015-21","5","154081440970","2988417753102.94","0.150172","0.128107","0.130346","1062","13915008534.290","18464452407.080"
"16","2015-21","5","23513131111","901630293630.37","0.196829","0.153122","0.157239","389","3114452972.190","5296363374.770"
"2","2015-22","5","1105427053","1754032449.00","0.007616","0.004719","0.030266","49","23699029.870","30219788.610"
"8","2015-22","5","752974922","7815358513.00","0.014282","-0.009963","0.000493","45","139717935.710","167986455.040"
"1","2015-22","5","345169233029","5526635788438.00","0.042235","-0.018481","-0.009102","957","30014102442.750","34668056225.710"
"4","2015-22","5","199522805181","3896779985587.62","0.043441","0.014849","0.015282","1043","13752315907.820","18174263708.040"
"16","2015-22","5","24485116429","987882311945.00","0.094622","0.039784","0.047063","398","3240109071.810","5475737151.360"
"2","2015-23","5","1059406594","1805708375.00","0.073240","0.084153","0.100558","49","25393399.310","32958660.100"
"8","2015-23","5","705992305","7596033023.22","0.069742","0.045452","0.053135","45","142997356.490","165737271.670"
"1","2015-23","5","326519012060","5216901876026.00","0.133520","0.099339","0.095590","953","32987597633.850","37951764126.570"
"4","2015-23","5","176981604370","3646696836635.17","0.143656","0.117110","0.113524","1032","15205055351.420","20099338043.770"
"16","2015-23","5","23742546153","1028634375757.14","0.100773","0.090482","0.078223","401","3571671427.410","6030186146.620"
"2","2015-24","5","854739668","1463709988.00","-0.005527","0.005235","0.004227","48","25073133.710","32645093.190"
"8","2015-24","5","430146586","4902516788.16","-0.020476","-0.021265","-0.022335","44","133694681.490","155780327.080"
"1","2015-24","5","336296888368","5493044215020.00","0.065496","0.032013","0.032809","950","34468873779.600","39408849651.870"
"4","2015-24","5","164255715266","3412501171007.40","0.058737","0.039979","0.038110","1018","15479533420.740","20267179997.570"
"16","2015-24","5","21605495387","856668201416.08","0.053765","0.020410","0.020580","413","3670426448.790","6169834862.620"
"2","2015-25","5","720000626","1157312104.00","-0.095364","-0.100644","-0.097459","47","22055605.590","28967882.430"
"8","2015-25","5","508973213","5190285268.26","-0.057770","-0.051266","-0.054048","43","120759317.420","141244624.910"
"1","2015-25","5","267863707761","4254903613669.00","-0.137108","-0.135903","-0.136724","945","29451465029.070","33811510536.520"
"4","2015-25","5","143964782593","2916737752755.05","-0.135759","-0.138163","-0.140507","1006","13257867684.730","17420414649.430"
"16","2015-25","5","20558647295","797420418866.46","-0.124065","-0.156951","-0.153937","415","3106388552.590","5182412660.680"
"2","2015-26","4","697387940","1006129220.00","-0.127496","-0.121266","-0.111641","50","19685808.940","25787461.830"
"8","2015-26","4","435623660","4310590602.60","-0.099805","-0.067325","-0.073786","41","109143931.060","124424794.170"
"1","2015-26","4","214757136406","3155747504803.00","-0.090191","-0.064834","-0.064661","956","27918666987.980","32205023366.670"
"4","2015-26","4","109905036338","1987630154102.35","-0.103243","-0.094958","-0.095897","1014","11975243115.410","15757284274.660"
"16","2015-26","4","14807612725","528584001393.49","-0.100460","-0.121631","-0.118399","413","2692456103.830","4511885014.930"
"2","2015-27","5","1126096420","1463363786.00","-0.099671","-0.101485","-0.093266","49","17435700.940","23128188.400"
"8","2015-27","5","638932579","5763362187.95","-0.156199","-0.102696","-0.111317","41","97935013.050","110573846.190"
"1","2015-27","5","310465016830","4058981371884.00","-0.217980","-0.116019","-0.124596","964","24524918187.860","28202672811.610"
"4","2015-27","5","149893142460","2390729043389.38","-0.228615","-0.199118","-0.194712","1026","9576860540.440","12779034564.340"
"16","2015-27","5","23817962854","705823516387.72","-0.210910","-0.169237","-0.177568","414","2208325001.680","3661224852.150"
"2","2015-28","5","871363581","957429935.00","-0.087072","-0.080365","-0.082870","48","15832692.550","21001097.450"
"4","2015-28","5","114132656627","1466689264851.07","-0.075382","-0.037970","-0.035294","941","8294911448.490","11136019930.580"
"1","2015-28","5","344488012739","3767630802918.00","-0.058476","0.071420","0.062390","925","25586849484.670","29055451351.930"
"8","2015-28","5","467671250","4120725494.43","-0.088062","-0.064609","-0.069178","41","91406722.870","102723665.080"
"16","2015-28","5","15135706945","379682654141.68","-0.066944","-0.057530","-0.057802","365","1791729981.920","3000283333.430"
"2","2015-29","5","973332120","1135653715.00","0.095713","0.085979","0.066325","46","16572915.040","21784190.810"
"4","2015-29","5","127505577676","1838373781066.02","0.158104","0.105197","0.100173","887","8999461676.530","12030682699.060"
"8","2015-29","5","519492238","4340274998.63","0.098332","0.043496","0.045703","39","94283467.560","105948557.420"
"1","2015-29","5","287959827720","3469022804818.00","0.130569","0.016986","0.022904","937","26149589942.840","30042904394.430"
"16","2015-29","5","21583077507","603602261046.72","0.176220","0.139386","0.136654","346","2054613011.480","3377333765.800"
"2","2015-30","5","612352274","703865686.00","0.027897","0.008749","0.008356","47","16808544.730","22056789.900"
"4","2015-30","5","150015749585","2378827327681.58","0.112294","0.069515","0.071866","957","10246034694.440","13743338127.480"
"8","2015-30","5","373452777","2868504997.50","0.018184","-0.017643","-0.009339","43","101883341.790","114305142.500"
"1","2015-30","5","274901427028","3595751185244.00","0.098567","0.026587","0.031268","955","27052390236.530","31419583636.720"
"16","2015-30","5","26949722892","815070121227.52","0.136997","0.084590","0.094598","389","2492689773.200","4171474434.330"
"2","2015-31","5","736956471","821884254.00","-0.061650","-0.057438","-0.049257","47","15798150.600","20925392.570"
"4","2015-31","5","131365709675","2050282169349.69","-0.106541","-0.104032","-0.103675","964","9203287059.210","12360729207.190"
"8","2015-31","5","383747318","2781349957.94","-0.063156","-0.056295","-0.057701","42","95957687.960","106561541.320"
"1","2015-31","5","235521478202","3035270370365.00","-0.103357","-0.106263","-0.105605","952","24259703848.610","28150860176.270"
"16","2015-31","5","25239431596","715498898651.93","-0.151134","-0.152152","-0.153835","384","2094313342.720","3472391776.620"
"2","2015-32","5","501725948","552896712.00","-0.003174","0.003091","0.007316","49","16250465.220","21469127.050"
"4","2015-32","5","102320071450","1570767168656.59","0.058522","0.045425","0.043992","975","9522499762.990","12822672477.660"
"8","2015-32","5","210902117","1657204324.63","0.016438","-0.011755","-0.008923","42","94821485.010","105602431.630"
"1","2015-32","5","170310796470","2193496110667.00","0.049849","0.021468","0.023511","951","24813036280.300","28818271546.030"
"16","2015-32","5","20529605806","547352648614.36","0.056371","0.031813","0.030208","388","2186165930.420","3646622691.010"
"2","2015-33","5","638454525","752096853.00","0.078403","0.073738","0.063764","49","17245347.220","22634691.700"
"4","2015-33","5","135820032053","2145794742627.27","0.130865","0.087581","0.084579","981","10534129653.900","14127689362.190"
"8","2015-33","5","316225931","2561317578.72","0.052766","0.022924","0.020083","41","95390717.410","106123206.420"
"1","2015-33","5","237059303193","3183513316224.00","0.107016","0.060038","0.063454","947","26076540201.180","30425673087.070"
"16","2015-33","5","21251948544","628538030283.48","0.073519","0.059694","0.061516","390","2311628758.610","3865352978.870"
"2","2015-34","5","555250679","652797673.00","-0.112667","-0.104177","-0.092729","49","15448766.780","20535788.390"
"4","2015-34","5","138423218794","2116837528895.39","-0.135828","-0.138302","-0.139874","997","9193015957.330","12364016964.560"
"8","2015-34","5","299978866","2215921960.89","-0.104765","-0.109877","-0.108731","41","84493385.290","94168281.530"
"1","2015-34","5","223403014985","2895943409620.00","-0.131294","-0.118799","-0.123058","945","22935228699.740","26684979480.190"
"16","2015-34","5","20427719973","555780541001.67","-0.160542","-0.153060","-0.157561","394","1993300621.740","3329474514.280"
"2","2015-35","5","733370136","720073406.00","-0.083253","-0.080534","-0.086471","49","14204609.390","18760022.950"
"4","2015-35","5","114037072364","1385827553957.13","-0.120954","-0.116809","-0.116130","1000","8174622449.240","11002889186.480"
"8","2015-35","5","442207849","2926005535.99","-0.088173","-0.064175","-0.067722","41","79056620.680","87761225.110"
"1","2015-35","5","198980818936","2053665296817.00","-0.106822","-0.083860","-0.085100","939","20948270277.910","24273837231.930"
"16","2015-35","5","18246093901","390849648947.09","-0.123303","-0.132431","-0.128130","396","1765182701.980","2944016182.550"
"2","2015-36","3","256704173","247211504.00","-0.110632","-0.099146","-0.097755","48","12691068.400","16820756.360"
"4","2015-36","3","66466038173","780643246786.63","-0.150632","-0.107592","-0.108867","992","7276450656.540","9768879129.160"
"8","2015-36","3","160999655","989867827.55","-0.101650","-0.081270","-0.086774","40","71214030.400","78736672.690"
"1","2015-36","3","126546696231","1273160771524.00","-0.128175","-0.014151","-0.024418","912","20539780639.820","23501671129.380"
"16","2015-36","3","10589735999","214605692268.06","-0.185159","-0.162217","-0.166522","396","1473889942.140","2454877779.640"
"2","2015-37","5","440110907","447343131.00","0.127908","0.114969","0.110471","49","14280359.290","18808645.760"
"4","2015-37","5","96094765470","1167596003407.86","0.119082","0.060848","0.063703","1008","8043283413.200","10792977263.410"
"8","2015-37","5","227149495","1483105507.15","0.075869","0.061975","0.065493","42","83882914.690","92176097.420"
"1","2015-37","5","142063002910","1529096138092.00","0.108310","0.007861","0.013763","925","20866208687.830","23992329986.980"
"16","2015-37","5","19345405729","397616707996.39","0.184209","0.155742","0.160143","402","1738919164.280","2896742456.170"
"2","2015-38","5","455670960","463955633.00","-0.033845","-0.027933","-0.028964","50","13929683.730","18312039.670"
"4","2015-38","5","94042188996","1070455837342.70","-0.082027","-0.079816","-0.078564","1013","7545461962.120","10106897961.950"
"8","2015-38","5","225906476","1511814241.03","-0.016259","-0.038426","-0.034562","42","80659588.480","88990303.530"
"16","2015-38","5","19261382052","369110551119.42","-0.052369","-0.047228","-0.046573","404","1677752546.770","2798711519.820"
"1","2015-38","5","139557170881","1452353071866.00","-0.068374","-0.032190","-0.035048","930","19979192384.100","22884536191.950"
"2","2015-39","5","321975909","341765965.00","0.018740","0.018946","0.019605","50","14193597.180","18671056.640"
"4","2015-39","5","95252243144","1171174722986.90","0.021450","0.008997","0.009761","1024","7722135909.010","10408892318.370"
"8","2015-39","5","201030649","1678748547.35","-0.014657","-0.024900","-0.022029","43","83304330.000","91697014.740"
"16","2015-39","5","21660875896","461916529346.74","0.036775","0.028505","0.030739","408","1729731818.940","2902848276.680"
"1","2015-39","5","119693801367","1300594338773.00","0.014507","-0.002413","-0.001566","937","20144391991.520","23110097858.020"
"2","2015-40","3","110467704","116477886.00","0.003613","0.005963","0.008956","49","14079308.620","18638757.420"
"4","2015-40","3","38129588057","474938015265.13","0.011622","0.006852","0.008229","1022","7814920945.530","10464808203.070"
"8","2015-40","3","101814037","899010929.38","0.008407","0.026945","0.025490","42","85213356.950","93699228.440"
"16","2015-40","3","10599174813","228172004479.80","0.038061","0.036072","0.036639","409","1783037540.160","2987748053.120"
"1","2015-40","3","46548797413","491935235304.00","0.000665","-0.015942","-0.014029","927","19932587538.150","22869803330.250"
"2","2015-41","2","137704263","145760244.00","0.039877","0.036001","0.034016","49","14586185.850","19272789.900"
"4","2015-41","2","38649851769","485679195945.42","0.074218","0.068545","0.069307","1029","8350272875.750","11298376964.060"
"8","2015-41","2","111610639","1037417901.10","0.048398","0.059290","0.058486","42","90265654.700","99179336.110"
"16","2015-41","2","8495891273","182411371863.14","0.082824","0.076408","0.075010","412","1937091623.330","3246384127.450"
"1","2015-41","2","46775045201","514282226156.00","0.064260","0.046430","0.047289","921","20678799095.410","23723910370.170"
"2","2015-42","5","544462175","607401775.00","0.107069","0.093503","0.086077","48","15909180.760","20891146.980"
"4","2015-42","5","131826964747","1719478317054.01","0.117205","0.098748","0.097853","1039","9320278154.690","12575151528.220"
"8","2015-42","5","317726394","2435011062.08","0.068781","0.047872","0.051854","43","94929351.330","104666036.110"
"16","2015-42","5","27694232993","636906090835.14","0.125460","0.115309","0.119990","419","2215895781.510","3730473045.510"
"1","2015-42","5","168482539140","1918781429237.00","0.107759","0.068463","0.072819","925","21924765062.230","25226699605.820"
"2","2015-43","5","589908146","688121987.00","0.032663","0.013703","0.008512","50","16509882.910","21449394.770"
"4","2015-43","5","149124228349","2078036063901.90","0.034240","0.028685","0.028411","1045","9762239180.460","13094569934.210"
"8","2015-43","5","378982658","2734648131.11","0.035060","0.008000","0.009568","44","99175786.120","109159982.460"
"16","2015-43","5","31583656725","771584631829.94","0.050991","0.043089","0.047557","418","2316742656.110","3908360225.120"
"1","2015-43","5","182075448280","2151745313016.00","0.014854","0.007600","0.006934","915","21695673642.370","24977479819.360"
"2","2015-44","5","604238350","655101350.00","0.020253","0.021897","0.034548","49","16468209.280","21782242.630"
"4","2015-44","5","139190522070","2013422750114.12","0.011233","-0.000195","0.000284","1060","9920567829.510","13313333515.620"
"8","2015-44","5","306202369","2543590868.53","-0.001218","-0.009608","-0.005348","42","95298460.710","105639212.360"
"16","2015-44","5","28258714671","726650644491.50","0.006108","-0.010955","-0.006113","420","2298445440.270","3907544175.840"
"1","2015-44","5","146048566458","1822094989234.00","0.005461","-0.010598","-0.009687","927","21866812871.700","25238416949.210"
"2","2015-45","5","576268992","711717359.00","0.036140","0.031345","0.031225","50","17498296.760","22976239.380"
"4","2015-45","5","136971072458","2011836734580.23","0.065829","0.062981","0.065503","1063","10686877549.920","14338520523.430"
"8","2015-45","5","291927166","2396988826.21","0.035232","0.032699","0.032305","41","97475702.440","108113348.450"
"16","2015-45","5","27205817613","719607418039.93","0.090176","0.076416","0.083331","427","2524636607.080","4489989985.880"
"1","2015-45","5","173958657773","2173922043313.00","0.069994","0.063158","0.067206","928","23508527457.850","27177597887.570"
"2","2015-46","5","589274466","686521298.00","0.030346","0.023641","0.024409","50","16633538.890","20100172.900"
"4","2015-46","5","162467560907","2563601185123.31","0.038004","0.021532","0.024209","1078","11057439427.250","14948170079.920"
"8","2015-46","5","274320979","2519775471.96","0.005301","0.003476","0.005805","42","97657273.400","109606308.130"
"16","2015-46","5","34439037057","953030836380.70","0.054000","0.034593","0.037132","435","2719416705.720","4820794951.750"
"1","2015-46","5","199543169610","2611206074263.00","0.025739","-0.004985","-0.002319","938","23450847689.930","27188697427.010"
"2","2015-47","5","513189594","622642532.00","0.017349","0.009745","0.009422","51","17117221.180","20611028.100"
"4","2015-47","5","135496913409","2216806474835.91","0.054967","0.038552","0.039139","1088","11518650788.310","15549671896.730"
"8","2015-47","5","208812101","1505488202.08","0.032115","0.023287","0.025500","42","93990985.690","106447996.710"
"16","2015-47","5","30419160755","819807291651.54","0.055336","0.050996","0.043034","433","2837801210.970","5012167351.930"
"1","2015-47","5","151092891102","2021671036079.00","0.037744","0.015267","0.014788","952","24178805279.470","28098509821.030"
"2","2015-48","5","522828383","624963730.00","-0.031895","-0.035488","-0.034686","51","16509762.420","19896104.070"
"4","2015-48","5","137579484505","2293468536474.14","-0.039891","-0.054514","-0.053061","1095","10935605286.670","14833068577.600"
"8","2015-48","5","264970343","2181571691.75","-0.018433","-0.024373","-0.026861","43","98112315.820","109984533.150"
"16","2015-48","5","31442432430","892102095558.09","-0.022934","-0.042129","-0.035108","435","2730743571.550","4874861849.320"
"1","2015-48","5","149365367892","2009282313891.00","-0.046020","-0.055453","-0.056653","961","22943897369.280","26483155077.400"
"2","2015-49","5","787602452","1044226659.00","0.057970","0.049843","0.044625","51","17332668.330","20783977.880"
"4","2015-49","5","112864878667","1836636071653.02","0.032500","0.031592","0.028269","1098","11322625453.510","15343935682.920"
"8","2015-49","5","360413938","3460397961.24","0.036754","0.040080","0.038298","43","102044686.640","114196767.290"
"16","2015-49","5","24478778294","698713390592.12","0.020482","0.015172","0.013530","441","2820816331.870","5006962444.060"
"1","2015-49","5","138305178012","1738895188941.00","0.029745","0.028770","0.027504","963","23543653214.810","27231927273.140"
"2","2015-50","5","669933107","910713977.00","0.030353","0.013589","0.025948","51","17568208.950","21323295.230"
"4","2015-50","5","94567565718","1612154633786.47","-0.017837","-0.018932","-0.018707","1113","11296299373.000","15313216164.730"
"8","2015-50","5","370801734","3684386620.03","0.040156","0.031861","0.047649","43","105296017.430","119638130.860"
"16","2015-50","5","22559901492","633482251951.75","-0.017620","-0.011653","-0.017659","442","2751379333.420","4825240129.480"
"1","2015-50","5","100500579791","1364999310625.00","-0.026402","-0.027585","-0.027339","979","23334241713.740","27181038591.930"
"2","2015-51","5","740341129","934319616.00","0.056465","0.047453","0.041618","51","18401882.880","22210734.110"
"4","2015-51","5","108702805928","1858101371833.52","0.086706","0.068174","0.069808","1118","12035392366.110","16300570993.000"
"8","2015-51","5","252701578","2144104838.05","0.026185","0.029209","0.028814","42","100656497.950","115373269.470"
"16","2015-51","5","22342264131","642580439956.87","0.088750","0.078787","0.076405","443","2983994821.170","5233628283.010"
"1","2015-51","5","115948923966","1561589456422.00","0.068747","0.041071","0.044130","986","24429509273.160","28521003621.860"
"2","2015-52","5","872243270","1154294348.00","0.087359","0.084980","0.100467","51","19605668.120","24077046.750"
"4","2015-52","5","113878357868","1892754922242.91","0.022983","0.016661","0.015923","1122","12002030448.370","16532961945.790"
"8","2015-52","5","363923690","3054166364.88","0.051781","0.034676","0.038064","42","104146950.440","119764965.450"
"16","2015-52","5","20359902913","583196950802.06","0.014013","-0.004735","-0.002580","446","2985849739.030","5227208298.050"
"1","2015-52","5","127674374809","1761665790314.00","0.023927","0.015059","0.014062","994","24989455869.430","29188878140.770"
"2","2015-53","4","1031165228","1353458254.00","-0.048181","-0.037721","-0.045631","51","18866110.350","22978368.220"
"4","2015-53","4","78436461074","1366575347076.59","-0.012457","-0.020595","-0.020975","1126","11882700936.180","16441659074.120"
"8","2015-53","4","319639743","2740483803.51","-0.038820","-0.030513","-0.032784","42","100899294.970","115768755.080"
"16","2015-53","4","16122493186","456322548058.99","-0.013408","-0.018179","-0.023363","450","2920162894.920","5102113954.040"
"1","2015-53","4","80707681675","1133041831376.00","-0.016860","-0.024703","-0.024775","994","24368430216.030","28470014125.170"
"8","2016-02","5","287414160","2355116037.23","-0.064292","-0.051067","-0.058701","42","95747347.990","108973703.940"
"2","2016-02","5","778238098","955805423.00","-0.110892","-0.093331","-0.093035","51","17105304.890","20840571.990"
"4","2016-02","5","92884422664","1345506234884.21","-0.151199","-0.146641","-0.148249","1130","10115905699.390","14042529822.900"
"16","2016-02","5","17773630703","450582904820.19","-0.177013","-0.189713","-0.177138","452","2380610198.630","4220499770.140"
"1","2016-02","5","103941473997","1252532110693.00","-0.136352","-0.097819","-0.102600","995","22038682898.360","25562559272.040"
"8","2016-03","5","272824569","2100749509.19","-0.067620","-0.078469","-0.076347","42","88234113.920","100653834.160"
"2","2016-03","5","720354595","846227977.00","-0.068857","-0.081639","-0.081914","51","15708830.980","19133418.260"
"4","2016-03","5","94148923362","1232237115907.90","-0.117886","-0.107635","-0.104817","1132","9014578769.990","12548139231.610"
"16","2016-03","5","19333248470","446970010067.27","-0.104709","-0.096888","-0.094760","447","2121462324.460","3774752452.460"
"1","2016-03","5","107800921334","1137954428813.00","-0.122703","-0.091218","-0.092959","998","20053977800.170","23213727048.680"
"8","2016-04","5","218808008","1632196788.94","0.014189","-0.000968","0.001753","41","87245887.420","99925092.660"
"2","2016-04","5","584097560","646021801.00","0.007344","-0.002414","-0.003808","52","16090447.830","19479508.790"
"4","2016-04","5","83734948098","1158794612170.18","0.034521","0.016818","0.015672","1127","9210603154.630","12759182820.940"
"16","2016-04","5","20309801751","469792831790.73","0.052344","0.034984","0.032731","449","2250219754.580","3959101020.730"
"1","2016-04","5","93213029712","1000314212613.00","0.022571","0.004301","0.005635","1007","20223615442.280","23460051772.790"
"8","2016-05","5","221347137","1646696147.36","-0.035338","-0.017038","-0.021403","42","86647642.960","98670657.420"
"2","2016-05","5","548001239","562710347.00","-0.036635","-0.034215","-0.035960","51","13898040.080","17140132.130"
"4","2016-05","5","77585593485","981596736613.36","-0.088511","-0.080338","-0.082691","1133","8529573757.440","11765687829.980"
"16","2016-05","5","17216093026","369962399981.89","-0.099331","-0.094902","-0.096018","447","2019731599.610","3415698052.070"
"1","2016-05","5","93191053000","927732643830.00","-0.082311","-0.062100","-0.063642","1014","19056279807.360","22057789363.330"
"8","2016-06","5","144423745","1095292341.87","0.017002","-0.005542","-0.004942","40","84115435.430","96129714.320"
"2","2016-06","5","379396956","397547015.00","0.034358","0.030839","0.028897","51","14326655.420","17635436.990"
"4","2016-06","5","64836885119","831416089851.63","0.050289","0.034072","0.037712","1119","8731569131.690","12071011802.350"
"16","2016-06","5","15721651905","343350881028.16","0.058764","0.059232","0.055464","444","2129122612.160","3738100268.590"
"1","2016-06","5","77063350551","776691116227.00","0.040376","0.007467","0.009795","1010","19177587976.060","22241837081.380"
"8","2016-08","5","255044458","1869872747.62","0.022235","0.025063","0.020212","42","88338795.980","100177860.650"
"2","2016-08","5","417378958","458106317.00","0.024984","0.024819","0.026965","50","14504378.210","17932756.360"
"4","2016-08","5","81307615954","1086090776084.68","0.072288","0.060547","0.061430","1129","9388915570.360","12996215676.760"
"16","2016-08","5","18054778664","419881296706.83","0.084075","0.073191","0.075220","447","2310106813.650","4049055119.260"
"1","2016-08","5","92055696748","960462262117.00","0.060808","0.035313","0.036732","1010","19861517244.890","23046386478.830"
"8","2016-09","5","238206367","1700035375.24","-0.047586","-0.039448","-0.041169","43","86179532.100","97376816.190"
"2","2016-09","5","521587948","587113856.00","-0.029694","-0.030611","-0.028022","49","13805925.440","17175108.560"
"4","2016-09","5","95954516184","1295411904731.22","-0.062155","-0.057735","-0.059689","1133","8794377394.150","12117634548.210"
"16","2016-09","5","20321266115","471691847824.03","-0.098493","-0.103541","-0.101169","444","2064538441.530","3608310032.210"
"1","2016-09","5","110150609816","1136092383007.00","-0.049090","-0.031914","-0.033407","999","18976824530.430","21992860887.440"
"8","2016-10","5","211047627","1390522267.03","-0.002685","-0.007872","-0.015731","44","89821666.090","107636531.080"
"2","2016-10","5","443101901","493904843.00","-0.001482","0.001295","0.004232","49","13823816.680","17247792.850"
"4","2016-10","5","104143300004","1231415898105.64","-0.017440","-0.000649","-0.004420","1121","8739435874.690","11933553680.970"
"16","2016-10","5","19415694009","398303786113.39","-0.077851","-0.074323","-0.069350","444","1925870185.710","3389720139.360"
"1","2016-10","5","126112229475","1207871474487.00","-0.003868","0.047482","0.041050","1001","19906216975.610","22883418760.120"
"8","2016-11","5","137108967","922359678.01","-0.029649","-0.038305","-0.064416","42","72618974.470","85478937.080"
"2","2016-11","5","246100373","273951743.00","-0.004980","-0.004624","-0.006291","49","13759882.240","17139284.260"
"4","2016-11","5","72797919810","899085811003.46","-0.012417","-0.024008","-0.023188","1124","8526091812.380","11696252633.410"
"16","2016-11","5","15868885067","320795290729.76","0.022054","0.016759","0.016339","444","1973362185.630","3471824143.600"
"1","2016-11","5","89807089074","874620092523.00","-0.017328","-0.022703","-0.023127","1010","19826250294.980","22760107371.090"
"8","2016-12","5","138099872","964861837.51","0.053909","0.044161","0.050912","42","75825961.200","89830908.190"
"2","2016-12","5","380281728","463003365.00","0.058359","0.052253","0.057566","49","14478877.250","18125932.030"
"4","2016-12","5","86117252011","1154149905221.14","0.104099","0.088740","0.092160","1132","9408023402.450","12886780987.340"
"16","2016-12","5","22510389151","484318954481.66","0.150051","0.148429","0.143981","445","2275222614.910","3973673292.850"
"1","2016-12","5","105451536325","1102286198757.00","0.087338","0.050026","0.053746","1011","20826124493.560","24043374497.190"
"8","2016-13","5","149614996","1103964266.67","0.014202","0.012468","0.014095","42","76487417.090","90812709.020"
"2","2016-13","5","392992208","489205086.00","0.018278","0.016130","0.012863","47","14343482.750","17774492.580"
"16","2016-13","5","26256586381","627632116837.60","0.037163","0.027355","0.030986","448","2342367258.510","4078558554.950"
"4","2016-13","5","108138896889","1569850654085.85","0.035016","0.029433","0.029651","1120","9644041659.700","13209229831.330"
"1","2016-13","5","124790604821","1420628487911.00","0.027587","0.006286","0.008674","1009","21020603862.090","24275676201.660"
"8","2016-14","5","155473667","1318238476.57","0.002084","0.005638","0.001435","43","89472538.220","103444489.370"
"2","2016-14","5","342780532","438713914.00","0.012772","0.008195","0.008226","46","14357780.800","17817453.830"
"16","2016-14","5","22303171491","550162321472.57","0.018560","0.005366","0.007319","443","2370348091.430","4112214905.130"
"4","2016-14","5","91938816770","1382585649980.21","0.014865","0.009606","0.010856","1119","9727518336.250","13317414250.500"
"1","2016-14","5","101888954361","1135239054134.00","0.013356","0.011561","0.010823","997","21241227725.220","24470541116.270"
"8","2016-15","4","143772602","1098413177.55","0.000894","-0.003284","-0.001301","43","89178671.490","103309895.310"
"2","2016-15","4","271508671","343883178.00","-0.005291","-0.005116","-0.005356","46","14284325.000","17722010.670"
"16","2016-15","4","20309958244","498855636713.64","0.024222","0.018921","0.018833","437","2409478778.940","4181117745.370"
"4","2016-15","4","80769509679","1216020623493.47","0.013622","0.004762","0.004885","1107","9768855913.290","13438090827.790"
"1","2016-15","4","89510144698","980647180663.00","0.008278","-0.009176","-0.008432","995","21058581483.930","24293030160.730"
"8","2016-16","5","164003086","1221443237.39","0.017241","0.017876","0.016671","43","90397310.180","104657092.530"
"2","2016-16","5","298573371","359486098.00","0.023251","0.024297","0.027140","46","14631402.780","18202999.290"
"16","2016-16","5","23940208189","590632282448.79","0.053113","0.043734","0.039483","442","2501380934.570","4355615503.770"
"4","2016-16","5","99156070548","1441792847307.95","0.048757","0.039374","0.037880","1108","10118283894.030","14009252281.360"
"1","2016-16","5","110760538544","1247699192857.00","0.049923","0.031426","0.032462","1006","21795543998.970","25230583975.100"
"8","2016-17","5","182453548","1346040074.36","-0.023424","-0.022218","-0.025815","44","91160824.580","104717074.100"
"2","2016-17","5","299752841","346628084.00","-0.039600","-0.038210","-0.039875","46","14072330.870","17477137.310"
"16","2016-17","5","19593866173","469475953412.97","-0.079294","-0.080958","-0.079161","436","2271433461.790","3987039036.670"
"4","2016-17","5","88867069616","1301307197993.07","-0.058877","-0.056541","-0.058481","1113","9651318052.800","13360113691.820"
"1","2016-17","5","94660291969","1053743635079.00","-0.058212","-0.036885","-0.039696","1007","20979725887.150","24261559378.110"
"8","2016-18","5","101944843","806457013.44","-0.004434","0.000997","0.000703","44","91234251.930","104773255.770"
"2","2016-18","5","160518766","200773851.00","-0.000302","-0.001050","-0.000494","46","14057550.980","17468493.080"
"16","2016-18","5","14333739832","337800567365.16","0.012614","0.008447","0.008577","442","2282148992.530","3999748899.120"
"4","2016-18","5","64068876221","951830175276.53","0.006164","0.001890","0.002886","1108","9585288898.390","13270473693.650"
"1","2016-18","5","62080420187","707031965533.00","0.002230","-0.007126","-0.006752","1010","20914150841.440","24152580129.420"
"8","2016-19","4","135551610","1136963200.22","-0.016665","-0.032700","-0.028877","43","87872884.440","101368307.690"
"2","2016-19","4","178148691","228531624.00","-0.002314","0.000066","-0.002501","45","13816143.190","17182882.230"
"16","2016-19","4","16564171099","391028182462.89","0.012147","0.003686","0.006869","442","2338090684.030","4091497632.270"
"4","2016-19","4","68238926745","1034788405372.36","-0.002919","-0.003531","-0.003398","1109","9564572987.210","13312874422.640"
"1","2016-19","4","68395714316","780578127137.00","-0.005856","-0.009738","-0.008459","1012","20687682997.880","23875051393.140"
"8","2016-20","5","143165203","1144306249.04","-0.057817","-0.042870","-0.052229","43","84102167.220","96070384.000"
"2","2016-20","5","231022584","264774489.00","-0.059520","-0.053026","-0.058007","45","13054919.760","16157548.560"
"4","2016-20","5","64358483773","919029790962.58","-0.064686","-0.046645","-0.048482","1110","9117400829.370","12702564110.990"
"1","2016-20","5","68535024471","726068368923.00","-0.053206","-0.028188","-0.030034","1014","20148151864.520","23275659298.660"
"16","2016-20","5","14638318528","319066893576.17","-0.069041","-0.066335","-0.065621","444","2185668912.400","3812553428.170"
"8","2016-21","5","98714707","690787298.15","-0.028393","-0.031140","-0.034732","43","81077776.170","92328228.510"
"2","2016-21","5","199912234","284188758.00","-0.028277","-0.040790","-0.035225","46","14148433.370","17223883.000"
"4","2016-21","5","64228705318","924469791462.59","0.003772","0.001822","0.003669","1107","9158347992.180","12774737667.120"
"1","2016-21","5","59680732948","662333544286.00","-0.000902","0.000798","0.000165","1016","20053258479.420","23178644242.970"
"16","2016-21","5","16753455277","361979470552.65","0.024687","0.022353","0.022078","445","2254199800.330","3911864949.920"
"8","2016-22","5","85612116","576850600.57","0.026118","0.023896","0.023989","43","82976289.200","94504117.590"
"2","2016-22","5","138602644","170068906.00","0.002919","-0.000418","0.000749","46","14142517.710","17236786.350"
"1","2016-22","5","55867675853","628663979133.00","0.008300","-0.001096","-0.001052","1018","20139265193.360","23239700315.470"
"16","2016-22","5","18018076237","404542409628.10","0.025844","0.014445","0.019487","442","2272369156.780","3970200723.120"
"4","2016-22","5","62129945080","897220044692.62","0.011618","0.004258","0.004020","1107","9176703462.270","12780415735.250"
"8","2016-23","5","110757469","844293698.81","0.042202","0.043681","0.044349","43","86584350.420","98678893.590"
"2","2016-23","5","230768279","309316665.00","0.051515","0.048096","0.048787","46","14822727.320","18077731.800"
"1","2016-23","5","83939660752","966345690921.00","0.059292","0.041576","0.043292","1020","21221532042.630","24449703458.680"
"16","2016-23","5","26760996893","588056049948.33","0.092471","0.081179","0.084615","447","2565226519.770","4476173056.760"
"4","2016-23","5","87428380436","1267098325475.35","0.064480","0.060151","0.062119","1110","9837312872.380","13756965487.800"
"8","2016-24","3","46820949","365564479.30","-0.000828","0.000066","0.000720","42","85186297.380","97345309.840"
"2","2016-24","3","76565787","107427885.00","0.001067","0.002847","0.001935","46","14827845.700","18075620.200"
"1","2016-24","3","41726202139","512702903912.00","0.000436","-0.003600","-0.002675","1023","21033092925.500","24285686126.300"
"16","2016-24","3","14184242363","335500043764.64","0.010051","0.001969","0.001121","450","2575632925.510","4498107517.110"
"4","2016-24","3","47370760041","733674546282.33","0.005959","0.001527","0.002950","1110","9878505631.950","13900923720.520"
"8","2016-25","5","92905699","749622685.06","-0.014043","-0.013108","-0.014121","42","84062240.570","95963285.520"
"2","2016-25","5","174492650","222233295.00","-0.013400","-0.007250","-0.008239","47","14607296.350","18025759.860"
"1","2016-25","5","79929213543","930210800385.00","-0.007280","-0.012874","-0.012947","1031","20840689217.560","24048756450.490"
"16","2016-25","5","24411324073","554808461252.65","0.000666","-0.012940","-0.011417","447","2547505227.570","4439477309.140"
"4","2016-25","5","84816740892","1252161036017.53","-0.004751","-0.007370","-0.009652","1111","9743694895.380","13710087708.300"
"8","2016-26","5","105338551","800918336.72","0.004792","-0.007981","-0.005531","42","83223405.790","95264575.890"
"2","2016-26","5","185504854","224937910.00","0.005480","0.003101","0.003806","46","14249828.460","17341635.180"
"1","2016-26","5","75664549950","895389482592.00","-0.007499","-0.008201","-0.007053","1025","20544976163.370","23733103517.890"
"16","2016-26","5","26326578820","600894358597.80","0.022844","0.011708","0.011438","452","2586613764.080","4509985443.700"
"4","2016-26","5","85545899265","1250920610721.14","-0.001497","-0.005539","-0.003553","1121","9803920110.820","13829698300.590"
"8","2016-27","5","98600806","767351623.99","0.033187","0.039081","0.039742","41","84323550.620","96897354.980"
"2","2016-27","5","185417595","222169311.00","0.027445","0.025516","0.025203","46","14570168.160","17720135.030"
"1","2016-27","5","81764108663","983345030859.00","0.039317","0.028069","0.029324","1029","21204398520.860","24430575952.270"
"16","2016-27","5","29631672635","687801968622.52","0.054165","0.042176","0.045591","455","2776677344.610","4783843758.390"
"4","2016-27","5","88347233775","1314519158115.23","0.043208","0.036643","0.039395","1121","10204272567.210","14362533842.740"
"8","2016-28","5","123940401","946465982.00","0.006969","0.009818","0.008978","40","83768007.610","96384959.720"
"2","2016-28","5","207195954","242024514.00","0.011109","0.009488","0.010102","46","14495120.460","17685736.230"
"16","2016-28","5","25434635656","609002498900.19","0.028299","0.020833","0.020571","460","2847891314.670","4905852862.600"
"1","2016-28","5","105918906797","1248326653940.00","0.040690","0.024550","0.026310","1033","21566774149.660","24974506052.960"
"4","2016-28","5","101993549132","1493997763763.37","0.032671","0.023140","0.023962","1129","10762454151.490","15027425050.810"
"8","2016-29","5","191887691","1407720695.85","0.013120","0.018845","0.018380","41","86455023.050","99264295.160"
"2","2016-29","5","196646722","222290337.00","0.010084","0.012805","0.013503","47","14999719.900","18227417.170"
"16","2016-29","5","26381306486","599298932965.96","0.000117","-0.000032","0.000966","461","2854916761.310","4920203557.720"
"1","2016-29","5","108857863825","1250217619152.00","0.019792","0.025844","0.025415","1032","22095296737.140","25569192548.840"
"4","2016-29","5","102610486836","1467740466003.26","0.016210","0.018296","0.018699","1142","11048691027.360","15379123782.700"
"8","2016-30","5","211520038","1430567388.17","0.014804","0.007737","0.016462","41","88400819.490","104183775.070"
"2","2016-30","5","143722397","163145138.00","0.005394","0.009543","0.005108","47","14912278.570","18089943.570"
"16","2016-30","5","21232329479","489224222098.97","-0.003356","-0.007228","-0.008875","467","2849406868.770","4912851371.050"
"1","2016-30","5","79544116985","962053264511.00","-0.006575","-0.011884","-0.012823","1036","21827824923.090","25244214382.270"
"4","2016-30","5","83175775363","1222805355164.03","-0.005462","-0.010122","-0.010384","1148","10980792620.460","15257844519.850"
"8","2016-31","5","215008444","1818008971.16","-0.009817","0.001765","0.001348","43","89950543.490","105717330.450"
"2","2016-31","5","291309419","307711884.00","-0.013264","-0.017427","-0.023219","49","14986430.600","18001426.890"
"16","2016-31","5","21161048698","469618490517.61","-0.064736","-0.063831","-0.063744","466","2660526523.600","4587798165.230"
"1","2016-31","5","91881539347","1063481938387.00","-0.027297","-0.007852","-0.010946","1038","21381876019.070","24729428306.970"
"4","2016-31","5","87488300358","1235891572845.65","-0.040086","-0.032581","-0.034540","1159","10610523588.520","14750394867.060"
"8","2016-32","5","153114431","1186677169.44","0.008062","0.002976","0.008874","43","90218292.350","106655519.910"
"2","2016-32","5","170324018","171641055.00","0.000580","0.003690","0.005711","49","15039230.430","18101729.320"
"16","2016-32","5","14475545435","318155547766.93","0.001969","-0.002372","-0.000610","467","2654382629.950","4597935584.660"
"1","2016-32","5","67810515721","764690151650.00","0.003799","-0.000389","-0.000605","1044","21666296126.370","25145035144.300"
"4","2016-32","5","62901392565","843983976285.67","0.000314","0.001382","0.000476","1160","10646454163.830","14767301184.080"
"8","2016-33","5","153942804","1232657608.61","0.009241","0.009129","0.010238","42","90622381.470","107262494.740"
"2","2016-33","5","129525990","130730655.00","0.007318","0.008670","0.009130","49","15157558.750","18254943.920"
"16","2016-33","5","14842800751","337653706964.39","0.019308","0.010490","0.013021","477","2706032572.160","4719883052.470"
"1","2016-33","5","81915832141","902629985129.00","0.018784","0.026631","0.026489","1050","22285056758.500","25907819772.690"
"4","2016-33","5","74085763028","980902121381.78","0.017295","0.020940","0.019947","1160","10875831183.600","15083681252.660"
"8","2016-34","5","200855055","1537014561.18","0.020161","0.007453","0.007076","42","91297830.130","108021555.180"
"2","2016-34","5","226316971","245828735.00","0.021221","0.026814","0.026463","50","15669169.710","18843172.780"
"16","2016-34","5","19962770534","475743632272.32","0.057683","0.045547","0.049833","475","2821373601.030","4927177672.880"
"1","2016-34","5","121122844252","1347326071035.00","0.036385","0.018850","0.020964","1056","22710591847.690","26508619910.250"
"4","2016-34","5","105395874290","1425163893711.57","0.041244","0.035953","0.036003","1171","11308430632.350","15740973692.630"
"8","2016-35","5","141414851","1038666937.00","-0.001417","-0.005150","-0.000333","42","90504661.270","107662625.150"
"2","2016-35","5","152974129","156454951.00","-0.005658","-0.007116","-0.006643","50","15557663.920","18717980.540"
"16","2016-35","5","17984293669","424450538960.21","0.008361","-0.002410","0.001537","481","2841880320.030","4994836803.190"
"1","2016-35","5","81463147220","931318236398.00","-0.006230","-0.012041","-0.010753","1057","22484589876.080","26233429356.970"
"4","2016-35","5","79302712903","1072096504817.49","-0.007830","-0.015579","-0.014884","1169","11096038304.390","15504050950.270"
"8","2016-36","5","126068631","961631589.57","-0.000887","0.005927","0.004859","42","91041119.020","108185773.360"
"2","2016-36","5","113023382","122324146.00","-0.003027","-0.001037","-0.001006","50","15541523.860","18699151.830"
"16","2016-36","5","17821941249","400031616339.74","0.000735","-0.008543","-0.007656","486","2832191926.090","4985151997.740"
"1","2016-36","5","73081120617","846134413307.00","-0.001222","0.000135","-0.000465","1053","22426287440.700","26183993477.520"
"4","2016-36","5","67103891050","933448884182.72","-0.004182","-0.005531","-0.006642","1171","11156999025.540","15478284486.350"
"8","2016-37","5","157195824","1380994058.02","0.015024","0.021005","0.019951","42","92953463.940","110344257.890"
"2","2016-37","5","145340460","156644298.00","0.007717","0.008941","0.009451","50","15680484.100","18875881.660"
"16","2016-37","5","20381303159","440780003824.03","0.020898","0.017798","0.012806","486","2881153396.380","5044771916.070"
"1","2016-37","5","80995189433","908418990725.00","0.019102","0.004100","0.004250","1055","22475481745.570","26293354706.690"
"4","2016-37","5","78616482566","1082079406949.51","0.023258","0.015194","0.014614","1176","11345670146.870","15745318410.180"
"2","2016-38","3","108525547","117611600.00","-0.011677","-0.010839","-0.011860","50","15510513.650","18652006.960"
"16","2016-38","3","10179800267","212373231173.35","-0.027157","-0.030271","-0.029086","481","2739483801.030","4825550603.140"
"1","2016-38","3","47372781180","522002563742.00","-0.024563","-0.025210","-0.024857","1052","21830883141.470","25584994726.140"
"4","2016-38","3","43211171233","576093543753.29","-0.026658","-0.028253","-0.028233","1169","10967135535.410","15235014145.010"
"2","2016-39","5","144393302","155094087.00","0.000044","0.002509","0.006719","50","15549432.460","18777330.600"
"8","2016-39","5","154322814","1130959109.01","0.013407","0.011532","0.013941","41","92226394.170","109821461.100"
"16","2016-39","5","14119857588","298740832979.45","0.020071","0.010368","0.009369","488","2786130200.510","4898535543.300"
"1","2016-39","5","61732695311","712336156206.00","0.019947","0.011906","0.011495","1055","22043531398.210","25818389708.760"
"4","2016-39","5","62727094289","853626627184.26","0.021242","0.018646","0.017822","1169","11219820280.640","15507777365.020"
"2","2016-40","5","191427832","195000690.00","-0.002483","0.002277","0.007194","50","15584838.310","18912430.280"
"8","2016-40","5","108405968","847710007.26","0.000624","-0.003449","-0.003544","41","91908248.830","109432215.790"
"16","2016-40","5","13342506509","280777149400.14","-0.004430","-0.007884","-0.009185","494","2739785151.730","4816390945.240"
"1","2016-40","5","58329063627","646290371249.00","-0.007909","-0.008610","-0.009402","1063","21896212261.060","25739583895.460"
"4","2016-40","5","58837076788","773911955669.20","-0.005745","-0.004026","-0.005381","1173","11188367829.550","15464054661.710"
"2","2016-42","5","216064144","211289105.00","0.009698","0.010285","0.014259","51","15911891.170","19349543.120"
"8","2016-42","5","169638257","1263425799.07","-0.000782","-0.000954","-0.006449","41","91825228.990","108731226.580"
"1","2016-42","5","77778796548","848010319623.00","0.031428","0.020058","0.021254","1077","22504780731.400","26548205652.460"
"4","2016-42","5","75989902869","984953690190.19","0.033448","0.023620","0.025144","1175","11434032454.230","15922503472.290"
"16","2016-42","5","16738176652","363795747774.21","0.048627","0.032783","0.036639","496","2832557425.650","5012579125.560"
"2","2016-43","5","441665240","426280049.00","-0.059132","-0.050328","-0.051646","51","15111069.550","18350208.850"
"8","2016-43","5","220154771","1608779735.17","-0.016766","-0.017884","-0.023455","42","91717742.240","107706951.920"
"1","2016-43","5","87190865081","950876777559.00","0.010220","0.010276","0.010280","1079","22701042249.340","26809007188.660"
"4","2016-43","5","79336470051","1068277834119.71","0.007246","0.003331","0.003715","1175","11532515307.730","16026287383.490"
"16","2016-43","5","18509864463","401340100584.82","0.014121","0.001216","0.003695","498","2867937997.180","5064982570.060"
"2","2016-44","5","229134295","243910388.00","0.017827","0.014774","0.019220","51","14155535.630","17874120.900"
"8","2016-44","5","135828634","1162791318.36","0.001497","-0.001624","0.004113","43","91947149.170","108530596.920"
"1","2016-44","5","97305807873","1080165889337.00","0.008415","0.003573","0.004917","1086","22807358484.130","27049722678.200"
"4","2016-44","5","82293896250","1123145240945.13","0.001118","0.000028","0.000654","1180","11555106251.400","16068662576.660"
"16","2016-44","5","18104307649","408994693799.93","0.007708","-0.005182","-0.001474","501","2859805908.260","5075312140.690"
"2","2016-45","5","184105449","185837558.00","0.002540","0.002879","0.004156","51","14196290.160","17948408.860"
"8","2016-45","5","144243836","1017497762.35","0.002695","-0.000025","-0.000627","43","91944810.540","108462552.930"
"1","2016-45","5","91328926607","1099538440968.00","0.017184","0.004330","0.007776","1087","22992829509.010","27347151203.620"
"4","2016-45","5","79695171839","1142177716165.11","0.015562","0.007003","0.009192","1188","11572447846.280","16270636947.200"
"16","2016-45","5","18973136956","430441887091.23","0.022104","0.003617","0.004941","505","2959958185.830","5099601796.600"
"2","2016-46","5","239087579","253683779.00","0.028556","0.023998","0.028578","51","14536975.390","18461353.550"
"8","2016-46","5","146572767","1012141433.13","0.011570","0.007691","0.007188","43","92651983.330","109242213.720"
"1","2016-46","5","116403673278","1337470875442.00","0.031638","0.021374","0.023476","1089","23517538907.780","27947790705.140"
"4","2016-46","5","98330623993","1323908004900.65","0.026443","0.022800","0.022869","1186","11773249059.420","16601368682.170"
"16","2016-46","5","19244058020","442830171816.80","0.029389","0.011946","0.016959","507","2996437265.650","5198236909.210"
"2","2016-47","5","268479441","274535541.00","0.002941","-0.003008","-0.008378","51","14493243.530","18306680.880"
"8","2016-47","5","153848713","1067842277.15","-0.011325","-0.011781","-0.012562","43","91560444.020","107869868.170"
"1","2016-47","5","121360973993","1319090925215.00","0.006003","0.000565","-0.000480","1085","23500697261.860","28066615364.670"
"4","2016-47","5","97547666150","1310903506414.90","0.005290","0.001776","0.001389","1188","11940360889.750","16782596664.440"
"16","2016-47","5","21087258490","483414601511.09","0.013396","0.006253","0.006748","514","3048898625.370","5293802171.240"
"2","2016-48","5","197225292","203350323.00","0.003055","0.005090","0.004535","50","14397414.190","18220198.640"
"8","2016-48","5","167037831","1143325922.53","-0.005744","-0.000410","-0.001909","44","92926007.080","109064973.590"
"1","2016-48","5","120651785755","1358547890398.00","0.012178","0.025624","0.023020","1080","23990428327.160","28591003874.480"
"4","2016-48","5","91063612662","1316123170427.91","0.005591","0.010294","0.010031","1188","12074634117.200","16877765288.080"
"16","2016-48","5","20690484649","506078113534.57","0.016632","0.005738","0.010453","517","3073162571.680","5342240797.100"
"2","2016-49","5","165521879","175737409.00","-0.017266","-0.015862","-0.018798","51","14335105.840","18043275.690"
"8","2016-49","5","189848308","1388159179.58","-0.008631","0.002942","0.000606","44","93199464.740","109131074.680"
"1","2016-49","5","134163544343","1453315728321.00","-0.021703","-0.001726","-0.005456","1088","24007041426.300","28533266127.980"
"4","2016-49","5","84517751777","1148451671710.82","-0.026561","-0.018950","-0.020677","1195","11848409724.180","16605962026.890"
"16","2016-49","5","18985432089","448062913339.90","-0.029912","-0.023283","-0.026272","513","2982037387.530","5187481018.820"
"2","2016-50","5","137093608","141337589.00","0.003619","0.003314","0.008457","51","14382618.210","18195883.580"
"8","2016-50","5","130415855","819388882.75","0.000096","0.000716","0.000387","44","93266242.300","109173418.570"
"1","2016-50","5","92301912680","1028428937726.00","0.005536","-0.002035","-0.003011","1093","24023589732.500","28626525103.300"
"4","2016-50","5","68963233392","932632668656.32","0.002789","-0.002606","-0.004938","1193","11740287552.700","16456442197.420"
"16","2016-50","5","14473882276","347061899406.94","-0.005303","-0.013183","-0.012672","521","2974491656.500","5182553857.840"
"2","2016-51","5","231888291","229613139.00","-0.006918","-0.009146","-0.010669","50","13945331.680","17294656.050"
"8","2016-51","5","153266899","1059627863.68","-0.017949","-0.025569","-0.028312","44","90881505.680","106082500.910"
"1","2016-51","5","101389228325","1117766060061.00","-0.022200","-0.034142","-0.034445","1101","23199016599.900","27609415202.220"
"4","2016-51","5","77063006449","1008063192497.24","-0.029558","-0.035379","-0.036197","1204","11412169671.300","15994883380.930"
"16","2016-51","5","15591927315","342628027452.02","-0.051301","-0.050253","-0.051828","519","2776070329.730","4830242036.670"
"2","2016-52","5","159325158","174255888.00","-0.009622","-0.011693","-0.011626","51","15191953.840","18503360.010"
"8","2016-52","5","103072533","736517410.20","-0.009885","-0.014634","-0.013623","45","89927062.270","105013246.070"
"1","2016-52","5","83069159115","924411443515.00","-0.001667","-0.002044","-0.003578","1101","23197781914.620","27538154446.420"
"4","2016-52","5","63835378207","828500173456.84","-0.002095","-0.010686","-0.008459","1204","11272504217.610","15909629003.460"
"16","2016-52","5","11821978809","260638890403.57","-0.009451","-0.012518","-0.015209","522","2717015815.570","4714854221.420"
"2","2016-53","5","109895585","111534450.00","0.000942","-0.002544","-0.004886","51","15153296.640","18412942.030"
"8","2016-53","5","60934566","427535714.00","0.005676","0.008847","0.009530","45","90722661.130","106014092.530"
"1","2016-53","5","69461937338","787956385279.00","0.004501","-0.001216","-0.001781","1110","23230486673.980","27591636339.410"
"4","2016-53","5","55517634687","733163046947.97","0.002596","0.000523","-0.001710","1207","11393275550.940","15935307399.540"
"16","2016-53","5","12210140382","256059267736.87","0.008402","0.001280","0.001533","532","2792508686.050","4826221159.830"
"2","2017-01","4","135306645","133692908.00","0.006725","0.005367","0.005365","51","15234634.330","18511738.300"
"1","2017-01","4","66651158242","761862069595.00","0.019374","0.019584","0.017187","1116","23688246730.860","28117447506.280"
"4","2017-01","4","54816103712","715988225101.99","0.017348","0.014692","0.012805","1207","11650151636.030","16187194080.710"
"8","2017-01","4","99072756","606216688.29","0.006341","0.003740","0.004803","45","91056454.690","106517849.930"
"16","2017-01","4","10999940865","235541212566.51","0.008900","0.005477","0.003144","539","2851782214.760","4881104125.080"
"2","2017-02","5","134064127","129328266.00","-0.016217","-0.012360","-0.010490","51","15046333.950","18317537.200"
"1","2017-02","5","83365832406","911733034394.00","-0.029535","-0.009796","-0.013058","1126","23470143822.880","27801682735.300"
"4","2017-02","5","63149818698","807768413607.18","-0.035569","-0.030156","-0.031853","1210","11350110588.430","15735454041.070"
"8","2017-02","5","105362880","726346095.03","-0.026718","-0.020681","-0.022024","45","89173298.840","104171867.620"
"16","2017-02","5","12417697963","263796574876.20","-0.044248","-0.042816","-0.047602","545","2730197879.920","4645232314.500"
"2","2017-03","5","163944060","163372057.00","-0.018770","-0.013047","-0.015313","51","14850019.420","18037022.060"
"1","2017-03","5","77040274098","841756808125.00","-0.010340","0.005628","0.003825","1129","23585101762.760","27959891012.490"
"4","2017-03","5","55394461287","685592861292.29","-0.021142","-0.013289","-0.015913","1210","11229016031.740","15815978735.760"
"8","2017-03","5","86818437","577651051.18","-0.010826","-0.008251","-0.008657","45","88437484.240","103270014.340"
"16","2017-03","5","13983600961","286096063271.83","-0.023315","-0.021171","-0.022431","549","2717148925.430","4620040109.890"
"2","2017-04","4","84687696","80885936.00","0.003874","0.010609","0.016381","51","15007576.530","18332494.790"
"1","2017-04","4","48373799484","533922982229.00","0.016629","0.011889","0.012309","1136","23912013356.640","28429713069.560"
"4","2017-04","4","38414700092","475211040008.57","0.020171","0.017723","0.018943","1215","11520195107.870","16364430034.500"
"8","2017-04","4","73208577","440702247.66","0.016476","0.012775","0.013936","45","89567341.790","104709222.980"
"16","2017-04","4","8781408752","181036319928.18","0.025542","0.014460","0.016106","555","2773211433.160","4736265015.800"
"2","2017-05","1","28095921","26267830.00","-0.004961","-0.005576","-0.006298","51","14923887.580","18217026.960"
"1","2017-05","1","9194377721","107843494097.00","-0.001987","-0.006416","-0.006351","1130","23604273210.430","28048259340.000"
"4","2017-05","1","7939735146","93608614598.68","-0.002518","-0.003690","-0.003599","1204","11396420408.910","16156403233.570"
"8","2017-05","1","39656483","233733531.86","-0.009512","-0.015825","-0.015578","44","86722826.270","101650656.250"
"16","2017-05","1","1899113481","38310169900.23","-0.003670","-0.005440","-0.004832","549","2695345922.730","4612671966.350"
"2","2017-06","5","140419666","132375764.00","0.012447","0.015617","0.017944","50","14929329.810","18315767.860"
"1","2017-06","5","83004095601","928068714368.00","0.033806","0.017691","0.019269","1138","24002212802.030","28590178475.570"
"8","2017-06","5","120596971","957429481.13","0.008596","0.013944","0.011857","44","87932147.230","102855979.890"
"16","2017-06","5","14141350494","288638223674.40","0.038094","0.022871","0.023698","557","2780799982.770","4760869605.690"
"4","2017-06","5","63816123026","805532786615.14","0.030645","0.023582","0.023896","1212","11738531731.650","16614658843.540"
"2","2017-07","5","205697202","206076491.00","-0.001200","0.006429","0.009413","50","15025312.520","18488173.170"
"1","2017-07","5","109162445014","1172119998918.00","0.008134","0.000244","0.002297","1144","24172576048.710","28806469019.330"
"8","2017-07","5","155910739","1163627272.39","0.004898","0.011213","0.011079","44","88918191.220","103995552.820"
"16","2017-07","5","14627855036","307514557438.43","0.000270","-0.010550","-0.007936","560","2747413403.130","4705778222.560"
"4","2017-07","5","72621426016","904238466619.95","-0.003802","-0.000125","-0.000717","1218","11777833862.530","16687547058.780"
"2","2017-08","5","255777429","274514060.00","0.007957","0.011691","0.012060","50","15200976.440","18711139.320"
"1","2017-08","5","104430732611","1167425039382.00","0.027241","0.015064","0.017498","1146","24491582300.590","29261833488.430"
"8","2017-08","5","175718085","1289940385.30","0.018410","0.025391","0.024262","42","89297786.380","104642663.190"
"16","2017-08","5","16340164281","335820116808.98","0.048217","0.035382","0.038364","562","2848712890.230","4899607266.040"
"4","2017-08","5","77239173548","988339160852.52","0.027998","0.022646","0.028727","1208","11990665900.050","17019657920.630"
"2","2017-09","5","187111794","194535235.00","-0.001847","-0.003102","0.000177","50","15153811.830","18714461.470"
"1","2017-09","5","86092926528","1037772272730.00","-0.002535","-0.013107","-0.010403","1144","24328077292.170","29135121416.430"
"8","2017-09","5","141312931","982615634.58","0.000998","0.001951","0.001034","43","90698866.010","105976589.680"
"16","2017-09","5","16290598963","355697496162.85","0.011862","0.000882","0.004938","564","2854905474.370","4921414445.570"
"4","2017-09","5","68542906036","923516392790.53","-0.002657","-0.005594","0.000063","1214","11972786363.060","17067672776.120"
"2","2017-10","5","125685467","131531046.00","-0.002100","-0.000476","0.000734","50","15146593.390","18728216.110"
"1","2017-10","5","78367477650","973900784083.00","0.005003","-0.003639","-0.001606","1153","24287670303.190","29188692021.470"
"8","2017-10","5","156882667","1206296979.39","-0.009732","-0.015478","-0.013732","43","89294935.580","104521260.840"
"16","2017-10","5","17519522140","410193687979.24","0.020768","0.013172","0.017815","566","2917659444.740","5050540901.960"
"4","2017-10","5","64681502621","912513990111.24","0.005292","0.004156","0.003426","1210","11989535298.790","17096641486.240"
"2","2017-11","5","174014914","175422749.00","0.003086","0.007249","0.004055","50","15256405.550","18804167.440"
"1","2017-11","5","84293453844","1089661935232.00","0.012028","0.005164","0.008099","1167","24496429635.110","29519178967.650"
"8","2017-11","5","121815985","955026082.17","0.008139","0.014095","0.014239","43","90553629.720","106009574.250"
"16","2017-11","5","18299702500","453042488615.27","0.019573","0.010256","0.014035","567","2943164561.470","5140580735.800"
"4","2017-11","5","68913509964","983364303504.54","0.011116","0.008057","0.008322","1205","12048260632.410","17120866708.260"
"2","2017-12","5","259165997","260958235.00","-0.026994","-0.016422","-0.021645","50","15005858.930","18397145.990"
"1","2017-12","5","93321478134","1201162045988.00","0.014876","0.009938","0.010951","1167","24732743646.370","29826206467.430"
"8","2017-12","5","142026717","1023649408.41","-0.008035","0.002243","-0.001011","43","90756762.100","105902347.010"
"16","2017-12","5","17414545552","435642706988.00","0.015957","0.006635","0.012776","570","2973061534.870","5217185701.590"
"4","2017-12","5","70735155191","1040699517125.06","0.006404","0.010996","0.009334","1211","12213857007.610","17322893102.840"
"2","2017-13","5","219188676","204798100.00","-0.025698","-0.018073","-0.018161","50","14734647.460","18063026.110"
"1","2017-13","5","102105477755","1176330973819.00","-0.031658","-0.008553","-0.013960","1177","24670793807.190","29626107403.550"
"8","2017-13","5","124459264","932381566.37","-0.013849","-0.012445","-0.012887","44","91059242.390","105968840.750"
"16","2017-13","5","15936393611","384383228567.27","-0.052383","-0.042452","-0.047110","576","2867350412.570","5005594894.420"
"4","2017-13","5","73089081714","1026206440688.64","-0.031306","-0.023437","-0.025140","1212","11968233053.830","16969982788.480"
"2","2017-14","3","136426132","129816306.00","0.024963","0.022821","0.023986","50","15070910.870","18496287.680"
"1","2017-14","3","72835288127","801379424496.00","0.027126","0.020790","0.021471","1174","24990846995.200","30096390525.190"
"8","2017-14","3","75756642","523506085.92","0.017044","0.015381","0.014683","43","91645777.270","105956214.830"
"16","2017-14","3","10296048151","230133603562.49","0.027518","0.025294","0.023251","576","2931722840.560","5116711285.210"
"4","2017-14","3","49397758748","662852588827.15","0.026133","0.023765","0.022755","1205","12157095619.410","17251787131.820"
"2","2017-15","5","166260991","162544891.00","-0.017590","-0.013538","-0.014844","50","14866880.050","18221727.010"
"1","2017-15","5","120355047664","1363816289490.00","-0.021847","-0.009651","-0.012055","1182","24731040542.090","29717870814.420"
"8","2017-15","5","180519311","1203026921.08","-0.003830","-0.003432","-0.003951","43","91331167.960","105537560.200"
"16","2017-15","5","18624883567","379056913198.76","-0.039518","-0.036789","-0.040251","579","2827417635.470","4915235458.970"
"4","2017-15","5","99864627291","1248099507955.77","-0.020523","-0.012173","-0.015895","1220","12158962537.230","17117386977.660"
"2","2017-16","5","138618707","134852376.00","-0.013755","-0.009619","-0.011693","50","14723872.100","18008644.210"
"1","2017-16","5","96888615403","1068190203794.00","-0.045699","-0.020874","-0.023066","1187","24082982617.600","28950036790.980"
"8","2017-16","5","125709410","844076130.33","-0.015386","-0.011224","-0.011245","44","91098836.510","105879235.580"
"16","2017-16","5","16072853492","304354418879.34","-0.055147","-0.045442","-0.046522","582","2682878168.700","4655977177.100"
"4","2017-16","5","73316896686","934844711957.90","-0.049909","-0.029473","-0.031864","1230","11886323122.110","16701197157.990"
"2","2017-17","5","133211958","135603668.00","-0.001284","-0.006143","-0.004405","50","14633408.840","17929303.560"
"1","2017-17","5","88292470175","987098200245.00","-0.008243","-0.006143","-0.005443","1189","24025499277.590","28887344104.690"
"8","2017-17","5","177068759","1131156561.32","-0.028549","-0.020877","-0.024512","44","89196901.590","103283824.410"
"16","2017-17","5","16467629318","309893437883.16","0.017188","0.007730","0.013488","581","2677715221.380","4682082190.090"
"4","2017-17","5","68216984051","868078134156.19","-0.012352","-0.013983","-0.012649","1223","11560727390.690","16312499823.630"
"2","2017-18","4","108907780","105454396.00","-0.010855","-0.017692","-0.021943","50","14374504.280","17535864.780"
"1","2017-18","4","67107893428","766344369419.00","-0.020303","-0.016989","-0.016631","1187","23591795383.730","28330407997.080"
"8","2017-18","4","119048133","669284338.18","-0.015852","-0.014786","-0.014839","43","87403099.410","100730263.200"
"16","2017-18","4","13634798515","254733670056.72","-0.011078","-0.015866","-0.015589","580","2628108854.670","4583328731.970"
"4","2017-18","4","53077075308","700293429828.86","-0.015324","-0.020075","-0.019679","1207","11203345442.870","15858458981.700"
"2","2017-19","5","135047700","123986922.00","-0.026180","-0.020328","-0.019993","51","14272123.410","17375177.720"
"1","2017-19","5","82606355428","904448987102.00","-0.035631","-0.003322","-0.005929","1205","23698359946.500","28430091431.240"
"8","2017-19","5","155348218","967763463.64","-0.020667","-0.015127","-0.016529","43","85963370.550","98947699.880"
"16","2017-19","5","16797669586","301319205928.93","-0.024219","-0.029964","-0.029538","583","2573085923.490","4461260900.630"
"4","2017-19","5","60437730268","763159743473.88","-0.042485","-0.031023","-0.030491","1212","10889412236.290","15382368322.080"
"2","2017-20","5","91170259","88583264.00","0.010294","0.011758","0.014280","51","14439942.320","17623300.390"
"1","2017-20","5","75545401373","863825282813.00","0.019925","0.002969","0.003285","1211","23856513145.840","28663527842.430"
"8","2017-20","5","121652556","761551402.20","0.007116","0.009244","0.007428","43","86758087.920","99682705.590"
"16","2017-20","5","19022987044","351499942782.46","0.032628","0.026783","0.024595","578","2632779181.800","4535125654.350"
"4","2017-20","5","62521696003","820975314602.50","0.022491","0.020550","0.019163","1205","11060131077.400","15624685931.330"
"2","2017-21","5","110082313","102406406.00","-0.024757","-0.014655","-0.012687","51","14223665.000","17395041.180"
"1","2017-21","5","81802218392","890616934896.00","-0.035535","0.014477","0.007102","1216","24178336811.660","28841442166.140"
"8","2017-21","5","100000451","638458085.77","-0.024469","-0.008846","-0.010229","43","85812922.820","98485288.380"
"16","2017-21","5","17841603272","301705317164.08","-0.051813","-0.038573","-0.043851","580","2529220324.760","4335219748.600"
"4","2017-21","5","62247757547","764775447223.66","-0.037059","-0.017172","-0.019880","1210","10925566541.010","15351722870.750"
"2","2017-22","3","78590019","78418846.00","-0.013905","-0.009292","-0.013714","51","14070829.890","17135804.830"
"1","2017-22","3","45768517378","512611560920.00","-0.016960","-0.000228","-0.001282","1215","24023943761.630","28626999089.320"
"8","2017-22","3","58916250","373982656.77","-0.007975","-0.006544","-0.006836","42","84676765.080","97237636.750"
"16","2017-22","3","10216456417","168516146422.80","-0.027809","-0.021536","-0.021658","578","2455925884.940","4216820070.490"
"4","2017-22","3","35771431662","430379581953.76","-0.017060","-0.008968","-0.010532","1199","10762721943.680","15097239088.580"
"2","2017-23","5","99290047","100379995.00","0.040621","0.045172","0.043119","51","14407047.780","17575300.650"
"1","2017-23","5","73066036976","825318268467.00","0.039436","0.017264","0.018977","1215","24105622524.310","28816062340.920"
"8","2017-23","5","102379565","691526122.84","0.034659","0.028973","0.028259","42","86304605.990","99160023.650"
"16","2017-23","5","17938329932","293512517202.10","0.049602","0.038235","0.041303","584","2590068366.640","4439538403.630"
"4","2017-23","5","62272988265","787430229748.56","0.043310","0.043261","0.042892","1202","11230440460.460","15721530838.530"
"2","2017-24","5","99930986","104392408.00","0.005659","0.035661","0.046700","50","13991033.650","17108446.940"
"1","2017-24","5","68900244017","798952817954.00","0.008085","-0.010121","-0.008590","1223","23770817360.510","28491323462.480"
"8","2017-24","5","130951262","859651857.98","0.010726","0.007506","0.006285","42","86796468.660","99627292.700"
"16","2017-24","5","18147124993","300561159192.56","0.016995","0.011195","0.012693","587","2630462454.490","4508828588.350"
"4","2017-24","5","62703652860","802202469433.50","0.012134","0.003768","0.003271","1212","11349309787.320","15849733835.810"
"2","2017-25","5","109127921","116592428.00","-0.001862","0.001313","-0.001827","51","14322694.450","17389481.970"
"1","2017-25","5","75786820359","876502221885.00","-0.005130","0.015353","0.012548","1230","24176931515.550","28882314749.610"
"8","2017-25","5","128382646","863438839.66","0.010277","0.012318","0.012209","42","87552413.950","100530416.230"
"16","2017-25","5","18428186515","294866763633.30","-0.018198","-0.009198","-0.012938","596","2638902690.210","4504656415.550"
"4","2017-25","5","66479790543","852398956333.99","-0.008218","0.012645","0.007955","1213","11507425851.670","16000594811.730"
"2","2017-26","5","103881599","116868938.00","0.014011","0.018535","0.019848","49","14147992.190","17293989.010"
"1","2017-26","5","71747832622","819672113583.00","0.018950","0.012588","0.012470","1224","24338225612.720","29159987847.350"
"8","2017-26","5","131247110","913679844.70","0.019957","0.017890","0.017239","42","88973740.150","102118427.410"
"16","2017-26","5","14918815730","238987144439.58","0.010303","0.008424","0.008601","598","2680248079.560","4551404922.270"
"4","2017-26","5","63556900078","823160952529.63","0.017020","0.017515","0.017578","1216","11721446536.630","16281638419.790"
"2","2017-27","5","126239709","128017022.00","0.023631","0.028004","0.033037","51","14663065.070","17986027.730"
"1","2017-27","5","78097947283","894865050535.00","0.024609","0.008532","0.010138","1226","24632933407.250","29493935983.250"
"8","2017-27","5","108060909","727320606.37","0.006433","0.004882","0.002720","42","89304696.520","102292856.040"
"16","2017-27","5","17395098355","301197460803.62","0.035334","0.019281","0.024841","600","2756477717.210","4667844092.580"
"4","2017-27","5","70823248372","908974038462.44","0.022613","0.007252","0.008274","1218","11825054023.140","16443466970.330"
"2","2017-28","5","136137204","142151868.00","0.000197","0.003670","0.002929","51","14619546.720","17941386.370"
"1","2017-28","5","92773516350","1014288924552.00","-0.017990","0.015481","0.009777","1226","24831814726.780","29562133977.660"
"8","2017-28","5","144664744","945971476.98","0.006143","0.009073","0.008205","42","89946191.660","102960906.730"
"16","2017-28","5","16729985870","286830502947.56","-0.054547","-0.049037","-0.053790","606","2638132546.130","4462098512.360"
"4","2017-28","5","75379181189","927322248610.13","-0.023224","-0.008581","-0.011421","1223","11757158387.960","16260807660.980"
"2","2017-29","5","188017366","180450943.00","-0.003191","0.015392","0.018526","51","14611760.730","18013511.190"
"1","2017-29","5","116548053007","1207435974826.00","-0.016489","0.011788","0.006647","1233","25117083270.150","29755149624.250"
"8","2017-29","5","165464098","1153348835.76","-0.001325","0.004785","-0.001577","42","90300358.120","102722236.380"
"16","2017-29","5","16735462412","257012130689.60","-0.070656","-0.049774","-0.052055","604","2473907783.680","4179994773.000"
"4","2017-29","5","84884675939","987230936792.57","-0.026884","-0.007069","-0.011467","1222","11676487226.910","16039358753.930"
"2","2017-30","5","166207368","158560749.00","0.026724","0.017274","0.018997","51","14820428.120","18311984.930"
"1","2017-30","5","106122302754","1132428940017.00","0.014611","0.005415","0.005769","1236","25334834943.190","30048349553.160"
"8","2017-30","5","129421784","840975983.00","0.007283","0.004287","0.003988","42","90477654.490","102922106.390"
"16","2017-30","5","19420647505","294302800245.08","0.039286","0.035134","0.035475","605","2560556115.840","4325973028.640"
"4","2017-30","5","83223086158","970835176902.84","0.017980","0.007433","0.008189","1218","11786222159.270","16159528983.800"
"2","2017-31","5","181170881","171832309.00","0.003045","0.001197","-0.002885","50","14594156.610","18015976.270"
"1","2017-31","5","125733629680","1317324822083.00","0.002666","0.004058","0.003449","1242","25501777328.510","30190183596.720"
"8","2017-31","5","150841841","971732325.03","0.004276","-0.003212","0.001423","42","90097952.970","102979514.540"
"16","2017-31","5","20521605551","313815346461.43","-0.006405","-0.008517","-0.007467","618","2584652504.810","4368468954.540"
"4","2017-31","5","97419761876","1122956770624.85","-0.000580","-0.004058","-0.005052","1223","11793709754.780","16160327616.640"
"2","2017-32","5","160896270","155467692.00","-0.007562","-0.007432","-0.007979","50","14485683.830","17872216.570"
"1","2017-32","5","122085347803","1243268298077.00","-0.013612","-0.016959","-0.016908","1246","25065578384.920","29657227405.570"
"8","2017-32","5","189949179","1111056653.26","-0.012971","-0.011630","-0.011579","42","89008076.070","101667115.350"
"16","2017-32","5","20258223376","312425625600.84","0.000237","0.005742","0.005017","624","2615487328.270","4398523623.080"
"4","2017-32","5","87385832534","986204928322.42","-0.012952","-0.013868","-0.012722","1226","11595260461.730","15938119941.190"
"2","2017-33","5","162638379","154120299.00","0.020890","0.018366","0.017592","51","14964813.220","18399542.480"
"1","2017-33","5","94261549450","1060312067526.00","0.033092","0.018433","0.019866","1252","25591791864.820","30269887175.330"
"8","2017-33","5","103415911","678928791.14","0.009649","0.009069","0.009635","43","90421787.160","103253465.240"
"16","2017-33","5","25934002773","411584525912.72","0.056002","0.047344","0.049913","624","2743161036.040","4615024933.800"
"4","2017-33","5","77138770397","950185654331.38","0.035091","0.029308","0.031325","1233","11971665964.920","16484043737.880"
"2","2017-34","5","146529398","147531703.00","-0.001214","0.004763","0.008609","51","15036092.220","18557957.220"
"1","2017-34","5","92033580781","1049377906161.00","0.009624","0.021719","0.020843","1261","26342752938.410","31111080865.630"
"8","2017-34","5","91632901","601937296.07","-0.023603","-0.014453","-0.026733","47","92306030.940","107974529.470"
"16","2017-34","5","19862375797","334400990354.58","0.015897","0.000372","0.006422","628","2762084131.360","4673129093.900"
"4","2017-34","5","68666103445","859813251858.43","0.004933","0.005031","0.004278","1239","12042443530.980","16555087605.880"
"2","2017-35","5","233524617","253580859.00","0.013809","0.017434","0.024755","51","15298233.220","19017370.480"
"1","2017-35","5","123841140540","1435043659094.00","0.033312","0.006557","0.011787","1269","26969633070.390","31939919744.760"
"8","2017-35","5","158977192","1002470124.39","-0.002992","-0.002812","-0.003877","46","91781565.160","107291259.510"
"16","2017-35","5","23438439994","426964957894.03","0.047470","0.033438","0.039856","632","2891638079.090","4898450512.390"
"4","2017-35","5","84219079468","1089683515767.62","0.025016","0.021597","0.022850","1236","12319318601.600","16953283219.400"
"2","2017-36","5","298250837","328803159.00","0.025145","0.030277","0.044801","51","15761427.780","19869374.860"
"1","2017-36","5","112961294072","1301009836146.00","0.002509","0.000019","-0.000245","1276","27024548928.160","31995600962.680"
"8","2017-36","5","166370636","1018666830.45","0.023235","0.010409","0.016295","46","92736977.650","109039615.360"
"16","2017-36","5","29649070250","538298415622.17","0.025125","0.018266","0.022471","637","2968964700.890","5045073301.200"
"4","2017-36","5","88969348577","1149835582626.19","0.011887","0.008116","0.007792","1241","12537470357.650","17204482767.540"
"2","2017-37","5","327693923","370693791.00","0.008718","-0.000866","-0.005463","51","15747766.850","19760807.640"
"1","2017-37","5","112426741800","1319891584608.00","0.007285","-0.003928","-0.002803","1280","26966085902.440","31952977948.270"
"8","2017-37","5","180820136","1285484180.23","0.012606","0.016981","0.015241","46","94311762.700","110701569.920"
"16","2017-37","5","25179003771","447319513225.22","0.001300","-0.001147","-0.000518","636","2971209533.720","4977510523.050"
"4","2017-37","5","95498334051","1267728881223.84","0.007987","0.010650","0.009332","1235","12620168261.940","17290965387.860"
"2","2017-38","5","202884587","236618993.00","0.001232","0.007359","0.013264","51","15863662.080","20022934.890"
"1","2017-38","5","94829988402","1111487995739.00","-0.000631","0.000909","0.000370","1286","26907304227.920","31927475550.590"
"8","2017-38","5","136552978","1000198916.37","-0.001571","0.003134","-0.000318","46","94607405.080","110666320.950"
"16","2017-38","5","22252941654","414661251512.08","0.017419","0.001792","0.006367","644","3003928136.850","5114187269.260"
"4","2017-38","5","83168546338","1093140544849.79","-0.002077","-0.001293","-0.001096","1253","12816829607.190","17538931183.540"
"2","2017-39","5","203817150","221166741.00","0.010052","0.010666","0.012776","51","16032870.960","20278763.220"
"1","2017-39","5","73760540453","886814486360.00","-0.002607","0.000512","-0.000503","1295","26954435295.150","31901784441.220"
"8","2017-39","5","176427268","1103686590.98","0.004432","0.009294","0.007061","46","95486722.070","111447792.810"
"16","2017-39","5","19379818143","381750791592.18","0.002205","0.000166","0.001842","649","3013731122.070","5148262257.420"
"4","2017-39","5","69027125313","893036143557.71","-0.002017","0.000296","0.000177","1258","12878449381.280","17605726688.970"
"2","2017-41","5","245219749","246988510.00","0.001320","-0.004247","-0.009986","51","15964770.070","20076244.800"
"1","2017-41","5","85194854835","1070890799071.00","0.024937","0.012037","0.013463","1295","27243748315.070","32284791324.980"
"8","2017-41","5","221905218","1506367996.29","0.011314","0.014347","0.009263","46","96856741.470","112480175.010"
"16","2017-41","5","24826401393","466649050009.90","0.031472","0.027626","0.027744","651","3129203011.050","5320652938.670"
"4","2017-41","5","80430529568","1048860162447.68","0.024069","0.025458","0.025482","1257","13232077334.750","18040022969.870"
"2","2017-42","5","221385060","231496656.00","-0.013472","-0.020021","-0.025464","51","15645130.680","19565003.350"
"1","2017-42","5","74037663160","920321894914.00","-0.022424","-0.000387","-0.003167","1299","27302272007.800","32249244470.580"
"8","2017-42","5","201560760","1388105923.59","-0.014514","-0.005858","-0.009277","46","96289302.990","111436651.990"
"16","2017-42","5","19655551243","362881493339.06","-0.037872","-0.032572","-0.031269","647","3016245417.020","5129913156.970"
"4","2017-42","5","70096104899","888000105286.41","-0.026965","-0.016688","-0.015101","1256","13014147901.450","17773857823.740"
"2","2017-43","5","165157546","189764864.00","0.001632","0.001388","0.002563","50","15536009.670","19484164.130"
"1","2017-43","5","74624924426","952702138204.00","0.010440","0.011520","0.011935","1302","27635053800.290","32698972604.620"
"8","2017-43","5","200675848","1464797629.95","-0.000342","0.011299","0.008207","46","97377352.260","112351309.390"
"16","2017-43","5","17034037024","330914467111.31","0.011149","0.007377","0.009427","651","3042819953.390","5190761804.750"
"4","2017-43","5","65932304302","869866723964.44","0.007577","0.016403","0.013935","1265","13309554375.970","18139056118.770"
"2","2017-44","5","197196610","209837035.00","-0.027699","-0.023953","-0.026740","50","15163867.680","18963144.780"
"1","2017-44","5","88002071064","1105742682702.00","-0.030344","-0.011747","-0.013097","1310","27319138995.120","32377349710.860"
"8","2017-44","5","231916679","1601781221.84","-0.010357","-0.007029","0.002084","46","96692846.570","112585469.850"
"16","2017-44","5","18010993722","361452881051.98","-0.031914","-0.035023","-0.026030","659","2957293926.500","5108903884.510"
"4","2017-44","5","72084571868","941917389942.57","-0.035943","-0.024155","-0.024096","1276","13012335260.070","17766088816.850"
"2","2017-45","5","181675172","188402332.00","0.017814","0.022985","0.026730","50","15512422.380","19470036.050"
"1","2017-45","5","87675486049","1148893739373.00","0.028107","0.016706","0.019306","1316","27929723087.920","33136927986.270"
"8","2017-45","5","222814991","1467952690.27","0.021558","0.026377","0.024065","45","98087454.970","114141647.340"
"16","2017-45","5","19128482152","395157906088.50","0.039487","0.035580","0.039243","667","3078589225.010","5331388250.690"
"4","2017-45","5","77916362850","1052597790329.21","0.027824","0.034368","0.032492","1276","13465008854.040","18353775213.940"
"2","2017-46","5","209835130","224846412.00","-0.034291","-0.030692","-0.032249","50","15036305.300","18842131.450"
"1","2017-46","5","97469793811","1307030234156.00","-0.052978","-0.007187","-0.014302","1319","27756586029.070","32680046615.630"
"8","2017-46","5","230517928","1615034632.33","-0.035500","-0.044636","-0.039747","45","93709195.400","109604780.050"
"16","2017-46","5","20775838725","415742885023.80","-0.070974","-0.057085","-0.057865","668","2885473523.150","5003637556.180"
"4","2017-46","5","81697587729","1135874644506.70","-0.053032","-0.034972","-0.038968","1278","13014308141.650","17645120507.270"
"2","2017-47","5","158729584","162463621.00","-0.006706","-0.000965","0.005914","50","15021788.130","18953580.980"
"1","2017-47","5","96021133793","1244302868773.00","-0.020467","-0.005380","-0.008459","1321","27617270533.260","32510243896.690"
"8","2017-47","5","201267430","1332922713.62","-0.019837","-0.021609","-0.020667","44","89390067.360","105043246.650"
"16","2017-47","5","17552734007","333222405606.24","-0.021930","-0.026622","-0.031649","667","2835774881.480","4884424770.590"
"4","2017-47","5","76030341314","1032824382630.24","-0.018933","-0.010675","-0.012391","1276","12882923671.090","17456320610.260"
"2","2017-48","5","111889349","125951932.00","-0.001966","0.002372","0.000339","49","14857734.880","18760731.650"
"1","2017-48","5","78316815807","959373923374.00","0.006869","-0.012556","-0.011400","1320","27230896428.440","32054405429.330"
"8","2017-48","5","261315330","1774075411.47","-0.024798","-0.022100","-0.024414","44","86851766.810","101915881.480"
"16","2017-48","5","15189493396","276568595713.01","0.010540","0.010354","0.009866","668","2850462276.060","4911390924.990"
"4","2017-48","5","62853039264","812416210015.38","0.008522","-0.008741","-0.006302","1274","12772464334.130","17372329438.700"
"2","2017-49","5","120439197","124405699.00","-0.024404","-0.021528","-0.023574","49","14537874.400","18318449.530"
"1","2017-49","5","77204742455","934393666166.00","-0.024913","-0.005709","-0.008429","1325","27173876019.600","31885799937.810"
"8","2017-49","5","128280712","802025250.56","-0.013909","-0.001597","-0.002614","44","86713047.840","101649415.660"
"16","2017-49","5","16170460261","288440225766.12","-0.024421","-0.014357","-0.015611","667","2794370688.240","4812647513.650"
"4","2017-49","5","61241813031","781836975280.43","-0.020674","-0.011503","-0.013417","1274","12656404139.150","17128134999.650"
"2","2017-50","5","86745675","98278725.00","0.002506","0.003954","0.002888","49","14595359.180","18371365.720"
"1","2017-50","5","61918685497","791833581737.00","0.002422","-0.008329","-0.007558","1319","26803660127.290","31533133496.050"
"8","2017-50","5","96541991","735514484.02","-0.000510","0.008032","0.007677","44","87409601.430","102429830.580"
"16","2017-50","5","15859832803","284014569898.55","0.007930","0.003567","0.002764","668","2822813391.280","4848328800.680"
"4","2017-50","5","58695638135","774324462403.05","0.006725","0.007420","0.006301","1270","12712842798.850","17189149486.130"
"2","2017-51","5","72558261","74989793.00","0.003960","0.003226","0.005798","49","14642447.620","18477885.370"
"1","2017-51","5","63903531137","793830414157.00","-0.005964","0.012247","0.010840","1325","27187674688.340","31962337558.360"
"8","2017-51","5","73180141","516944276.92","0.003829","0.006005","0.006584","44","87934536.420","103104280.690"
"16","2017-51","5","14633145096","262075909721.89","-0.017546","-0.010667","-0.011881","668","2803779335.790","4800851371.860"
"4","2017-51","5","53933249245","703396739809.24","-0.011177","0.006270","0.003911","1274","12773414526.530","17251511869.560"
"2","2017-52","5","86637034","93156611.00","0.006409","0.012413","0.017386","49","14824204.920","18799160.020"
"1","2017-52","5","76809516165","928000977490.00","0.008704","0.002917","0.003620","1334","27342474609.340","32215574118.230"
"8","2017-52","5","61721885","417233882.85","0.010230","0.009874","0.011192","44","88802799.640","104258288.380"
"16","2017-52","5","14824621712","264011836815.90","0.003361","-0.007248","-0.005231","670","2798326747.640","4790256835.150"
"4","2017-52","5","59337416651","752921813406.07","0.003017","-0.001513","-0.000417","1276","12902325473.310","17401175313.320"
"2","2018-01","4","103308830","113871408.00","0.014866","0.014518","0.013286","48","14862934.920","19053360.410"
"8","2018-01","4","97159346","775394524.61","0.020726","0.025837","0.024879","44","91095322.380","133248256.390"
"1","2018-01","4","83509788995","976689535030.00","0.023461","0.027251","0.026345","1331","28113203103.270","33090877245.600"
"16","2018-01","4","12840678844","222512627594.04","0.013746","0.020204","0.018181","667","2864587863.950","4846996880.650"
"4","2018-01","4","60109076772","772070272272.85","0.023352","0.028413","0.025601","1273","13255211576.570","17831631384.200"
"2","2018-02","5","129922360","147365352.00","-0.010878","-0.003478","-0.002658","48","14811240.860","19002699.010"
"8","2018-02","5","125914292","941850802.17","-0.002407","0.009402","0.022061","44","91951837.630","136187871.360"
"1","2018-02","5","98332496762","1212397603120.00","-0.002077","0.013504","0.011430","1339","28626405182.530","33633821766.930"
"16","2018-02","5","17064718193","298659756856.51","-0.004894","-0.008677","-0.006905","669","2847854908.730","4822699680.970"
"4","2018-02","5","78804166557","983107953267.87","-0.001977","0.010358","0.007418","1276","13395108522.100","17939860975.350"
"2","2018-03","5","125788535","146467676.00","-0.002874","0.003509","0.001543","46","14476740.340","18646304.310"
"8","2018-03","5","152788606","1111242830.52","-0.007041","0.007142","-0.000476","44","92608667.920","136123045.480"
"1","2018-03","5","117084818446","1430404895968.00","-0.010248","0.019743","0.017632","1341","29189486830.980","34266850769.730"
"16","2018-03","5","17365515465","301721931178.22","-0.017894","-0.026738","-0.025277","676","2814703514.400","4755023677.590"
"4","2018-03","5","79466943043","1023231833079.68","-0.020417","-0.012020","-0.011932","1285","13270462636.230","17784750182.520"
"2","2018-04","5","162185723","178909848.00","-0.012527","0.003982","0.004364","46","14534389.180","18727688.390"
"8","2018-04","5","144200279","1015227055.94","-0.000199","0.009793","0.010555","44","93515659.940","137559887.980"
"1","2018-04","5","117363779256","1396007823457.00","0.008897","0.023033","0.021446","1334","29787142737.780","34843318684.290"
"16","2018-04","5","23228942400","389520817025.28","0.017276","0.030041","0.024772","679","2961751177.050","4955608217.570"
"4","2018-04","5","72164136253","935275106414.60","0.008281","0.014546","0.014085","1278","13405866460.900","17943684069.940"
"2","2018-05","5","216588671","241354136.00","-0.052811","-0.026675","-0.019159","46","14146673.090","18368870.430"
"8","2018-05","5","148731378","1006771891.15","-0.032663","-0.029858","-0.035239","44","90723411.460","132712407.490"
"1","2018-05","5","109610971397","1280386613410.00","-0.076900","-0.022180","-0.027692","1336","29167548345.460","33903271421.950"
"16","2018-05","5","20962236435","327853637913.17","-0.104332","-0.088400","-0.092820","682","2708262412.880","4505115923.010"
"4","2018-05","5","75076986324","906520221634.53","-0.087922","-0.062985","-0.063258","1275","12586876264.280","16844749415.250"
"2","2018-06","5","240307254","257601064.00","-0.072614","-0.071689","-0.081653","47","13253805.270","16988981.310"
"8","2018-06","5","133713990","910152101.61","-0.060637","-0.068165","-0.072440","43","83774665.820","118199692.450"
"1","2018-06","5","121441754722","1359105588759.00","-0.083399","-0.100392","-0.098751","1319","26228297883.870","30477218639.910"
"16","2018-06","5","21411184758","291722869174.04","-0.072508","-0.070882","-0.072461","652","2386944009.110","3973630530.000"
"4","2018-06","5","66349971093","786584696739.11","-0.078694","-0.091188","-0.089755","1220","11102539871.940","14859260551.790"
"2","2018-07","3","78766230","79295346.00","0.024846","0.026642","0.027778","47","13606913.050","17460908.070"
"8","2018-07","3","45123322","298220084.34","0.032554","0.041108","0.049409","43","87218555.890","124039922.670"
"1","2018-07","3","40437359251","457099493186.00","0.030839","0.023050","0.022835","1306","26781509941.760","31159120718.480"
"16","2018-07","3","10160709459","139440153517.11","0.024498","0.029401","0.029048","654","2466495195.550","4104275426.540"
"4","2018-07","3","28518759966","336427262882.75","0.032733","0.042925","0.042247","1229","11644972230.730","15495558236.160"
"2","2018-08","2","50135763","55454417.00","0.014203","0.014444","0.015595","47","13803454.390","17733226.250"
"8","2018-08","2","38611694","245841400.12","0.004854","0.009951","0.011562","44","88915083.530","130816706.550"
"16","2018-08","2","6686202454","93101433684.95","0.022452","0.017405","0.019109","666","2562103410.990","4260268331.330"
"1","2018-08","2","28401945587","316454660962.00","0.026551","0.029535","0.029075","1303","27584599811.260","32024766862.010"
"4","2018-08","2","20945319230","247803817387.74","0.021653","0.024379","0.023812","1241","12000557754.150","15954316053.710"
"2","2018-09","5","155264038","166679998.00","0.011809","-0.000391","-0.006698","48","13997188.100","17812327.320"
"8","2018-09","5","78780716","489740634.30","0.009411","-0.000519","-0.000409","44","88868850.330","130763165.770"
"16","2018-09","5","26929941123","393407283675.66","0.065079","0.064547","0.066268","675","2761112192.470","4619119274.030"
"1","2018-09","5","82223824805","960783887471.00","0.027928","-0.013596","-0.008988","1320","27457551374.770","32374989906.210"
"4","2018-09","5","68738512703","846797457045.64","0.037928","0.014650","0.018985","1260","12244865277.620","16412471214.660"
"2","2018-10","5","117763108","125583281.00","0.012358","0.007560","0.009120","48","14103019.240","17974791.210"
"8","2018-10","5","105876563","692748069.48","0.015705","0.009931","0.008919","44","89751412.560","131929504.530"
"16","2018-10","5","24953076603","400662932156.58","0.068728","0.054363","0.060393","670","2897512370.890","4869232097.970"
"1","2018-10","5","82593345017","969468963324.00","0.034827","0.014800","0.017005","1318","27870482170.340","32897369397.600"
"4","2018-10","5","69439248487","856803723401.60","0.038671","0.029763","0.032060","1257","12625895191.810","16952183430.110"
"2","2018-11","5","168808917","171378016.00","0.008284","0.001988","0.000040","48","14131068.230","17975513.730"
"8","2018-11","5","102840722","662347788.18","-0.000402","0.003038","0.015247","44","90024159.930","133941089.180"
"16","2018-11","5","27866302327","457221002299.65","-0.018864","-0.015201","-0.017888","669","2881221559.610","4789667101.780"
"1","2018-11","5","82922703746","979917665900.00","-0.010549","-0.010360","-0.011652","1323","27654356183.000","32596093321.220"
"4","2018-11","5","76316988961","947899117359.35","-0.003485","-0.010124","-0.011518","1261","12529046273.980","16777747203.700"
"2","2018-12","5","168665893","174060866.00","-0.027763","-0.034451","-0.036830","48","13644230.180","17313472.530"
"8","2018-12","5","88420333","571075281.92","-0.039324","-0.041051","-0.046244","44","86328509.410","127747016.060"
"16","2018-12","5","27196921972","434896289410.79","-0.050937","-0.055416","-0.052909","676","2780995284.930","4609849862.460"
"1","2018-12","5","87051267060","1022144068312.00","-0.046168","-0.033414","-0.036729","1328","26835387922.900","31502506599.050"
"4","2018-12","5","73098956291","881152059954.44","-0.054948","-0.057326","-0.056678","1264","11897646752.200","15852390593.670"
"2","2018-13","5","111749843","119188931.00","0.025315","0.021122","0.019457","48","13932433.650","17650344.250"
"8","2018-13","5","81308403","542890465.74","0.027959","0.017322","0.019546","44","87026882.410","129447013.370"
"16","2018-13","5","30869042305","515686095707.95","0.118379","0.105896","0.108035","680","3095354404.410","5138607117.020"
"1","2018-13","5","86278170154","1057785986090.00","0.050300","-0.000337","0.005214","1330","26844776077.170","31663216971.130"
"4","2018-13","5","71565725368","912152925146.80","0.055883","0.034408","0.037760","1260","12279538909.420","16409049626.960"
"2","2018-14","3","62512692","63038611.00","-0.003701","-0.004814","-0.006688","48","13865358.690","17532287.910"
"8","2018-14","3","54665817","344350167.41","0.002439","-0.006081","-0.008163","45","86761472.380","128653597.260"
"16","2018-14","3","19580834171","338071583113.68","-0.005688","-0.022625","-0.017386","679","3031152882.910","5059140848.410"
"1","2018-14","3","47629600644","609042712668.00","-0.006479","-0.012846","-0.012109","1327","26526121159.780","31274680952.860"
"4","2018-14","3","44375572768","581665776410.28","-0.008162","-0.010832","-0.011091","1261","12193399144.890","16261797760.710"
"2","2018-15","5","98166755","104201995.00","-0.005425","0.003527","0.005546","48","13914275.130","17629533.980"
"8","2018-15","5","94368757","612865187.29","-0.012309","-0.006624","-0.008522","46","87305436.510","128673794.540"
"16","2018-15","5","26969584239","474778616608.11","0.007422","0.000253","0.001007","682","3049498106.530","5083960374.010"
"1","2018-15","5","75847913103","942780860946.00","0.009232","0.008328","0.009326","1330","26769158218.340","31543357402.820"
"4","2018-15","5","63942531446","810070559790.38","0.001954","0.000539","0.002267","1262","12234566042.800","16350414307.400"
"2","2018-16","5","123920218","123465454.00","-0.020863","-0.024969","-0.029020","48","13566841.310","17117913.550"
"8","2018-16","5","101822324","590921769.04","-0.044901","-0.046920","-0.042189","46","83208998.760","123245085.300"
"16","2018-16","5","29570427529","499365783225.22","-0.041982","-0.028102","-0.031127","683","2972067622.050","4939719284.600"
"1","2018-16","5","77489373747","960461829294.00","-0.041473","-0.026721","-0.028255","1330","26128456927.130","30767658030.590"
"4","2018-16","5","71035258011","880910037212.72","-0.038348","-0.030730","-0.033184","1263","11870578333.930","15807640182.460"
"2","2018-17","5","92387474","90593687.00","-0.002935","0.000871","0.002322","49","13752777.700","18214754.210"
"8","2018-17","5","92240385","535133620.49","-0.017292","-0.010936","-0.005531","46","82298971.670","122563371.110"
"16","2018-17","5","26405233710","450668715441.64","0.014920","0.013041","0.013092","684","3024391521.030","5005395565.500"
"1","2018-17","5","68554670323","857432170377.00","0.000503","0.005004","0.004321","1332","26287680276.060","30889912986.780"
"4","2018-17","5","64003237064","793618467785.02","-0.002035","-0.007553","-0.005826","1267","11739461623.090","15675834738.190"
"2","2018-18","3","49131563","47701496.00","-0.007030","-0.007701","-0.012237","47","13502323.750","17745751.110"
"8","2018-18","3","43760171","314321963.79","-0.007728","-0.005308","-0.003335","46","81862126.900","122154552.960"
"16","2018-18","3","14388532335","238281050317.41","0.001676","0.002121","0.001991","689","3051432889.190","5041498182.660"
"1","2018-18","3","39239013478","489825081414.00","0.005918","0.002795","0.003261","1329","26378562853.920","30744885590.720"
"4","2018-18","3","34456991415","424355564566.76","0.004514","0.010199","0.009797","1268","11892223408.210","15854517448.500"
"2","2018-19","5","92903713","96322953.00","0.011790","0.018916","0.021790","47","13718847.740","18093554.410"
"8","2018-19","5","94515176","703987813.33","0.021245","0.029418","0.027883","46","84176755.600","125466985.670"
"16","2018-19","5","25873094502","430317800634.47","0.024871","0.015889","0.017109","693","3111480322.100","5140972919.920"
"1","2018-19","5","67124398329","852904744814.00","0.022655","0.025315","0.024746","1335","26947128322.930","31476108841.130"
"4","2018-19","5","62786737961","790764930943.47","0.023884","0.023201","0.023059","1271","12242194677.760","16300140011.980"
"2","2018-20","5","108486969","116691699.00","-0.006537","-0.004843","0.000221","47","13652407.490","18097573.640"
"8","2018-20","5","77640162","564735280.50","0.001822","0.003846","-0.005530","45","81961450.370","119555954.810"
"16","2018-20","5","22104216479","367162255991.11","0.002041","-0.001708","-0.000594","697","3145549921.660","5199299198.870"
"1","2018-20","5","63382898795","827888088211.00","0.009367","0.009887","0.011082","1341","27258692184.530","32083315772.410"
"4","2018-20","5","57645716343","724257531999.82","0.002073","0.003213","0.003133","1280","12359100554.450","16464994551.900"
"2","2018-21","5","114318178","119432191.00","-0.006334","-0.008665","-0.006658","47","13509319.480","17952290.210"
"8","2018-21","5","102340974","706673346.08","-0.002851","-0.007130","-0.015779","45","81377028.580","117669384.150"
"16","2018-21","5","25651428690","432677144860.25","0.007703","-0.007649","0.001059","698","3124691185.960","5197126571.270"
"1","2018-21","5","71811320647","914193933240.00","0.002496","-0.019167","-0.014352","1343","26711030790.600","31591995901.260"
"4","2018-21","5","63071866376","792874219483.35","-0.004271","-0.016853","-0.013814","1285","12174285022.610","16245639043.200"
"2","2018-22","5","228721485","269952256.00","-0.051496","-0.039549","-0.046005","47","12975030.770","17126376.570"
"8","2018-22","5","199229219","1658869991.82","-0.016294","-0.002955","-0.005670","45","80931792.430","116331939.740"
"16","2018-22","5","23771610086","374917646292.93","-0.066658","-0.059018","-0.060799","699","2950500392.300","4879637725.520"
"1","2018-22","5","68764935973","888036376281.00","-0.041911","-0.018654","-0.021207","1344","26258745076.360","30907886214.780"
"4","2018-22","5","63340526943","762124209864.48","-0.047419","-0.026641","-0.029365","1290","11877089636.590","15784109112.620"
"2","2018-23","5","81580239","94142531.00","0.002215","0.014344","0.021505","46","13074569.180","17407544.540"
"8","2018-23","5","88026132","652218515.90","0.007311","0.022855","0.034549","45","82278064.310","119847644.390"
"16","2018-23","5","20510554609","324390277118.36","0.007858","0.001812","0.007638","695","2926465359.600","4871328720.270"
"1","2018-23","5","61518301645","810107717923.00","-0.005264","0.000216","0.000429","1351","26340703324.890","31358784934.360"
"4","2018-23","5","53733167040","654981337757.75","-0.004014","0.001480","0.001646","1282","11745228858.080","15587848218.700"
"2","2018-24","5","109193964","116097258.00","-0.018776","0.004006","-0.000632","46","12837670.620","17107252.760"
"8","2018-24","5","100007824","735142706.07","-0.001313","-0.008077","-0.011661","45","81575836.410","118406400.620"
"16","2018-24","5","18995381437","297439621471.90","-0.057382","-0.050842","-0.053557","698","2809712867.760","4735168892.850"
"1","2018-24","5","60035688634","762483465321.00","-0.042320","-0.008531","-0.011641","1351","26099897101.330","30910691837.920"
"4","2018-24","5","51637688236","627186817417.91","-0.045751","-0.028727","-0.031519","1277","11474648977.520","15154568364.040"
"2","2018-25","4","118299023","114225872.00","-0.057483","-0.033052","-0.038059","45","12071595.540","16115208.950"
"8","2018-25","4","103539727","658521853.97","-0.051615","-0.046122","-0.048308","45","77813359.130","112686410.090"
"16","2018-25","4","18845796187","262514064401.38","-0.076390","-0.062867","-0.058033","690","2602316991.140","4398327471.690"
"1","2018-25","4","65418995806","680678014053.00","-0.072903","-0.039305","-0.044685","1347","25059791757.070","29511579731.440"
"4","2018-25","4","52054147135","533087196708.17","-0.077724","-0.058757","-0.059116","1257","10705692177.240","14090654956.320"
"2","2018-26","5","88050295","88241651.00","0.033960","0.019655","0.022940","45","12308865.180","16484896.100"
"8","2018-26","5","82359795","523548533.97","-0.001360","-0.007226","-0.010333","45","76940231.530","111211147.210"
"16","2018-26","5","22830025555","328439762981.61","0.050041","0.040797","0.043763","697","2735369732.750","4632236863.110"
"1","2018-26","5","62040607629","677979180820.00","0.015727","-0.017377","-0.013285","1356","24697293068.350","29134533264.580"
"4","2018-26","5","57858671311","601755690934.69","0.017463","-0.006565","-0.004075","1274","10764342773.540","14150542394.830"
"2","2018-27","5","81265409","83979540.00","-0.013142","-0.014428","-0.015153","46","12037302.280","16141065.710"
"16","2018-27","5","25561061501","372924825576.49","-0.035300","-0.038809","-0.036365","703","2680874314.660","4514046410.260"
"1","2018-27","5","66750351763","720878002796.00","-0.041103","-0.033329","-0.035081","1364","23972331651.910","28221701361.780"
"8","2018-27","5","82308572","559010155.17","-0.015740","-0.017629","-0.020077","45","75170491.510","108564076.510"
"4","2018-27","5","64009385646","658324533309.37","-0.042560","-0.051619","-0.051354","1286","10297541026.140","13498097411.870"
"2","2018-28","5","88243585","90506062.00","0.021511","0.031328","0.027592","46","12298631.130","16470658.340"
"16","2018-28","5","27119646389","401329251034.40","0.043817","0.050455","0.057869","705","2854599120.950","4847607073.610"
"8","2018-28","5","92820297","587673845.14","0.013781","0.020071","0.014649","46","78673879.390","112069305.410"
"1","2018-28","5","62922031824","722625398256.00","0.037145","0.036976","0.037968","1370","24676521413.190","29139030256.040"
"4","2018-28","5","63156775552","649953482810.57","0.033951","0.044988","0.044381","1294","10825011059.700","14165607977.360"
"2","2018-29","5","73528818","77356195.00","0.014103","0.085693","0.110764","47","12281442.890","16337027.180"
"16","2018-29","5","25785427510","361524008014.04","-0.009089","-0.006925","-0.008668","711","2870467718.370","4831041694.070"
"8","2018-29","5","68458338","449472788.24","-0.010166","-0.019250","-0.022632","46","76932554.960","109306051.560"
"1","2018-29","5","59379642996","676523056227.00","0.001204","0.003717","0.001955","1374","24817343175.550","29249887148.160"
"4","2018-29","5","57578471894","591887639081.22","-0.000329","-0.006335","-0.006736","1303","10828374445.900","14186902796.840"
"2","2018-30","5","115945040","94472398.00","0.029239","0.026644","0.022712","47","12538725.350","16638127.050"
"16","2018-30","5","28888200070","377645394828.42","-0.001187","-0.006459","-0.019025","713","2859173562.660","4747009406.160"
"8","2018-30","5","99794094","526337463.56","0.021797","0.017473","0.014084","46","78159932.860","110728640.450"
"1","2018-30","5","88440167311","871387546797.00","0.027031","0.018293","0.016946","1375","25293507815.500","29736663497.380"
"4","2018-30","5","78582222551","741964894986.15","0.026613","0.013544","0.011610","1302","10980951000.230","14351715574.850"
"2","2018-31","5","132949943","116739569.00","-0.033320","-0.029158","-0.035072","47","12173117.010","16054580.680"
"16","2018-31","5","21692192588","267070140598.41","-0.085337","-0.078350","-0.080720","715","2659940219.040","4392416853.080"
"8","2018-31","5","78341710","464757373.97","-0.037860","-0.046946","-0.060937","46","74474133.510","103964821.030"
"1","2018-31","5","71995358146","715321077254.00","-0.060340","-0.043837","-0.047279","1379","24205527209.620","28361004105.710"
"4","2018-31","5","64586192396","608794017954.27","-0.066449","-0.072936","-0.072451","1310","10226813301.690","13406223939.670"
"2","2018-32","5","121266452","115238874.00","0.012540","0.014661","0.012758","47","12351588.410","16259406.900"
"16","2018-32","5","21107751007","257074725175.54","0.022433","0.021839","0.022253","717","2735801525.580","4506429540.060"
"8","2018-32","5","97126347","612770712.99","0.011682","0.012415","0.011230","46","75116222.470","104849888.520"
"1","2018-32","5","69900141643","693628188349.00","0.017462","0.023281","0.021003","1383","24841372475.580","29042288344.570"
"4","2018-32","5","65022336570","596336235722.50","0.018390","0.022731","0.020989","1313","10475352902.880","13678207811.740"
"2","2018-33","5","111933851","106885974.00","-0.015581","-0.015179","-0.022262","47","12080003.910","15813332.050"
"16","2018-33","5","20353530395","246757044103.53","-0.045718","-0.048855","-0.050425","716","2604233874.640","4279051178.600"
"8","2018-33","5","115715656","612014338.85","-0.041072","-0.038133","-0.034185","47","72660031.320","102146137.860"
"1","2018-33","5","58486893866","592982956879.00","-0.044997","-0.045028","-0.045653","1391","23800841253.960","27842777721.050"
"4","2018-33","5","58170560354","542306126377.63","-0.044918","-0.051114","-0.051061","1315","9974030198.440","13037083601.360"
"2","2018-34","5","81400801","71385212.00","0.007774","0.008073","0.008627","47","12177527.240","15949759.550"
"16","2018-34","5","19152992268","236089355478.81","0.013189","0.012493","0.014038","718","2650660157.360","4347315910.190"
"8","2018-34","5","73276202","446874198.97","0.012793","0.013949","0.017971","47","73673576.150","103981846.700"
"1","2018-34","5","51618437286","544771818957.00","0.008383","0.024332","0.023384","1395","24548610500.310","28647236487.380"
"4","2018-34","5","52016209531","484471535186.74","0.006335","0.014785","0.013275","1318","10162335612.900","13265121826.270"
"2","2018-35","5","91542832","81267631.00","0.002928","0.006909","0.005676","47","12261666.890","16040297.620"
"16","2018-35","5","19524076878","235722481748.12","-0.015238","-0.011107","-0.013822","718","2627026693.240","4287384041.280"
"8","2018-35","5","107635762","587579789.22","-0.015389","-0.011165","-0.015138","47","72746526.130","102303271.450"
"1","2018-35","5","56657313161","588424286499.00","-0.008725","-0.000388","-0.001468","1399","24548521343.290","28638723396.620"
"4","2018-35","5","59533307924","537894868441.02","-0.011736","-0.002807","-0.003832","1328","10216605323.090","13346673963.870"
"2","2018-36","5","70406399","66322252.00","-0.003675","-0.005574","-0.007597","47","12193312.420","15918431.280"
"8","2018-36","5","67983584","362668254.66","-0.014366","-0.015809","-0.022095","47","71596444.940","100042803.340"
"16","2018-36","5","21399088942","246748169798.53","0.002429","-0.001879","-0.004153","716","2622992296.060","4260717629.880"
"1","2018-36","5","52206264892","545449551535.00","-0.003893","-0.010085","-0.007932","1400","24324212305.730","28420419048.600"
"4","2018-36","5","56315589721","498232918700.43","-0.003355","-0.015403","-0.015585","1329","10060555956.260","13144122838.650"
"2","2018-37","5","71509605","76179916.00","-0.005134","-0.013848","-0.018419","47","12024450.730","15625223.760"
"8","2018-37","5","57990075","314650733.26","-0.016610","-0.026289","-0.028359","46","62986084.850","74977337.800"
"16","2018-37","5","20120385833","222515977488.66","-0.022353","-0.031748","-0.030437","717","2546084983.570","4140121812.010"
"1","2018-37","5","50007679873","510130369701.00","-0.015688","-0.005052","-0.006936","1405","24210379438.330","28236428971.770"
"4","2018-37","5","53369326564","464942727125.13","-0.016858","-0.020740","-0.020218","1332","9610226763.370","12616563998.110"
"2","2018-38","5","86240291","81770056.00","0.017385","0.024706","0.027887","47","12321536.650","16060975.400"
"8","2018-38","5","69537844","351869151.20","0.018718","0.024251","0.021308","45","64290949.090","76353023.920"
"16","2018-38","5","21875178102","221077808009.66","0.020495","0.025495","0.023662","718","2651195094.660","4244615167.890"
"1","2018-38","5","61409890066","593394727775.00","0.023282","0.047305","0.044336","1412","25381721227.320","29525529535.370"
"4","2018-38","5","65896326175","536870903562.23","0.021699","0.036420","0.035169","1331","9997873802.760","13184904291.900"
"2","2018-39","4","86364971","84505025.00","-0.004419","0.005644","0.011128","48","12577382.990","16427029.100"
"8","2018-39","4","41232087","225067027.40","0.003413","-0.001892","-0.002836","46","64386196.760","76353176.760"
"16","2018-39","4","16595343928","173025415953.43","-0.013915","-0.004679","-0.002828","721","2634537079.140","4221626401.770"
"1","2018-39","4","50897538716","501826867159.00","-0.004094","0.010556","0.008515","1416","25689318233.130","29885072532.750"
"4","2018-39","4","51337254673","426354791969.50","-0.008342","-0.002740","-0.003697","1336","9934945575.220","13081327186.200"
"2","2018-41","5","164502672","162767197.00","-0.084155","-0.061353","-0.061003","49","11959386.060","15578651.200"
"8","2018-41","5","90359150","462761280.94","-0.071750","-0.077842","-0.080757","46","59374194.340","70187088.290"
"16","2018-41","5","20831888263","212459266356.29","-0.110654","-0.113074","-0.111732","720","2329012142.260","3717003758.050"
"1","2018-41","5","74534633340","674877728111.00","-0.104051","-0.072115","-0.076638","1420","23859686471.540","27623250252.070"
"4","2018-41","5","67434204846","535470377347.45","-0.108849","-0.106027","-0.105383","1345","8936935175.470","11763659319.540"
"2","2018-42","5","122648621","112341844.00","-0.053316","-0.039446","-0.043053","50","11564319.780","14984336.730"
"8","2018-42","5","113994073","396217583.09","-0.069603","-0.064508","-0.066271","46","55544068.720","65535660.940"
"16","2018-42","5","22200138499","231815183428.47","-0.015481","-0.023751","-0.013703","722","2300434392.180","3817871573.750"
"1","2018-42","5","63947492229","565291516124.00","-0.037767","-0.020559","-0.021708","1425","23414817193.790","27080934444.180"
"4","2018-42","5","61057943673","461792034671.33","-0.038358","-0.031221","-0.030819","1345","8666709192.360","11405480293.820"
"2","2018-43","5","150802389","126726021.00","0.049260","0.033176","0.034998","50","11947983.780","15508769.450"
"8","2018-43","5","151679836","535371740.69","0.053928","0.041440","0.047311","46","57845819.670","68636270.780"
"16","2018-43","5","25767634081","276321183213.97","0.023497","0.015708","0.015449","720","2333786648.170","3868491494.130"
"1","2018-43","5","86975347342","776477753806.00","0.042037","0.016742","0.019431","1423","23820269396.420","27599068124.710"
"4","2018-43","5","77918744986","597800345590.24","0.042006","0.025280","0.025797","1341","8882989951.930","11712407896.100"
"2","2018-44","5","112745626","92839888.00","0.030437","0.025883","0.026845","50","12257237.060","15925117.650"
"8","2018-44","5","112058144","636299688.64","0.019484","0.024742","0.055785","47","66357837.560","96618477.120"
"16","2018-44","5","25376637365","267173188706.52","0.058104","0.062896","0.064866","724","2510965515.410","4150845697.270"
"1","2018-44","5","90627797648","817250755296.00","0.045493","0.027539","0.030393","1428","24569043866.300","28485161741.590"
"4","2018-44","5","78764819888","630195077091.05","0.046881","0.044666","0.045606","1345","9595583773.590","12587394810.090"
"2","2018-45","5","168253604","109109846.00","0.000805","-0.013229","-0.015734","50","12095083.660","15674544.800"
"8","2018-45","5","88651436","366826109.36","-0.017206","-0.030359","-0.029546","47","64343250.540","93763722.400"
"16","2018-45","5","27093879331","278924205709.97","-0.006582","-0.011766","-0.010748","724","2478416841.130","4107768826.980"
"1","2018-45","5","84103082379","703824063490.00","0.001557","-0.029775","-0.029139","1430","23884813475.550","27687804093.810"
"4","2018-45","5","82802264312","633497209730.31","0.006653","-0.018086","-0.019990","1353","9577886589.870","12561925505.960"
"2","2018-46","5","254424346","178229900.00","0.073439","0.050352","0.052900","50","12704101.930","16503736.570"
"8","2018-46","5","165683403","655822891.71","0.060287","0.034853","0.036993","47","66585822.590","97232367.740"
"16","2018-46","5","36490134823","364195849557.88","0.090661","0.073417","0.072277","725","2664475736.110","4410734492.900"
"1","2018-46","5","111026643227","884559528126.00","0.077327","0.027024","0.031017","1432","24519623160.600","28700152158.650"
"4","2018-46","5","115157672843","835066843976.02","0.083545","0.059748","0.060737","1363","10261546804.020","13437447706.890"
"2","2018-47","5","193091225","146760360.00","-0.056330","-0.036155","-0.038313","50","12244778.850","15871424.910"
"8","2018-47","5","101644734","402828896.62","-0.053117","-0.040845","-0.035652","47","63866063.030","93765769.320"
"16","2018-47","5","30032914684","303523571898.95","-0.066169","-0.065334","-0.064047","727","2501529389.050","4141596778.490"
"1","2018-47","5","96900328270","801336539179.00","-0.052313","-0.034388","-0.033385","1432","23686148215.870","27742007170.950"
"4","2018-47","5","100892496975","766817476521.10","-0.054392","-0.049728","-0.050759","1368","9891628512.440","12874148996.020"
"2","2018-48","5","150620928","120933847.00","0.003504","0.008147","0.006288","50","12344544.130","15971240.630"
"8","2018-48","5","132298770","567997750.70","-0.012478","-0.019984","-0.019475","47","62589715.650","91939689.240"
"16","2018-48","5","24658127626","247375717795.86","0.001385","0.008017","0.008808","730","2539422301.100","4202765041.400"
"1","2018-48","5","69892799958","570817277121.00","-0.001146","0.004261","0.001935","1434","23818992457.920","27829014619.140"
"4","2018-48","5","75170278471","556862336488.98","-0.003461","0.001979","-0.000226","1372","9922430753.130","12912981029.270"
"2","2018-49","5","132440756","103856013.00","0.010649","0.004525","0.006462","50","12400412.350","16074446.490"
"8","2018-49","5","102563859","443193893.74","0.009407","0.000929","-0.001577","47","62647896.300","91794684.810"
"16","2018-49","5","28737680416","285810790387.93","0.020391","0.013537","0.012411","732","2583925351.430","4268086243.380"
"1","2018-49","5","77933380308","691805726340.00","0.014297","0.006488","0.006943","1435","24040079340.360","28040441008.870"
"4","2018-49","5","80795060284","650709612988.51","0.017286","0.008427","0.009489","1377","10101420387.030","13140639566.730"
"2","2018-50","5","84943239","66998018.00","-0.006351","-0.004566","-0.004542","50","12343785.600","16001422.790"
"8","2018-50","5","58584550","275745165.75","-0.009617","-0.004295","-0.003429","47","62378776.630","91479839.080"
"16","2018-50","5","23825216138","229941822632.05","-0.024963","-0.024027","-0.023260","735","2535777116.040","4179075660.520"
"1","2018-50","5","61385350545","529211519121.00","-0.017230","-0.004278","-0.004671","1436","23995978916.630","27935116782.000"
"4","2018-50","5","64910724247","518749530277.27","-0.019385","-0.015105","-0.015215","1379","9983351380.980","12972940961.910"
"2","2018-51","5","72237710","60478865.00","-0.014582","-0.022394","-0.025302","50","12067352.800","15596550.180"
"8","2018-51","5","69208964","274697198.34","-0.021391","-0.024735","-0.025407","47","60835824.700","89155593.340"
"16","2018-51","5","19860438523","198341649458.43","-0.013525","-0.025732","-0.025451","735","2479767838.280","4082570239.040"
"1","2018-51","5","57757373609","500430373390.00","-0.019676","-0.031359","-0.029989","1434","23236584980.380","27042281320.650"
"4","2018-51","5","57786552354","453379864411.80","-0.020404","-0.035857","-0.034401","1380","9643851745.500","12545257833.100"
"1","2018-52","5","60057885017","512515256275.00","-0.017119","-0.007214","-0.008843","1439","23139338281.470","26865500947.700"
"2","2018-52","5","88328459","67102705.00","-0.007114","-0.007657","-0.003338","50","11974953.640","15544477.650"
"8","2018-52","5","60654336","242414156.06","-0.001847","0.003001","-0.002532","46","60948514.320","88869434.320"
"16","2018-52","5","22831819869","233837813757.04","-0.016991","-0.015279","-0.011332","737","2450341271.720","4044507558.290"
"4","2018-52","5","60674488666","477326867906.07","-0.022269","-0.014064","-0.013578","1379","9532726303.970","12398751432.850"
"2","2019-01","3","86202007","56601935.00","0.014408","0.007201","0.015452","50","12061192.780","15784674.130"
"4","2019-01","3","40840199897","314104528428.03","0.017564","0.011846","0.010572","1379","9778557546.270","12543687732.570"
"8","2019-01","3","64759078","292293743.77","0.009109","0.006551","0.000055","47","61346248.540","88872784.130"
"1","2019-01","3","40234515607","343425566074.00","0.017007","0.007923","0.008510","1439","23192934566.040","26959398569.080"
"16","2019-01","3","14254495387","142510531950.30","0.017676","0.007247","0.005152","737","2479940221.790","4065802304.250"
"2","2019-02","5","170230001","101599374.00","0.009725","0.011526","0.005228","50","12200213.310","15867203.190"
"4","2019-02","5","87999038632","660279013177.64","0.032724","0.028840","0.027881","1380","10075464642.400","12922142448.080"
"8","2019-02","5","86754898","389007076.14","0.020029","0.030437","0.040252","47","63099236.510","92335915.220"
"1","2019-02","5","83490824836","684075973772.00","0.027901","0.015201","0.015855","1442","23719559275.750","27583780350.940"
"16","2019-02","5","30851227786","290389384582.24","0.031446","0.023108","0.022287","738","2545754686.970","4163337106.150"
"2","2019-03","5","112648570","81538545.00","-0.003321","0.005936","0.007473","50","12272635.140","15985781.540"
"4","2019-03","5","81259974638","612771474296.77","0.000006","0.011489","0.009762","1382","10211866930.760","13093210923.290"
"8","2019-03","5","99483394","484982383.08","-0.014673","-0.001820","0.001803","47","62984339.230","92502461.440"
"1","2019-03","5","80650141885","658757549646.00","0.004106","0.018150","0.016405","1444","24175901774.490","28068848605.870"
"16","2019-03","5","27239588378","255727280263.91","-0.010678","-0.002113","-0.002351","738","2546085971.890","4155476703.060"
"2","2019-04","5","101902898","76413128.00","-0.011004","-0.007916","-0.017885","50","12175474.180","15699860.700"
"4","2019-04","5","73278368366","568495338509.85","-0.005904","-0.001090","-0.000783","1382","10143801971.100","13008903436.180"
"8","2019-04","5","61757966","332169206.49","0.000456","0.001344","0.001429","47","63069031.910","92634721.930"
"1","2019-04","5","75980672868","634485403782.00","-0.004910","0.003281","0.002404","1447","24268898404.500","28206210902.610"
"16","2019-04","5","24233598458","245427977739.45","-0.003887","-0.003043","-0.002825","737","2550803061.990","4144120616.930"
"2","2019-05","5","115810282","76599630.00","-0.020108","-0.001002","-0.002620","50","12163273.500","15658714.640"
"4","2019-05","5","71791315092","554443166913.66","-0.035710","-0.001581","-0.003714","1385","10221841565.480","13100995419.940"
"8","2019-05","5","83668052","512912121.71","-0.010549","0.009049","0.015670","47","63639758.520","94086334.950"
"1","2019-05","5","70819806463","592334063734.00","-0.028575","0.008087","0.006028","1448","24479380346.630","28380615887.130"
"16","2019-05","5","24328087225","230704169014.34","-0.042057","-0.019066","-0.018485","739","2506811270.620","4084703089.730"
"2","2019-07","5","170067146","134430910.00","0.033408","0.019881","0.020934","50","12383517.490","15964943.020"
"4","2019-07","5","108511708035","829152793346.52","0.070307","0.055897","0.058571","1384","10847372707.030","13882165064.370"
"8","2019-07","5","184628411","901952027.92","0.041408","0.049167","0.052048","47","66768809.360","98983362.430"
"1","2019-07","5","97413498959","840426367679.00","0.056893","0.020662","0.024531","1449","24986300066.180","29097848763.100"
"16","2019-07","5","31886193081","323802948447.86","0.077658","0.070837","0.070491","741","2694782579.780","4380346311.280"
"2","2019-08","5","242730842","178745218.00","0.037285","0.031297","0.032709","50","12771090.060","16487149.330"
"4","2019-08","5","156092922678","1213431251451.21","0.063587","0.062372","0.062703","1383","11541453126.830","14755014617.280"
"8","2019-08","5","193186527","1026810562.92","0.044662","0.040364","0.039288","47","69463951.470","102872302.820"
"1","2019-08","5","139215887687","1193095584266.00","0.055417","0.044016","0.045585","1451","26094823491.730","30429238406.620"
"16","2019-08","5","48503535739","485123357939.86","0.068787","0.069508","0.065686","742","2888548304.120","4693636752.290"
"2","2019-09","5","477345766","350014825.00","0.047435","0.039705","0.040007","50","13278174.460","17146754.020"
"4","2019-09","5","208720519826","1695916594787.74","0.058378","0.056576","0.056837","1381","12153537701.000","15562286849.650"
"8","2019-09","5","292213925","1217174235.15","0.050272","0.044591","0.052846","47","72561509.770","108308742.390"
"1","2019-09","5","226041235490","1973976831745.00","0.061841","0.064932","0.068020","1452","27814105431.560","32539184929.020"
"16","2019-09","5","61535233624","682951335040.46","0.060668","0.067155","0.070009","742","3083388235.600","5023346461.860"
"2","2019-10","5","462699665","368978272.00","0.010047","0.000220","-0.000346","50","13281236.120","17140819.750"
"4","2019-10","5","247488296003","2094947727334.74","0.038006","0.018107","0.020207","1384","12430196301.810","15920686803.780"
"8","2019-10","5","302426744","1305926808.30","0.016945","-0.007242","-0.015274","47","72035962.990","106654437.570"
"1","2019-10","5","266184387212","2397703417259.00","0.030108","-0.017795","-0.007448","1452","27325331696.480","32299859123.880"
"16","2019-10","5","77930596067","903874440359.10","0.058106","0.052216","0.044632","742","3247252025.410","5247584756.550"
"2","2019-11","5","359343555","290403810.00","0.017682","0.011618","0.006975","50","13435601.830","17260383.060"
"4","2019-11","5","204587139746","1824067591574.73","0.031996","0.026250","0.024402","1385","12761393185.130","16316837867.770"
"8","2019-11","5","238998003","1063647802.37","0.014806","0.021952","0.030615","47","73528627.380","109830961.840"
"1","2019-11","5","210135531385","2041691678003.00","0.032668","0.022147","0.017446","1449","27917297115.130","32839364295.220"
"16","2019-11","5","69442068828","827334126846.72","0.018108","0.012280","0.016816","744","3294551521.250","5343062407.830"
"2","2019-12","5","240978375","191005747.00","0.023694","0.014552","0.018025","50","13631130.120","17571508.060"
"4","2019-12","5","179205185150","1608058824197.78","0.050634","0.041743","0.041109","1383","13293918984.160","16976775196.970"
"8","2019-12","5","218262463","1012074923.06","0.022796","0.030597","0.025628","47","75778475.360","112645756.150"
"1","2019-12","5","188395328847","1860317043064.00","0.049976","0.026380","0.027357","1449","28679178006.930","33750678667.250"
"16","2019-12","5","51234876365","605525947416.03","0.037075","0.029137","0.024004","744","3388982512.260","5477486444.120"
"2","2019-13","5","210466849","156570219.00","-0.013815","-0.007420","-0.005884","50","13529976.440","17468100.150"
"4","2019-13","5","160262761654","1494061051239.78","-0.016647","-0.002499","-0.002365","1382","13278593149.640","16952882962.170"
"8","2019-13","5","155322180","783725395.65","-0.008816","-0.002537","-0.005220","47","75586163.880","112057649.250"
"1","2019-13","5","168625188781","1687102474632.00","-0.015859","-0.003219","-0.004300","1450","28599383649.210","33612178764.820"
"16","2019-13","5","48321280350","569537847093.87","-0.010261","-0.007597","-0.004574","744","3335799678.480","5422883933.990"
"2","2019-14","4","284293420","282485411.00","0.031317","0.037906","0.028498","50","14042850.380","17965912.710"
"4","2019-14","4","161988515790","1559299593020.55","0.058878","0.054555","0.053454","1380","13693517972.130","17544634581.830"
"8","2019-14","4","161967731","867225450.59","0.030964","0.039962","0.049744","47","78001334.650","117026467.890"
"1","2019-14","4","181001704341","1858624327702.00","0.061905","0.050969","0.050689","1449","30036008605.390","35304504178.880"
"16","2019-14","4","48043250931","600224295207.65","0.057842","0.050505","0.046720","747","3558514408.520","5735521741.670"
"2","2019-15","5","225896795","212732939.00","-0.024030","-0.016211","-0.019859","50","13815196.390","17609111.870"
"4","2019-15","5","175232872612","1717101553171.45","-0.013252","-0.018505","-0.019944","1386","13789337375.610","17538453794.050"
"8","2019-15","5","176900713","1040759648.48","-0.012435","-0.013357","-0.019934","47","76959448.490","114693577.900"
"1","2019-15","5","188938471501","1930541233907.00","-0.014450","-0.015628","-0.017766","1453","29630701876.860","34727375238.990"
"16","2019-15","5","52077449458","630716306806.55","-0.025147","-0.036353","-0.034468","749","3434143162.830","5546011435.370"
"2","2019-16","5","137425497","144727109.00","0.006420","0.021424","0.018475","50","14111174.400","17934451.850"
"4","2019-16","5","161250622445","1567796364454.38","0.022163","0.026411","0.023963","1386","14161345819.980","17952048333.490"
"8","2019-16","5","171217478","917682188.20","-0.000600","0.000264","0.007278","47","76979804.730","115528392.570"
"1","2019-16","5","170363402496","1708009892623.00","0.019203","0.026270","0.025816","1455","30506268919.100","35617831839.860"
"16","2019-16","5","48697446743","593172670537.05","0.030497","0.023869","0.021763","750","3527266403.880","5672823233.650"
"2","2019-17","5","169647824","149402507.00","-0.030041","-0.023336","-0.020405","50","13781869.080","17568482.900"
"4","2019-17","5","151251996683","1469641384173.41","-0.075252","-0.067236","-0.067053","1388","13222170930.310","16746116115.730"
"8","2019-17","5","115564176","655841879.15","-0.047909","-0.045342","-0.052856","47","72725181.760","106892076.000"
"1","2019-17","5","156150726231","1545286179780.00","-0.071011","-0.056105","-0.056205","1453","28939701085.570","33645386731.920"
"16","2019-17","5","46781622215","530380964701.23","-0.066513","-0.053693","-0.051240","753","3344901485.850","5412241652.470"
"2","2019-18","2","64232620","57123172.00","-0.007377","-0.002377","-0.006247","50","13749100.970","17458732.340"
"4","2019-18","2","46306582728","447334418384.84","-0.026023","-0.013902","-0.015149","1382","13004387322.190","16443939242.560"
"8","2019-18","2","46514104","336392589.07","-0.012551","-0.006036","0.004761","47","72286201.800","107401046.470"
"1","2019-18","2","51377507684","514176929173.00","-0.022980","0.001318","-0.002628","1452","28965181325.940","33544990776.230"
"16","2019-18","2","15687809174","180218419804.26","-0.033006","-0.027662","-0.024119","750","3246031566.530","5271373493.570"
"2","2019-19","5","170557095","163853216.00","-0.046209","-0.039257","-0.045283","49","13147367.840","16606552.250"
"4","2019-19","5","115923993555","1065300242901.06","-0.039173","-0.043327","-0.042179","1383","12503496677.790","15786668111.010"
"8","2019-19","5","112924523","703844157.52","-0.036199","-0.038113","-0.037512","47","69531115.840","103372201.690"
"1","2019-19","5","129242692547","1249193992936.00","-0.037460","-0.044296","-0.044936","1455","27748178360.640","32052183110.100"
"16","2019-19","5","37281838081","412796862391.87","-0.028829","-0.042733","-0.038630","751","3111297499.990","5074777274.910"
"2","2019-20","5","88395432","89520395.00","-0.030598","-0.020365","-0.027249","49","12843613.160","16106021.490"
"4","2019-20","5","111184663615","1016144438440.84","-0.019106","-0.019698","-0.021241","1381","11946099801.290","15089594995.710"
"8","2019-20","5","88061954","380949705.42","-0.024372","-0.026288","-0.027954","46","58026525.400","68658588.960"
"1","2019-20","5","116469832585","1103580521599.00","-0.018376","-0.017690","-0.019106","1456","27255714632.820","31542034491.670"
"16","2019-20","5","36265749525","409804619882.23","-0.023604","-0.027332","-0.027788","754","3034345558.200","4946878048.720"
"2","2019-21","5","89005272","80588945.00","-0.028012","-0.023731","-0.031569","49","12538834.590","15597567.970"
"4","2019-21","5","99112189198","906068763897.36","-0.026139","-0.025485","-0.025415","1382","11877340641.070","14925004433.590"
"8","2019-21","5","64907142","278872639.00","-0.027411","-0.024948","-0.027805","46","56578857.140","66749509.030"
"1","2019-21","5","98454211553","950621792976.00","-0.021256","-0.008946","-0.010192","1460","27028714866.900","31236861893.700"
"16","2019-21","5","36036534287","399517152876.70","-0.012568","-0.021116","-0.020567","754","2990536556.660","4841069150.770"
"2","2019-22","5","98335056","90537449.00","0.017116","0.044642","0.038053","49","12640881.490","15733391.450"
"4","2019-22","5","95587397646","874891888685.28","0.024098","0.018097","0.019741","1385","12167118052.000","15284607721.980"
"8","2019-22","5","66221297","252388189.82","0.016003","0.011886","0.012406","46","57168465.560","67398751.120"
"1","2019-22","5","101899629911","1011638881500.00","0.030720","0.014278","0.017690","1460","27383540898.090","31730237769.160"
"16","2019-22","5","35203616926","401758911438.09","0.038270","0.031450","0.038384","757","3095426510.820","5035290610.290"
"2","2019-23","4","65252474","51357008.00","-0.007881","0.080430","0.115002","48","12230015.410","15150119.960"
"4","2019-23","4","70604777415","663745250650.48","-0.053502","-0.041646","-0.041888","1385","11681026796.310","14636333902.910"
"8","2019-23","4","54696873","213766675.50","-0.025897","-0.032499","-0.032672","46","55310496.380","65196626.150"
"1","2019-23","4","76238002844","728889304503.00","-0.049079","-0.019609","-0.022670","1457","26782082605.110","30927436977.310"
"16","2019-23","4","26076765584","302888716912.89","-0.056548","-0.053506","-0.052643","758","2932346591.900","4771231045.020"
"2","2019-24","5","92245998","87657936.00","0.031268","0.036809","0.036478","49","12644912.700","15667458.560"
"4","2019-24","5","99577091288","900747213555.18","0.028343","0.028385","0.027483","1385","12015993090.960","15034695783.780"
"8","2019-24","5","74954446","280000475.50","0.014269","0.014328","0.015767","46","55907078.680","66028652.170"
"1","2019-24","5","109483861622","1025480731378.00","0.027737","0.022275","0.021098","1456","27356602176.280","31521496414.860"
"16","2019-24","5","36336573278","417190691012.35","0.032342","0.030711","0.031507","758","3097183915.360","4927067396.240"
"2","2019-25","5","110044144","102899482.00","0.035034","0.038887","0.034261","49","13068880.080","16136590.710"
"4","2019-25","5","96680460629","882995989894.43","0.041713","0.043831","0.045038","1387","12566006434.490","15736280842.810"
"8","2019-25","5","64483785","293062604.59","0.030552","0.041370","0.039971","46","57920557.430","68368512.300"
"1","2019-25","5","110931218293","1069893773725.00","0.047393","0.042939","0.044955","1461","28530856018.660","32911532538.930"
"16","2019-25","5","37634486722","432400862617.04","0.069361","0.057399","0.058091","759","3252860440.340","5196042623.510"
"2","2019-26","5","97635490","104768487.00","-0.003277","0.006333","0.004341","49","13030107.590","16085096.100"
"4","2019-26","5","89064179089","825174486820.29","-0.017922","-0.006342","-0.006783","1388","12482835836.840","15636545581.270"
"8","2019-26","5","57605010","324960507.85","-0.008084","-0.000311","0.000564","46","57620970.920","68125546.100"
"1","2019-26","5","100444690920","1014838636177.00","-0.010327","-0.003770","-0.005355","1465","28367625161.150","32720675771.020"
"16","2019-26","5","40337597214","445694068330.60","-0.023575","-0.017193","-0.016744","761","3228846873.160","5131091152.240"
"2","2019-27","5","103365953","110489794.00","0.008480","0.003594","0.001092","49","13018281.580","16044009.100"
"4","2019-27","5","96143481676","926313179392.64","0.019820","0.026864","0.025390","1388","12932664841.130","16053906047.200"
"8","2019-27","5","107267742","502952625.91","0.022227","0.030486","0.027618","46","59248811.470","69878234.550"
"1","2019-27","5","102758556112","1058451340930.00","0.020041","0.013389","0.014490","1467","28672740954.700","33123332478.280"
"16","2019-27","5","37541383490","446792403207.73","0.019920","0.021733","0.023202","761","3315251935.580","5249898690.300"
"2","2019-28","5","100433174","104409023.00","-0.019050","-0.017174","-0.019108","49","12729244.800","15655996.090"
"4","2019-28","5","73160147705","694974925701.90","-0.035080","-0.026096","-0.027099","1388","12577197456.650","15592162556.770"
"8","2019-28","5","63829912","315861898.01","-0.018845","-0.013743","-0.016808","46","58243758.260","68512933.850"
"1","2019-28","5","77261835939","795439512832.00","-0.030627","-0.021995","-0.022814","1465","27933914663.800","32241910603.210"
"16","2019-28","5","28071913021","338672896674.31","-0.034743","-0.028621","-0.029480","761","3220619486.740","5098451533.470"
"2","2019-29","5","57906958","59123713.00","0.010502","0.017380","0.011527","49","12724440.880","15610431.120"
"4","2019-29","5","80614123700","727258187757.37","-0.000335","-0.000800","0.001120","1385","12570978798.400","15602520779.130"
"8","2019-29","5","88628663","378086647.45","-0.006748","-0.007388","-0.010758","45","57554700.690","67517857.040"
"1","2019-29","5","74786607639","767216652787.00","-0.001833","-0.000740","-0.000457","1469","27885558573.510","32233696177.230"
"16","2019-29","5","30390279021","374210025999.06","0.003414","0.007429","0.007224","763","3258887519.040","5140827989.530"
"32","2019-30","5","4144692888","142897862534.00","","","","25","65719282.930","500055822.520"
"2","2019-30","5","61979963","63049557.00","0.006712","0.007763","0.005562","49","12627874.430","15501919.490"
"4","2019-30","5","72008082022","681895283613.27","-0.000750","0.006187","0.007719","1386","12653280057.960","15730760870.320"
"8","2019-30","5","67796997","288961370.66","-0.001460","0.003839","0.002697","46","57954764.970","67869040.120"
"1","2019-30","5","70819227528","722025332195.00","-0.000929","0.008453","0.008245","1472","28143898167.810","32539090189.220"
"16","2019-30","5","27839158926","341560614109.45","0.004090","0.009846","0.012328","765","3295456807.940","5211064792.800"
"2","2019-31","5","92369067","91261436.00","-0.029673","-0.039512","-0.043204","49","12037530.910","14740783.590"
"4","2019-31","5","72544844504","698358979237.65","-0.022647","-0.026900","-0.024998","1387","12355840162.060","15372694276.450"
"8","2019-31","5","58222227","249473242.46","-0.015876","-0.020113","-0.018049","46","56789068.250","66644029.760"
"1","2019-31","5","71176566818","727963977541.00","-0.022655","-0.025655","-0.025158","1474","27480523600.240","31724662974.310"
"16","2019-31","5","27045447890","345562685713.98","-0.012542","-0.010093","-0.009016","765","3274260735.020","5164006376.540"
"32","2019-31","5","3194955243","141764574504.00","0.327135","0.278837","0.271746","25","84044270.750","635944145.770"
"2","2019-32","5","126130322","117908225.00","-0.064530","-0.052488","-0.058971","49","11401519.350","13867327.080"
"4","2019-32","5","75445072756","722646477538.79","-0.047637","-0.039604","-0.040139","1388","11860387609.750","14750081685.870"
"8","2019-32","5","68844891","288376357.40","-0.043977","-0.037319","-0.038972","46","54500215.960","63877239.060"
"1","2019-32","5","82011476048","823338859963.00","-0.045009","-0.030676","-0.032046","1476","26679478204.980","30711514653.410"
"16","2019-32","5","28401821412","363227947975.18","-0.046441","-0.040043","-0.035398","765","3156553281.400","4984193059.930"
"32","2019-32","5","3266369418","153720550309.00","-0.106979","-0.113681","-0.111657","27","85644560.700","650855064.830"
"2","2019-33","5","73401284","69162095.00","0.008050","0.022860","0.019336","49","11435556.800","13908869.290"
"4","2019-33","5","71110418044","711749999815.64","0.024253","0.027473","0.028267","1388","12185777128.040","15160325887.670"
"8","2019-33","5","60272640","262524260.66","-0.001285","0.004826","0.002564","46","54718855.970","63944680.170"
"1","2019-33","5","68980558146","753177160948.00","0.022590","0.016594","0.018271","1477","27130207231.510","31263004897.470"
"16","2019-33","5","28375438200","366708262419.36","0.033441","0.038563","0.038760","765","3279454285.720","5171989723.180"
"32","2019-33","5","1730948018","96573326937.00","0.022187","-0.003095","-0.010827","28","89274955.470","683167682.820"
"2","2019-34","5","89512324","80108171.00","0.019649","0.015440","0.015346","49","11612128.470","14122317.660"
"8","2019-34","5","88597649","354860565.58","0.025557","0.021854","0.020700","46","55914714.990","65268352.410"
"1","2019-34","5","85603205073","926745450107.00","0.030532","0.025492","0.026332","1476","27877299272.370","32078726851.180"
"4","2019-34","5","98382070655","975883401032.06","0.039651","0.035330","0.034415","1384","12512151657.360","15564139393.020"
"16","2019-34","5","38116345197","491024734387.52","0.041261","0.036183","0.037543","766","3403638294.970","5374670358.700"
"32","2019-34","5","1467940487","74974429192.00","-0.158029","-0.144488","-0.141661","28","76375745.280","586389388.260"
"2","2019-35","5","89713757","79913537.00","-0.020145","-0.011131","-0.014462","49","11482872.490","13918067.700"
"8","2019-35","5","96356787","399493224.83","-0.012700","-0.009899","-0.010402","46","55361205.950","64589417.420"
"1","2019-35","5","92302228228","996523021241.00","-0.001864","-0.004772","-0.003709","1479","27748200142.050","32019116442.060"
"4","2019-35","5","104937875139","1020865944307.37","-0.005440","-0.000416","-0.000042","1387","12614915647.420","15869231204.850"
"16","2019-35","5","38996885404","479723962261.93","-0.004112","-0.002941","0.001610","767","3397304773.160","5386461173.120"
"32","2019-35","5","978867467","47838364742.00","-0.004714","-0.007561","-0.014261","28","75798228.820","578026879.810"
"2","2019-36","5","109604793","104692438.00","0.035459","0.037016","0.038786","49","11907927.090","14457898.420"
"8","2019-36","5","90342037","357274499.51","0.019061","0.018022","0.017491","46","56358936.510","65719193.430"
"1","2019-36","5","112697100880","1243432057692.00","0.046686","0.036301","0.039627","1479","28775803968.290","33276389889.170"
"4","2019-36","5","122957154978","1224982180749.53","0.051493","0.045507","0.044271","1389","13201656944.050","16586532117.460"
"16","2019-36","5","47391847431","628850768616.66","0.068750","0.063767","0.061039","767","3614160291.440","5716150003.730"
"32","2019-36","5","1148161372","56671848856.00","0.023513","0.027611","0.031772","29","79980576.540","605606746.180"
"2","2019-37","4","91810490","79328496.00","0.030045","0.012519","0.018817","49","12057013.700","14729954.400"
"8","2019-37","4","66781914","302118282.54","0.020105","0.007841","0.012587","46","56800879.160","66546413.890"
"1","2019-37","4","90328659129","1019173558613.00","0.020668","0.008867","0.010640","1480","29055842106.140","33654525807.380"
"4","2019-37","4","101116909702","1002709439031.61","0.023377","0.012254","0.012382","1392","13405069608.560","16830521050.750"
"16","2019-37","4","39910895701","540017114616.82","0.032161","0.021212","0.020398","766","3692040514.130","5829435601.230"
"32","2019-37","4","599206594","29788223410.00","-0.028437","-0.025577","-0.024493","29","77934911.640","590773107.450"
"2","2019-38","5","87506117","75152368.00","-0.006303","-0.005201","-0.007931","49","11994294.300","14613129.470"
"8","2019-38","5","85780706","363286117.71","-0.018887","-0.015098","-0.016607","46","55943247.760","65441221.730"
"1","2019-38","5","95098505930","1056722165763.00","-0.004787","-0.007294","-0.007605","1480","28844282472.660","33393405904.400"
"4","2019-38","5","102261860703","1031920803650.52","-0.005614","-0.004918","-0.004216","1391","13382662570.470","16776837812.740"
"16","2019-38","5","42692579700","573912182968.70","-0.004164","-0.002718","-0.001155","767","3688433539.220","5827264719.680"
"32","2019-38","5","623951462","29477378994.00","-0.010312","-0.014966","-0.014290","29","76768513.910","582330839.030"
"2","2019-39","5","75936125","64631202.00","-0.010309","-0.010706","-0.011822","49","11865876.110","14440365.880"
"8","2019-39","5","52745633","232257025.62","-0.005590","-0.005672","-0.006440","46","55625927.340","65019724.720"
"1","2019-39","5","81403172115","938893438779.00","-0.038041","-0.022831","-0.024172","1478","28183589152.910","32573347469.750"
"4","2019-39","5","94560734928","982969907317.74","-0.042548","-0.035920","-0.035851","1392","12863227500.380","16206373630.950"
"16","2019-39","5","39955219933","555731926579.19","-0.047182","-0.041760","-0.042478","769","3546582097.840","5592482224.830"
"32","2019-39","5","763258119","39397098779.00","-0.060490","-0.061556","-0.065331","30","74344491.900","554397609.070"
"2","2019-40","1","11088282","10079981.00","0.000376","0.000951","0.003099","49","11877169.050","14485132.010"
"8","2019-40","1","6397338","32407338.29","-0.000849","0.001045","0.000467","46","55684108.110","65050105.750"
"1","2019-40","1","11427723554","131032970292.00","-0.008764","-0.008332","-0.009222","1478","27991670331.570","32274859556.350"
"4","2019-40","1","12723842113","134423400221.57","-0.009748","-0.010156","-0.009691","1389","12721932904.800","16034113157.070"
"16","2019-40","1","5710067611","75460081447.74","-0.014956","-0.013417","-0.013165","770","3504094497.010","5521648687.680"
"32","2019-40","1","225869228","11487435464.00","-0.058180","-0.061395","-0.061403","33","76560734.670","579078954.190"
"2","2019-41","4","50309249","52649032.00","-0.001358","-0.005709","-0.008314","49","11809354.120","14364690.210"
"8","2019-41","4","26054698","157198467.51","-0.004340","-0.009252","-0.007897","46","55168904.670","64536405.500"
"1","2019-41","4","54623677493","620896179133.00","0.022558","0.023184","0.023711","1478","28640959686.430","33034272392.060"
"16","2019-41","4","24923491516","348091965482.95","0.029778","0.028118","0.027369","770","3603655972.230","5682868209.560"
"32","2019-41","4","466358625","21559832405.00","-0.028559","-0.025864","-0.030463","33","74580518.450","561438026.810"
"4","2019-41","4","59631747873","624929682040.74","0.027842","0.025490","0.025951","1391","13076988215.210","16458322663.360"
"1","2019-42","5","77920280228","824652766599.00","-0.016622","-0.010949","-0.011916","1479","28405722499.290","32662370905.720"
"2","2019-42","5","66367467","63244001.00","-0.007889","-0.019713","-0.015949","49","11576545.050","14135578.770"
"8","2019-42","5","46207643","260476380.59","-0.013833","-0.018424","-0.016489","46","54152453.750","63472200.430"
"16","2019-42","5","37051828393","485883980606.84","-0.013997","-0.012229","-0.012400","770","3631674107.760","5613940673.880"
"32","2019-42","5","652901749","30494689529.00","-0.028113","-0.026089","-0.032703","34","73773840.240","548062082.530"
"4","2019-42","5","86135808437","853032839081.37","-0.014984","-0.014308","-0.012171","1392","12894472893.810","16256194006.980"
"1","2019-43","5","62843776799","681557157256.00","0.005361","0.006713","0.005639","1482","28632903006.240","32866483544.250"
"2","2019-43","5","52839629","46624121.00","-0.011489","-0.000809","0.000463","49","11567174.770","14142125.750"
"8","2019-43","5","35458914","175185435.14","-0.005526","-0.008032","-0.007699","46","53717496.730","62983533.180"
"16","2019-43","5","33011929161","410658636593.73","0.013648","0.010790","0.008285","771","3673687918.430","5662874594.520"
"32","2019-43","5","820486805","35725853328.00","-0.006163","-0.007567","-0.002267","35","75433111.300","556480266.850"
"4","2019-43","5","73601279528","733064981765.20","0.005164","0.011064","0.010327","1392","13036614288.190","16421833743.490"
"1","2019-44","5","80915104782","889438488185.00","-0.011680","0.002578","0.001195","1485","28752933259.280","33014129132.290"
"2","2019-44","5","61101273","50542545.00","-0.005902","-0.006130","-0.009535","49","11496265.140","14007278.650"
"8","2019-44","5","54346672","284146394.87","-0.011873","-0.002595","-0.001765","46","53578101.070","62872349.960"
"16","2019-44","5","40110737672","509809327099.17","-0.013107","0.000200","0.000073","773","3680086494.260","5660384031.770"
"32","2019-44","5","1035644447","43271300028.00","-0.066225","-0.057787","-0.053586","41","77559971.080","570814162.170"
"4","2019-44","5","96190911701","969563910733.51","-0.010555","0.007024","0.004003","1391","13151504414.330","16491432160.860"
"2","2019-45","5","70219356","60882067.00","0.000951","0.006376","0.008817","49","11569574.270","14130793.000"
"8","2019-45","5","52711966","257379103.47","0.008256","0.012480","0.011037","45","54142617.800","62896693.300"
"1","2019-45","5","78537644653","853572292695.00","-0.001753","0.001953","0.001952","1484","28816465210.730","33076030529.450"
"16","2019-45","5","32395292532","466560610151.99","0.002095","0.011039","0.012638","776","3742443696.760","5756300550.020"
"32","2019-45","5","1301965010","52087938284.00","-0.021432","-0.007675","-0.003410","51","91579759.770","680161235.120"
"4","2019-45","5","83828367038","879005706293.39","0.000286","0.004589","0.005477","1392","13214320827.070","16598390332.430"
"2","2019-46","5","53380172","40549130.00","-0.042354","-0.032015","-0.031997","49","11199168.760","13678640.030"
"8","2019-46","5","38261556","162345377.22","-0.023125","-0.018062","-0.020432","45","53164652.620","61611574.950"
"1","2019-46","5","66997364564","712960256217.00","-0.033462","-0.024255","-0.024626","1484","28133615279.890","32273232014.170"
"16","2019-46","5","29018924075","407726038843.74","-0.029545","-0.022027","-0.021888","777","3662060998.780","5630606525.110"
"32","2019-46","5","1156856308","43198202162.00","-0.047042","-0.039492","-0.033300","53","90906636.370","670376244.980"
"4","2019-46","5","75076503790","772433229799.05","-0.031091","-0.027741","-0.027271","1394","12875321598.490","16155819192.830"
"1","2019-47","5","66789821115","732682616646.00","0.008879","-0.001515","-0.001929","1485","28202067981.870","32214125910.080"
"2","2019-47","5","57428970","46501904.00","-0.003194","-0.009028","-0.012887","49","11098060.820","13502352.290"
"8","2019-47","5","38976076","167925436.83","0.000942","0.002410","0.003395","45","53292784.210","61820793.740"
"16","2019-47","5","31743805558","456068150717.35","0.012396","0.002933","0.001851","781","3682129231.330","5663321704.390"
"32","2019-47","5","1081778205","46427834565.00","-0.047660","-0.049275","-0.050554","56","97563521.280","707806554.590"
"4","2019-47","5","78549824162","804986815194.67","0.012957","0.000892","0.001268","1394","12915380832.030","16186948630.130"
"1","2019-48","5","71596920022","712424568211.00","-0.003904","-0.003624","-0.004471","1487","28134565249.640","32166616498.250"
"2","2019-48","5","125784807","107885156.00","-0.067149","-0.059644","-0.069022","49","10436126.730","12570384.110"
"8","2019-48","5","48395714","230244247.11","-0.020060","-0.018351","-0.012554","45","51659887.770","60938340.650"
"16","2019-48","5","26695186546","375875965363.80","-0.016974","-0.014466","-0.015869","784","3633514300.500","5589294820.110"
"32","2019-48","5","736268457","26985842664.00","0.004297","-0.003348","-0.005201","56","97236820.420","704124760.340"
"4","2019-48","5","74690705070","712465781087.96","-0.005314","-0.004280","-0.005884","1393","12842218861.560","16063821213.220"
"1","2019-49","5","64683582029","689874621691.00","0.021090","0.012367","0.013820","1484","28482580597.730","32605915350.280"
"2","2019-49","5","68660251","49099353.00","0.023336","0.025244","0.028484","49","10682331.980","12893201.110"
"8","2019-49","5","55707907","245652319.01","-0.001312","0.014134","0.013392","45","52390096.990","61754438.250"
"16","2019-49","5","28805969891","406787290104.32","0.037681","0.039002","0.040936","785","3785340251.170","5823950735.490"
"32","2019-49","5","784775176","29533740130.00","-0.015460","-0.003958","0.001931","61","100178812.460","720081588.950"
"4","2019-49","5","74996923875","752110099830.07","0.025441","0.026458","0.026087","1392","13178094742.930","16489304513.500"
"1","2019-50","5","84356937164","872486406875.00","0.012880","0.018296","0.019217","1485","29049790975.690","33609630395.050"
"2","2019-50","5","68016730","51592982.00","0.021269","0.010187","0.012431","49","10791159.600","13053488.660"
"8","2019-50","5","79256390","246844855.68","-0.012776","0.002155","0.001348","46","53274677.110","62608772.570"
"16","2019-50","5","38495620572","529891359876.88","0.021731","0.021161","0.021062","785","3855442966.610","5922929795.910"
"32","2019-50","5","1595146194","58111032548.00","0.079746","0.080490","0.081268","65","112049903.030","796533491.350"
"4","2019-50","5","95025736243","947466648325.55","0.011844","0.011998","0.009796","1394","13372637633.830","16721510599.980"
"1","2019-51","5","115823297025","1188823324383.00","0.026155","0.010627","0.012682","1490","29389729279.910","34107115192.130"
"2","2019-51","5","145917304","103597671.00","0.050526","0.034863","0.034604","49","11167380.200","13505198.060"
"8","2019-51","5","148150392","545099362.96","0.024240","0.031290","0.026688","46","54941679.050","64279715.950"
"16","2019-51","5","50602099018","670736353616.23","0.033165","0.020133","0.017895","784","3933490543.170","6025624569.380"
"32","2019-51","5","1299193978","53374496613.00","0.059988","0.050273","0.042564","67","120056456.270","841643403.240"
"4","2019-51","5","134405792733","1276980443587.01","0.031333","0.025710","0.026450","1395","13728922308.450","17239342430.840"
"1","2019-52","5","96219095011","979725859477.00","0.001381","0.000976","0.000455","1490","29445878230.270","34140487194.300"
"2","2019-52","5","84714513","57748730.00","-0.006338","-0.001057","0.002398","49","11155576.770","13537585.860"
"8","2019-52","5","96237533","365302651.26","0.016329","0.018285","0.018608","46","55946314.690","65475845.760"
"16","2019-52","5","40586945953","568751482649.29","0.000852","-0.004272","-0.000874","785","3939769262.280","6045919962.180"
"32","2019-52","5","1090600390","49034105467.00","-0.001236","0.000870","0.003939","69","123526969.010","859744570.170"
"4","2019-52","5","110375401157","1020166022975.21","0.001694","0.000828","-0.001207","1397","13845631926.350","17235467364.350"
"1","2019-53","2","46171513416","478857527864.00","0.014710","0.015118","0.015042","1490","29910275420.820","34679557702.790"
"2","2019-53","2","42161049","37115367.00","-0.000352","0.010203","0.008654","49","11269404.260","13654751.920"
"8","2019-53","2","42276354","183748039.34","0.006316","0.016334","0.014931","46","56861247.890","66454553.420"
"16","2019-53","2","14951405146","210568615729.88","0.005024","0.010677","0.010590","786","4010768411.810","6122403362.370"
"32","2019-53","2","335880692","15030099381.00","0.000466","0.001075","0.000469","70","124588684.940","863763629.250"
"4","2019-53","2","45587070321","438811485726.77","0.009673","0.017213","0.016320","1397","14108553520.850","17531426435.320"
"2","2020-01","2","43733152","35844768.00","0.023295","0.019239","0.020005","49","11486223.470","13927918.940"
"32","2020-01","2","435443624","18992472142.00","0.031369","0.021203","0.025906","70","127230434.610","886140682.190"
"8","2020-01","2","46743862","234511694.67","0.013396","0.010594","0.011349","46","57461855.230","67206973.130"
"4","2020-01","2","56038497313","550341740880.68","0.024364","0.020989","0.021149","1397","14405349519.520","17906367195.580"
"16","2020-01","2","20658775737","279200614588.26","0.029295","0.026185","0.024940","786","4116640809.490","6276170896.650"
"1","2020-01","2","54917510695","597945879191.00","0.020708","0.010320","0.011022","1489","30243984901.780","35058648140.160"
"2","2020-02","5","106909954","86522314.00","0.006378","0.006412","0.012218","49","11559877.500","14098101.190"
"32","2020-02","5","1390545580","61119074925.00","0.054872","0.053379","0.047413","72","136119198.120","937814882.770"
"8","2020-02","5","102912243","451233703.41","0.011021","0.017823","0.016138","46","58486013.560","68291564.620"
"4","2020-02","5","148909836606","1455790400654.44","0.019518","0.015915","0.016029","1398","14648394022.410","18206508429.200"
"16","2020-02","5","57880152251","767109112308.02","0.030062","0.035165","0.035847","789","4274810635.990","6509514644.180"
"1","2020-02","5","132593506184","1377408889924.00","0.013248","0.002337","0.002696","1488","30367932278.660","35158739717.210"
"2","2020-03","5","90626798","89560931.00","-0.005433","-0.012583","-0.016509","48","11332064.360","13783324.950"
"32","2020-03","5","1710807192","80689463217.00","0.123154","0.149098","0.175565","74","158787749.610","1121327527.700"
"8","2020-03","5","92812377","468384932.67","0.003427","0.010958","0.013080","45","59081625.680","68892366.700"
"4","2020-03","5","119915405509","1275838691849.10","-0.005394","0.001320","0.001836","1395","14712826411.810","18259856841.020"
"16","2020-03","5","47651135414","682910610415.25","0.003281","0.011228","0.013351","790","4332693896.780","6598580038.050"
"1","2020-03","5","101857323077","1160785774174.00","-0.003915","-0.007045","-0.005441","1492","30213346927.040","35316962796.460"
"2","2020-04","4","97927096","91457293.00","-0.035635","-0.044474","-0.043209","49","10907764.860","13267541.170"
"32","2020-04","4","1863005511","93739027706.00","-0.018055","-0.023818","-0.018989","79","171236075.190","1172186228.810"
"8","2020-04","4","98718967","463570407.58","-0.026598","-0.028934","-0.031300","45","57372093.200","66736020.410"
"4","2020-04","4","100857552816","1102420606259.33","-0.037122","-0.034495","-0.033402","1399","14363344320.930","17668513312.630"
"16","2020-04","4","41458794000","620506856670.38","-0.026926","-0.011648","-0.010415","790","4299480310.810","6526508965.240"
"1","2020-04","4","92233085243","1068968870778.00","-0.039001","-0.034414","-0.031326","1494","29310956815.460","34216115957.040"
"2","2020-06","5","212598580","179470126.00","-0.076594","-0.061673","-0.064301","49","10235043.820","12414423.190"
"32","2020-06","5","2786772884","140114291270.00","0.092769","0.096359","0.095821","80","191444238.210","1300828035.860"
"8","2020-06","5","189918643","964240103.23","-0.064529","-0.057398","-0.059240","45","54047358.880","62782547.760"
"4","2020-06","5","151879348294","1586329771918.41","-0.038093","-0.024619","-0.024311","1400","14029572909.780","17258579463.940"
"16","2020-06","5","61171814870","856469690558.28","-0.008159","0.020739","0.023331","790","4426962042.280","6681546881.430"
"1","2020-06","5","148559819596","1559888521447.00","-0.043590","-0.033812","-0.032979","1496","28360785078.890","33154320241.650"
"2","2020-07","5","100507975","92151529.00","-0.001956","0.007826","0.007331","49","10315146.020","12505443.400"
"32","2020-07","5","2718856502","149831577933.00","0.013938","0.008185","0.017182","84","201240151.470","1373490622.380"
"8","2020-07","5","129664147","547316567.35","0.003508","0.009316","0.007733","45","54550847.340","63268044.140"
"4","2020-07","5","154632843422","1623539931779.49","0.021810","0.025106","0.025362","1400","14394152310.820","17707696215.610"
"16","2020-07","5","63360648270","937334215302.54","0.019158","0.024698","0.024482","794","4546550640.580","6861842446.460"
"1","2020-07","5","131009337511","1434143861320.00","0.018838","0.015382","0.015488","1496","28831557060.290","33670764985.390"
"2","2020-08","5","137112509","100183305.00","0.051359","0.041829","0.040943","49","10746619.150","13017459.170"
"32","2020-08","5","2335640919","147081200594.00","-0.003169","-0.005460","-0.017127","89","219532751.820","1445771812.560"
"8","2020-08","5","177909017","762345538.22","0.034851","0.038017","0.040704","45","56624723.910","65843361.950"
"4","2020-08","5","193312806757","2054187225122.06","0.076955","0.064732","0.065798","1400","15333457632.280","18873570978.230"
"16","2020-08","5","76416384943","1178383956128.74","0.099706","0.089458","0.088590","795","4967272228.800","7472737912.080"
"1","2020-08","5","162556769342","1834386593134.00","0.067091","0.039316","0.042635","1496","30007065128.260","35109890082.280"
"2","2020-09","5","168509130","141532479.00","-0.045634","-0.057900","-0.064120","49","10124380.680","12182771.430"
"32","2020-09","5","2399230833","141268143750.00","-0.112941","-0.116312","-0.118973","91","208287507.050","1342666472.900"
"8","2020-09","5","224689019","848812020.74","-0.034919","-0.039805","-0.038589","45","54370724.330","63302484.120"
"4","2020-09","5","232329504787","2497375329707.14","-0.048831","-0.048740","-0.049179","1400","14596820745.750","17945740202.230"
"16","2020-09","5","87460859856","1343332604314.01","-0.065494","-0.070832","-0.071267","795","4622622756.010","6940430651.000"
"1","2020-09","5","200716552918","2146423028183.00","-0.052077","-0.049899","-0.052412","1498","28558161351.130","33335062956.150"
"2","2020-10","5","146687135","113592480.00","0.048504","0.053418","0.055632","49","10665208.780","12860531.580"
"32","2020-10","5","2149602838","110947888890.00","0.053095","0.041750","0.036201","91","217046160.360","1391272837.630"
"8","2020-10","5","126163037","606801133.91","0.024090","0.022630","0.021622","45","55601173.420","64671246.490"
"4","2020-10","5","205427792148","2178909926253.15","0.085217","0.062368","0.062508","1400","15520112428.780","19074994193.800"
"16","2020-10","5","72379133957","1052998501460.34","0.079730","0.062601","0.064637","795","4917038973.330","7389016867.200"
"1","2020-10","5","191530413240","1982607028275.00","0.085327","0.053376","0.054154","1499","30097539333.710","35145298886.430"
"2","2020-11","5","164820653","121385326.00","-0.041378","-0.056353","-0.057737","49","10064191.960","12118003.170"
"32","2020-11","5","1837482589","88752121471.00","-0.074645","-0.068866","-0.063052","91","202098875.640","1303549217.910"
"8","2020-11","5","136112330","552380446.56","-0.041773","-0.059446","-0.057368","45","52295899.400","60961138.400"
"4","2020-11","5","200085786486","2007438651777.09","-0.051265","-0.060715","-0.060241","1400","14589139402.120","17926492349.890"
"16","2020-11","5","68816367057","973820492089.16","-0.046478","-0.059572","-0.061747","797","4636366622.830","6951943656.220"
"1","2020-11","5","181453421350","1873562755069.00","-0.048547","-0.048901","-0.048214","1495","28632086741.600","33462316425.080"
"2","2020-12","5","152171747","115073071.00","-0.028191","-0.030617","-0.026888","49","9756047.810","11792173.580"
"32","2020-12","5","1429441812","75913795777.00","-0.043063","-0.042155","-0.039440","92","195651039.090","1261185250.830"
"8","2020-12","5","117151344","532773053.52","-0.051539","-0.068583","-0.067956","45","48709230.650","56818378.130"
"4","2020-12","5","164280784932","1671339155420.81","-0.036043","-0.056382","-0.054495","1401","13776560635.340","16969688297.890"
"16","2020-12","5","59053306841","856714054444.39","-0.034209","-0.048785","-0.046258","798","4432655648.930","6628370988.840"
"1","2020-12","5","148769431230","1552632906292.00","-0.034314","-0.047512","-0.049371","1496","27226827138.540","31685179682.480"
"2","2020-13","5","99070710","80764287.00","-0.019674","-0.015377","-0.017692","49","9606023.520","11583538.020"
"32","2020-13","5","1210093346","60221412875.00","-0.051999","-0.053456","-0.054857","94","188352199.800","1207295472.930"
"8","2020-13","5","86135504","380286953.28","-0.010039","-0.007974","-0.006540","45","48320750.570","56446717.780"
"4","2020-13","5","142349263259","1386792332781.32","-0.008873","-0.003786","-0.004134","1400","13747676573.440","16901427658.800"
"16","2020-13","5","49696144381","697994409286.31","-0.021201","-0.017265","-0.012549","798","4368421254.920","6546045103.630"
"1","2020-13","5","124174309415","1281729004622.00","-0.003398","0.012726","0.009748","1499","27673869483.590","32151897161.430"
"2","2020-14","5","70034147","50697591.00","-0.022495","-0.013171","-0.011593","49","9479491.960","11449246.620"
"32","2020-14","5","962261532","49062368586.00","-0.020984","-0.012866","-0.005650","94","186231022.970","1200473863.800"
"8","2020-14","5","97953330","300808943.52","-0.009752","-0.004483","-0.008593","45","48104108.410","55961622.110"
"4","2020-14","5","124242988119","1230033698137.89","-0.011631","-0.001397","-0.001310","1401","13769417576.640","16915654076.050"
"16","2020-14","5","40988183659","571713208409.22","-0.016244","-0.004675","-0.004582","801","4374484079.700","6533974838.950"
"1","2020-14","5","108393775133","1098337223613.00","-0.009199","-0.003098","-0.002974","1498","27647692526.660","32119225926.420"
"2","2020-15","4","63742322","47864085.00","0.001792","0.007411","0.003959","49","9549749.730","11494576.110"
"32","2020-15","4","799683886","38676566832.00","0.001626","-0.012812","-0.017671","96","186299088.710","1190829132.050"
"8","2020-15","4","91227494","286916876.09","0.002697","0.016185","0.010496","45","48882694.800","56548992.900"
"16","2020-15","4","41711852871","573695349715.96","0.022020","0.019902","0.019813","800","4462827971.560","6660493006.020"
"4","2020-15","4","115289701750","1123817118232.99","0.022115","0.018426","0.018203","1401","14022851935.320","17271485718.730"
"1","2020-15","4","97671883987","994539858024.00","0.019160","0.012340","0.011819","1499","28000106706.300","32493824529.510"
"2","2020-16","5","70217257","54541159.00","-0.010372","-0.013662","-0.015171","49","9419278.150","11320185.350"
"32","2020-16","5","898153796","43960581018.00","0.027387","0.040704","0.046385","97","195313626.550","1262093052.590"
"8","2020-16","5","77739400","286696810.10","-0.011496","0.006966","0.004054","45","49243048.620","56778297.690"
"16","2020-16","5","46535819299","646480795541.78","0.011591","0.026229","0.025975","799","4588989692.870","6824753113.700"
"4","2020-16","5","129113300413","1276158229350.23","0.003975","0.013133","0.013605","1404","14214522993.700","17523244049.090"
"1","2020-16","5","102449908141","1097471143781.00","0.006426","0.014805","0.014985","1502","28453466303.750","33000149026.040"
"2","2020-17","5","74902360","49992275.00","-0.019937","-0.012078","-0.014895","49","9305503.140","11151569.330"
"32","2020-17","5","2032073427","62129870135.00","0.042322","0.035765","0.032923","98","207382051.680","1331673010.180"
"8","2020-17","5","127530053","404433049.93","0.005199","-0.004386","-0.000713","45","49027021.040","56737757.450"
"16","2020-17","5","49228039682","649314884662.52","-0.013914","-0.012545","-0.011663","804","4567752955.360","6765585245.110"
"4","2020-17","5","130650352686","1296641101484.10","-0.004793","-0.006223","-0.006023","1405","14163774623.530","17432271571.840"
"1","2020-17","5","112529730265","1159545603182.00","-0.005274","-0.009924","-0.010574","1502","28184722838.440","32680189438.420"
"2","2020-18","4","90840154","62768278.00","-0.011904","0.015150","0.010665","49","9446487.970","11270510.700"
"32","2020-18","4","1494213440","60862600906.00","-0.013680","0.019030","0.021175","100","215881683.530","1389561213.720"
"8","2020-18","4","102200958","279121727.17","-0.008871","0.005010","0.005733","45","49191733.620","56982120.330"
"16","2020-18","4","34901406571","477727835025.81","-0.007614","0.016977","0.016466","804","4662452851.530","6884588070.280"
"4","2020-18","4","99335976155","968479834339.25","-0.012044","0.015133","0.014743","1408","14391338305.130","17700540304.340"
"1","2020-18","4","89267027455","934682595494.00","-0.004658","0.017361","0.018368","1504","28690598331.510","33295220273.380"
"2","2020-19","3","80101482","46586340.00","-0.007947","0.001788","-0.001877","49","9463378.270","11249353.130"
"32","2020-19","3","1571294314","67778353432.00","0.077172","0.069600","0.070200","101","233088661.190","1492413096.270"
"8","2020-19","3","52448393","194401504.47","-0.005101","0.013034","0.009600","45","49832805.460","57529184.190"
"16","2020-19","3","26299739680","401144879929.42","0.034288","0.031236","0.031861","803","4810977752.460","7104404256.880"
"4","2020-19","3","78686807952","825422472679.42","0.023601","0.023481","0.024111","1404","14658191028.890","18055721250.980"
"1","2020-19","3","68687168988","780953115347.00","0.022270","0.011869","0.013090","1500","29017226784.850","33700074731.420"
"2","2020-20","5","220229109","124495986.00","-0.111171","-0.071647","-0.074230","49","8785350.820","10414304.080"
"32","2020-20","5","2101093863","97363433288.00","0.036063","0.036736","0.038522","102","243519811.490","1569480380.310"
"8","2020-20","5","116602861","703573967.61","-0.058649","0.004407","-0.005064","44","49741203.270","56778292.210"
"16","2020-20","5","41260291236","622283541936.89","0.003744","0.003184","0.005264","805","4828693546.020","7191980257.080"
"4","2020-20","5","118586668165","1261156837919.08","-0.002008","-0.002666","-0.001823","1406","14645591080.260","18044612936.110"
"1","2020-20","5","97081126865","1120244217585.00","-0.001604","-0.010069","-0.008604","1501","28773506783.080","33421499482.860"
"2","2020-21","5","176112462","103604303.00","0.026961","0.060250","0.063434","48","8684830.480","10310842.400"
"32","2020-21","5","2470346120","126021728551.00","-0.038008","-0.025070","-0.025716","105","243192466.870","1550547800.610"
"8","2020-21","5","89204656","458287623.09","0.019173","0.007699","0.017102","44","49997321.870","57622495.960"
"16","2020-21","5","41485586094","660871728044.30","-0.033602","-0.040022","-0.036375","807","4668832206.800","6935278124.680"
"4","2020-21","5","122281111984","1307292570018.29","-0.025253","-0.028000","-0.027979","1406","14232707548.160","17529523663.900"
"1","2020-21","5","101989643531","1183586837456.00","-0.019092","-0.017254","-0.018819","1501","28282473231.200","32805269298.720"
"2","2020-22","5","181801541","112402429.00","0.034828","0.069671","0.124568","49","8786157.960","10565571.350"
"32","2020-22","5","2116604475","102170777265.00","0.039675","0.034542","0.030832","105","251528786.710","1598082613.370"
"8","2020-22","5","86454895","1004967474.64","0.013177","-0.003754","-0.001418","44","49807980.310","57539128.050"
"16","2020-22","5","38032932525","570226112992.97","0.018631","0.020411","0.023876","808","4766124575.300","7098258529.890"
"4","2020-22","5","101666859425","1062810274539.26","0.022147","0.017010","0.017901","1405","14465412465.690","17817686029.440"
"1","2020-22","5","93695203107","1007542690500.00","0.023507","0.013984","0.014670","1504","28678241056.840","33295394179.060"
"2","2020-23","5","171765404","135048934.00","0.031520","0.040002","0.045526","49","9132032.220","11040994.070"
"32","2020-23","5","2495985004","129442487395.00","0.081404","0.053825","0.050866","106","266654668.980","1685137255.920"
"8","2020-23","5","80874940","398755758.20","0.032665","0.012453","0.020181","45","50694952.610","59119092.240"
"4","2020-23","5","143266423935","1462888534159.66","0.036931","0.040153","0.038579","1407","14900151651.740","18355481241.520"
"16","2020-23","5","49662890927","720701292161.96","0.050264","0.046982","0.042042","810","5004113080.260","7406160435.030"
"1","2020-23","5","118925712140","1279348302628.00","0.032595","0.027407","0.028357","1504","29456364711.250","34293748221.570"
"2","2020-24","5","129839408","96568580.00","0.019236","0.025662","0.023258","49","9102656.860","11034064.450"
"32","2020-24","5","2487729731","115639623298.00","-0.029976","-0.020188","-0.021223","110","271567677.840","1708036439.400"
"8","2020-24","5","88419173","325396359.58","-0.014025","-0.005316","-0.006419","45","50354815.850","58649466.150"
"4","2020-24","5","124778230183","1301504739097.05","-0.002205","0.002639","0.003523","1408","15055300851.470","18551266585.800"
"16","2020-24","5","46947060828","704776185891.76","0.005205","0.017133","0.017522","809","5100662997.860","7522538749.600"
"1","2020-24","5","109165481152","1217015068449.00","-0.001405","-0.001679","-0.000809","1506","29388728952.450","34264887729.240"
"2","2020-25","5","141285984","111782421.00","0.032834","0.033750","0.038906","48","9364512.250","11404505.430"
"32","2020-25","5","2517551151","122065874332.00","0.030321","0.027099","0.027805","112","286170291.720","1799186828.700"
"8","2020-25","5","105487389","306703340.91","0.006231","0.010794","0.010621","45","50838891.960","59212954.090"
"4","2020-25","5","132336424147","1467612420399.50","0.020603","0.029078","0.029640","1408","15481388078.020","19087790115.780"
"16","2020-25","5","54621131521","829577927753.14","0.026427","0.039861","0.039236","814","5337702504.490","7837654526.830"
"1","2020-25","5","119758946877","1327916039996.00","0.022264","0.017936","0.018474","1507","29894456581.760","34871251915.950"
"2","2020-26","3","79958866","56990454.00","-0.003802","-0.000332","-0.002389","48","9360763.000","11376617.380"
"8","2020-26","3","42070523","182647650.24","0.005492","0.011144","0.009190","45","51120021.440","59471714.580"
"32","2020-26","3","1928970508","94287932182.00","0.037726","0.060721","0.066818","115","310466336.510","1968078379.740"
"4","2020-26","3","75345090874","867758288782.03","-0.005132","0.004909","0.004764","1409","15515089473.340","19149751613.940"
"16","2020-26","3","29595019563","499420567869.20","0.004761","0.019289","0.018266","813","5448448902.300","7973276214.900"
"1","2020-26","3","68620748108","853724234433.00","-0.003017","0.005567","0.005885","1507","30001962513.810","35016589513.600"
"2","2020-27","5","159943480","117238121.00","0.054539","0.053546","0.053664","47","9841162.400","11901003.140"
"8","2020-27","5","101032203","404542602.38","0.023018","0.024006","0.021300","45","52253976.950","60645232.980"
"32","2020-27","5","2907353934","151748218145.00","0.022041","0.023696","0.017614","118","321244617.530","2015891829.400"
"4","2020-27","5","151087556510","1749787878008.10","0.041595","0.057676","0.055011","1408","16471766408.010","20212115820.310"
"16","2020-27","5","53523197010","896986019827.97","0.037160","0.034777","0.033410","816","5700479223.790","8258564203.490"
"1","2020-27","5","152814195653","1822212572090.00","0.043290","0.061572","0.061722","1510","31791297484.290","37137230559.190"
"2","2020-28","5","405349276","298479426.00","0.154057","0.178756","0.166945","48","10596143.720","12882548.270"
"8","2020-28","5","217106883","900325934.07","0.067619","0.030751","0.032305","45","53371902.050","62019490.550"
"32","2020-28","5","4518147901","255065577388.00","0.139757","0.163129","0.160282","123","392100118.110","2449741844.020"
"4","2020-28","5","272277084363","3079048339632.42","0.090091","0.094200","0.093706","1409","18018685069.070","22125163422.610"
"16","2020-28","5","85867361430","1438270276392.58","0.109314","0.122927","0.124904","819","6409813654.660","9298834362.760"
"1","2020-28","5","301568761220","3412030087146.00","0.083906","0.075177","0.077992","1513","34128647053.520","39930003244.010"
"2","2020-29","5","319667482","215042562.00","-0.043210","-0.031564","-0.033887","48","10181672.980","12365989.420"
"8","2020-29","5","188517728","810793799.35","-0.021671","-0.015384","-0.016567","45","52468145.730","60909296.140"
"32","2020-29","5","5033984670","336337554182.00","-0.110024","-0.121170","-0.121919","130","441380280.990","2425333523.750"
"4","2020-29","5","242563045425","2887388214909.11","-0.035787","-0.038778","-0.038281","1408","17321164395.780","21280149275.860"
"16","2020-29","5","79392068865","1417191170358.91","-0.046633","-0.049247","-0.046480","824","6131164338.250","8879130086.100"
"1","2020-29","5","238997792361","2927614300587.00","-0.038026","-0.044114","-0.046156","1511","32305522959.950","37738024198.190"
"2","2020-30","5","208161373","156205592.00","0.016786","0.011632","0.009683","48","10221994.030","12407618.160"
"8","2020-30","5","120836674","499646837.52","-0.011142","-0.011863","-0.011441","45","51821635.390","60188299.780"
"32","2020-30","5","4576445946","288712330883.00","-0.057780","-0.054942","-0.050732","140","615179057.020","2595270920.750"
"4","2020-30","5","192248829615","2242761501128.77","0.000223","-0.008861","-0.009637","1406","17238447583.110","21065287030.650"
"16","2020-30","5","63913566477","1127521871934.22","0.001335","-0.009289","-0.008405","829","6089630234.410","8849627667.790"
"1","2020-30","5","195739312291","2414877390210.00","0.002926","-0.001684","-0.003243","1511","32321022069.940","37667024975.420"
"2","2020-31","5","131998828","104310268.00","0.043690","0.030965","0.027225","48","10431056.590","12637957.210"
"8","2020-31","5","77038842","338349652.91","0.031840","0.030871","0.028150","44","53335822.490","61751930.900"
"32","2020-31","5","3493566140","230514889265.00","0.071497","0.097988","0.083296","143","687919672.670","2869285261.100"
"4","2020-31","5","159661025029","1887605680586.08","0.049368","0.052009","0.052564","1407","18133938332.640","22157350150.170"
"16","2020-31","5","58526580883","1005783416987.17","0.057997","0.062507","0.063182","830","6480843861.440","9418392170.670"
"1","2020-31","5","157182839312","1986707646913.00","0.042586","0.033977","0.035121","1518","33630806508.220","39174547963.500"
"64","2020-31","5","670204970","9050967518.00","","","","32","27835648.930","85164263.480"
"2","2020-32","5","168552070","135370952.00","0.037559","0.049419","0.041366","48","10564943.170","12779142.220"
"8","2020-32","5","87006368","408912524.86","-0.000581","0.000293","0.000398","44","53204367.070","61629413.410"
"32","2020-32","5","3900388768","274156670943.00","0.000790","-0.003799","-0.016935","145","690199019.660","2840799050.580"
"4","2020-32","5","199535742449","2381642089708.75","0.024492","0.011377","0.012168","1408","18373416243.320","22433833274.460"
"16","2020-32","5","68818582791","1239479657802.75","0.018628","-0.001548","-0.003845","831","6489483648.140","9391200867.600"
"1","2020-32","5","201415517969","2560709643651.00","0.025131","0.013770","0.014322","1523","34117175899.060","39775194603.560"
"64","2020-32","5","235642772","3262730167.00","-0.053703","-0.060162","-0.071056","32","26160975.710","79112801.230"
"2","2020-33","5","115965740","99070675.00","-0.002598","-0.006138","-0.008979","48","10500089.260","12664386.800"
"8","2020-33","5","61832398","281291874.74","-0.000489","-0.001511","-0.000329","44","53123913.770","61609117.950"
"32","2020-33","5","2738394588","192850584452.00","-0.015716","-0.029411","-0.034386","151","709370349.100","2882995918.010"
"4","2020-33","5","161885675051","1914639937776.35","-0.001115","-0.004150","-0.006220","1411","18320965572.010","22340368768.420"
"16","2020-33","5","54342643533","915782152322.79","-0.010187","-0.025151","-0.027018","831","6334392644.460","9138134203.700"
"1","2020-33","5","176190734582","2082927450910.00","-0.000589","0.003382","0.002592","1523","34236077489.130","39881586350.080"
"64","2020-33","5","86315877","1301082775.00","-0.013679","0.034730","0.028928","32","27072307.500","81401448.600"
"2","2020-34","5","180697036","119034479.00","0.024248","0.031844","0.032967","49","10803702.220","13051218.470"
"8","2020-34","5","102556819","421840062.98","0.007293","0.014183","0.010164","44","53773855.240","62131786.780"
"32","2020-34","5","3483993292","186579345322.00","-0.035985","-0.040891","-0.042082","159","698189181.330","2918340942.240"
"4","2020-34","5","165483920872","1883429997343.75","0.007045","0.006079","0.005777","1409","18433038023.500","22481542695.530"
"1","2020-34","5","180749216761","2104431187333.00","0.013241","0.006937","0.006978","1532","34506862495.930","40188127416.030"
"16","2020-34","5","56186256781","872671277783.37","0.005173","-0.007147","-0.005334","830","6287267564.830","9081899798.630"
"64","2020-34","5","67819579","955620830.00","-0.041032","-0.044090","-0.050622","32","25878680.330","77280694.830"
"2","2020-35","5","246184042","251745219.00","0.008875","0.026612","0.015840","48","11084136.480","13238677.330"
"8","2020-35","5","82492705","429000571.29","-0.003215","0.015809","0.013885","44","54624002.980","62994494.150"
"32","2020-35","5","2913094792","159883171264.00","-0.031929","-0.035616","-0.045558","164","684047108.440","2859077417.380"
"4","2020-35","5","129489062074","1534560483977.25","-0.007811","0.014538","0.013769","1412","18741824566.380","22806005157.640"
"1","2020-35","5","131462441222","1618507608284.00","-0.005151","0.009762","0.007051","1532","34877641982.150","40504985706.860"
"16","2020-35","5","89442688107","1288300790879.17","0.059409","0.053306","0.052228","848","6684925955.930","9806582558.160"
"64","2020-35","5","72810176","1005811894.00","0.035300","0.040885","0.031838","32","26923685.090","79718458.970"
"2","2020-36","5","215144134","169603210.00","0.015357","0.011778","0.008997","48","11214696.260","13357793.420"
"8","2020-36","5","93867069","514867216.05","-0.004823","-0.014677","-0.011391","44","53822263.820","62276894.810"
"32","2020-36","5","2504206464","145333206299.00","0.001621","0.002420","0.001507","170","695390309.480","2907170633.080"
"4","2020-36","5","122902243970","1491192464660.94","-0.004647","-0.015830","-0.014901","1413","18464152717.730","22474821887.580"
"1","2020-36","5","128180878130","1621804664869.00","-0.005399","-0.014232","-0.014156","1536","34541290739.390","39962065389.190"
"16","2020-36","5","105855246938","1375815147517.12","0.049031","0.016130","0.011780","848","6794462488.610","9922919934.530"
"64","2020-36","5","55846852","799792217.00","-0.018502","-0.031221","-0.040304","32","26083089.520","76505411.440"
"2","2020-37","5","204656314","161197275.00","-0.013835","-0.022597","-0.019279","48","10961275.890","13100263.130"
"8","2020-37","5","79982612","351312987.82","0.011031","0.006153","0.008478","44","54153458.570","62804943.030"
"32","2020-37","5","2569513831","136808117196.00","-0.077539","-0.082416","-0.073981","173","645276694.460","2718219953.040"
"4","2020-37","5","128622021514","1343851063780.25","-0.043098","-0.045411","-0.046954","1412","17627344496.700","21427365125.850"
"1","2020-37","5","138962252327","1445622591540.00","-0.041579","-0.024282","-0.027726","1540","33753425135.730","38881551592.870"
"16","2020-37","5","133972849402","1612244482252.87","-0.076689","-0.074608","-0.074341","849","6306261409.450","9210406916.260"
"64","2020-37","5","55979579","684757390.00","-0.057008","-0.067168","-0.070468","32","24331120.380","71114185.880"
"2","2020-38","5","131742791","105664067.00","0.004291","0.015357","0.014199","48","11129617.140","13286280.330"
"8","2020-38","5","74945280","332860584.36","0.015984","0.009635","0.011787","43","54184036.780","62098062.440"
"32","2020-38","5","2739890226","134519681055.00","0.071879","0.074705","0.068409","175","696697992.450","2919135649.640"
"4","2020-38","5","98853366219","1131956128039.73","0.019474","0.021115","0.020578","1413","17990620932.620","21862663729.980"
"1","2020-38","5","104252833088","1244349320932.00","0.021347","0.022617","0.023399","1543","34518566977.750","39825813376.560"
"16","2020-38","5","92066515190","1256710639528.81","0.053317","0.034756","0.037700","856","6539682031.930","9628084393.210"
"64","2020-38","5","28631337","383421350.00","0.022776","0.054221","0.063566","32","25692982.530","75623216.290"
"2","2020-39","5","91007760","74549652.00","-0.019883","-0.017363","-0.017591","48","10936371.910","13052557.470"
"8","2020-39","5","73335838","307296078.79","-0.014564","-0.026496","-0.021255","44","53222008.600","62178077.700"
"32","2020-39","5","2580951032","130568374734.00","-0.041023","-0.039922","-0.041725","179","682800084.910","2847006701.970"
"4","2020-39","5","92448233733","1040113650416.85","-0.039807","-0.037195","-0.036460","1423","17394763397.160","21134379895.070"
"1","2020-39","5","94453506843","1145409163910.00","-0.038021","-0.035228","-0.035099","1543","33236111285.710","38363438482.580"
"16","2020-39","5","72708884744","1049952268943.09","-0.048371","-0.033901","-0.029920","861","6344893062.120","9379069412.020"
"64","2020-39","5","22404907","305156330.00","-0.029303","-0.036415","-0.042044","32","24726245.510","72356306.020"
"2","2020-40","3","58201578","48350199.00","-0.010748","0.002260","0.001684","48","10961091.450","13074545.110"
"8","2020-40","3","33431173","141234213.84","0.003561","0.004261","0.007756","44","53448799.880","62660383.650"
"32","2020-40","3","1280190647","64052241100.00","-0.006384","0.003986","0.003096","183","722897856.690","2875367874.180"
"4","2020-40","3","44040937334","521495091811.73","-0.009091","0.001411","0.001667","1425","17451256827.760","21189590761.040"
"1","2020-40","3","44745318715","558361451264.00","-0.010505","-0.000809","-0.001321","1548","33280890539.620","38381474868.300"
"16","2020-40","3","31611691542","480905506417.89","-0.008740","0.005455","0.005202","860","6355535499.050","9432165021.530"
"64","2020-40","3","15240574","208570109.00","0.008767","-0.003138","-0.004347","32","24655276.010","72019690.310"
"2","2020-41","1","21256097","23824578.00","0.012498","0.012193","0.012637","48","11094747.410","13239769.770"
"8","2020-41","1","27543419","103165227.53","0.005277","0.012764","0.011992","44","54131057.890","63411824.220"
"32","2020-41","1","492101467","24754719794.00","0.034432","0.033995","0.034932","183","747607463.320","2975810303.160"
"4","2020-41","1","18977685711","236030871593.91","0.028328","0.026128","0.026209","1425","17909721625.620","21745582406.550"
"1","2020-41","1","18319207209","239254076210.00","0.024366","0.016300","0.016684","1548","33823396787.110","39021845408.270"
"16","2020-41","1","12803203476","210985296191.77","0.042015","0.040339","0.041873","862","6632375883.500","9847829511.790"
"64","2020-41","1","11588626","186607563.00","0.038534","0.048696","0.046392","32","25934227.400","75360860.010"
"2","2020-42","5","127052431","146093888.00","0.003900","0.005456","0.008519","48","11155285.530","13352565.400"
"8","2020-42","5","76195929","349394666.61","0.000164","0.001549","0.001803","44","54214920.750","63526163.280"
"32","2020-42","5","2466479811","138190881087.00","0.009563","0.009493","0.009961","185","757743663.670","3018851403.130"
"4","2020-42","5","105465400419","1307344065032.83","0.010751","0.017833","0.017387","1425","18238856039.770","22149373952.790"
"1","2020-42","5","102259927363","1303481300211.00","0.016371","0.020718","0.020577","1553","34635911279.060","39942250093.590"
"16","2020-42","5","82367870897","1356289786449.45","0.051579","0.029380","0.034916","866","6858017272.460","10475290321.320"
"64","2020-42","5","75011148","1159518100.00","0.064390","0.054466","0.058309","32","27346933.160","79755122.720"
"2","2020-43","5","76209559","97364584.00","-0.019288","-0.021810","-0.022549","48","10911980.750","13051466.120"
"8","2020-43","5","64625571","308095890.33","-0.014351","-0.006971","-0.009247","44","53836941.350","62938702.550"
"32","2020-43","5","1884342212","116265112604.00","-0.055730","-0.065993","-0.066780","187","712829352.720","2836168691.220"
"4","2020-43","5","79321235772","1004226093359.34","-0.025029","-0.024424","-0.025856","1428","17809695360.350","21619210307.940"
"1","2020-43","5","87557386853","1127974740708.00","-0.021637","-0.014302","-0.015741","1554","34114997008.050","39321782313.940"
"16","2020-43","5","77430515872","1214797080331.85","-0.009035","-0.035940","-0.034164","867","6644425310.670","10137458978.170"
"64","2020-43","5","30795982","509024786.00","0.000623","-0.009379","-0.009446","32","27090427.300","79001693.740"
"2","2020-44","5","85200634","93983555.00","-0.022538","-0.015781","-0.022983","48","10739775.260","12751503.750"
"8","2020-44","5","81663909","424188717.11","-0.022094","-0.004877","-0.006065","44","53574357.600","62556970.230"
"32","2020-44","5","2112389892","124050220529.00","-0.004679","0.039876","0.026491","190","762717394.190","2925850518.680"
"4","2020-44","5","82727911227","1103046754058.20","-0.024734","-0.003947","-0.003042","1431","17754743772.910","21567755015.610"
"1","2020-44","5","88294581383","1192009135337.00","-0.025060","-0.017570","-0.017776","1556","33603484865.840","38673217024.300"
"16","2020-44","5","76951611068","1229050874041.34","-0.026575","-0.000603","0.001108","870","6656668068.510","10181917310.670"
"64","2020-44","5","30322912","542918998.00","-0.036673","-0.029304","-0.030956","32","26296548.710","76556045.170"
"2","2020-45","5","108933556","108593539.00","-0.006026","0.015946","0.014396","48","10911034.490","12935082.830"
"8","2020-45","5","90644144","395285581.17","0.007722","0.017303","0.015508","44","54501407.790","63527133.970"
"32","2020-45","5","2370140971","135355654705.00","0.028617","0.031120","0.032212","190","822596128.820","3020194183.440"
"4","2020-45","5","98579190566","1295241565873.26","0.027607","0.043290","0.041685","1433","18545093991.200","22483797311.880"
"1","2020-45","5","106746597780","1405467879384.00","0.027831","0.027211","0.027392","1557","34609969850.780","39894125696.040"
"16","2020-45","5","73821640420","1228009720760.88","0.025013","0.025847","0.030898","871","6837290067.230","10515064206.460"
"64","2020-45","5","31678654","476499349.00","-0.008536","-0.007679","-0.002441","32","26094605.380","76369157.750"
"2","2020-46","5","118807237","144382381.00","0.019498","0.007122","0.007534","47","10633187.520","12305655.870"
"8","2020-46","5","97046218","425974161.89","-0.004213","0.000631","0.001597","45","55135041.780","64228536.240"
"32","2020-46","5","2760453392","158951522316.00","0.006441","0.003632","-0.001433","195","841884734.800","3054258101.070"
"4","2020-46","5","113189009945","1450202247816.66","0.007270","-0.002558","-0.002395","1434","18504028581.060","22449820630.210"
"1","2020-46","5","127573260492","1604306149375.00","0.007893","-0.001051","-0.000238","1560","34632987929.700","39938667204.360"
"16","2020-46","5","64820584012","1154851786148.87","-0.017102","-0.012752","-0.013624","874","6775604985.970","10390713379.950"
"64","2020-46","5","42016984","534677853.00","-0.022493","-0.023532","-0.024916","33","25607204.690","75138552.920"
"2","2020-47","5","115933711","106782760.00","0.017536","0.014199","0.013355","47","10784176.310","12469998.470"
"8","2020-47","5","184613158","869820063.09","0.023391","0.033176","0.032136","45","56964224.110","66292606.250"
"32","2020-47","5","2379554877","125681149039.00","0.010165","-0.006734","-0.003323","196","887604425.970","3059874635.940"
"4","2020-47","5","117919586074","1380486458916.74","0.020368","0.017098","0.015911","1436","18845696154.800","22829368470.620"
"1","2020-47","5","134033682408","1551910362525.00","0.025061","0.022146","0.021479","1560","35476686332.180","40808081971.090"
"16","2020-47","5","54007600475","942018897184.07","-0.004703","-0.010838","-0.005514","875","6722584084.790","10350940971.600"
"64","2020-47","5","28622910","376733110.00","0.015296","0.002673","0.002295","34","25841634.570","75727310.830"
"2","2020-48","5","149538156","129136798.00","-0.018962","-0.030827","-0.040044","47","10451722.040","11970638.630"
"8","2020-48","5","193645088","1003209724.87","0.017599","0.042007","0.037397","45","59357150.900","68771783.820"
"32","2020-48","5","2178454575","122468287080.00","-0.032758","-0.021184","-0.021624","197","873693899.940","3054165321.060"
"4","2020-48","5","124428480682","1394309289831.71","-0.011170","-0.010272","-0.011322","1436","18661971942.340","22573826957.340"
"1","2020-48","5","151023318566","1694548321433.00","-0.005380","0.010665","0.010475","1562","35896124164.790","41261155445.100"
"16","2020-48","5","50642534787","893647377047.48","-0.033181","-0.023825","-0.026549","877","6595583769.680","10104990454.820"
"64","2020-48","5","65322660","544692724.00","-0.003155","0.003594","0.002258","36","26839405.950","78028570.030"
"2","2020-49","5","232432188","143221316.00","-0.015289","-0.010070","-0.017331","47","10346467.810","11763173.810"
"8","2020-49","5","238690088","1256409499.54","0.032893","0.020883","0.024271","45","60596757.010","70440996.520"
"32","2020-49","5","2241741186","126086264414.00","0.011956","0.026437","0.020915","199","902728345.990","3137028966.420"
"4","2020-49","5","131102890071","1451390067194.50","0.015135","0.016485","0.017857","1436","18994991194.280","23002819117.730"
"1","2020-49","5","154398496353","1777879646947.00","0.011292","0.009437","0.010278","1562","36264764148.940","41721855125.890"
"16","2020-49","5","50964924969","914415765560.17","0.013307","0.028418","0.029905","880","6797291754.550","10428070519.390"
"64","2020-49","5","143345821","1526851588.00","0.076270","0.016737","0.002888","36","27275043.920","78233973.220"
"2","2020-50","5","94266380","69263535.00","-0.026384","-0.022445","-0.020008","47","10114231.860","11527813.980"
"8","2020-50","5","135850141","745495143.82","-0.018700","-0.010182","-0.010296","45","59979723.250","69715674.000"
"32","2020-50","5","2553072193","143473287221.00","-0.048004","-0.002444","-0.016855","202","912119651.850","3096501653.320"
"4","2020-50","5","111647538048","1274045126447.65","-0.042270","-0.039533","-0.038672","1438","18217160615.210","22102901202.410"
"1","2020-50","5","126162933668","1538327789113.00","-0.034412","-0.028897","-0.028937","1563","35223191176.400","40489007691.860"
"16","2020-50","5","46647375444","849480621787.21","-0.049648","-0.026064","-0.023775","881","6621884981.730","10187943617.580"
"64","2020-50","5","59572338","862361590.00","-0.044483","-0.034976","-0.046582","37","26708699.110","75442631.630"
"2","2020-51","5","101711915","70874471.00","0.006289","0.006667","0.009632","47","10181667.250","11638858.290"
"8","2020-51","5","107142020","585997319.87","0.005422","0.030024","0.029938","45","61780579.390","71802873.090"
"32","2020-51","5","2431995384","141479958066.00","-0.006356","0.000715","0.003086","206","928632229.240","3174475576.830"
"4","2020-51","5","107422189772","1233342159107.40","0.001788","0.015472","0.014934","1444","18593748307.170","22497503681.550"
"1","2020-51","5","121740850219","1517166600965.00","0.004360","0.015272","0.014284","1568","35974314629.720","41183562292.150"
"16","2020-51","5","44126135997","790429359769.29","-0.012308","0.015102","0.022620","882","6731739540.660","10432484714.390"
"64","2020-51","5","58017401","788505753.00","0.021535","0.042442","0.044368","37","27826869.380","78789898.640"
"2","2020-52","5","109431851","80252730.00","0.003989","0.004459","0.011512","46","10076765.760","11621487.630"
"8","2020-52","5","139964403","753389859.96","-0.002579","-0.003372","0.001048","45","61572202.590","71878144.430"
"32","2020-52","5","2631658438","147283722041.00","-0.020296","-0.002795","-0.009297","211","936432910.930","3172666767.020"
"4","2020-52","5","130919257353","1530163903851.95","-0.012457","0.005698","0.004022","1444","18724235983.790","22597550736.250"
"1","2020-52","5","144850141594","1803960983417.00","-0.009900","0.000576","0.000068","1569","36047581432.270","41226069156.710"
"16","2020-52","5","48241282712","888445510309.89","-0.029818","0.004322","0.006870","887","6763375674.710","10577080139.670"
"64","2020-52","5","77869952","1182026227.00","0.001432","0.051043","0.036146","39","29547751.700","82878629.910"
"2","2020-53","4","89259497","68387311.00","0.009270","0.016804","0.010396","46","10246106.830","11742310.080"
"8","2020-53","4","104978002","459241609.07","0.007592","0.022108","0.024710","45","62934641.290","73655469.960"
"32","2020-53","4","2068958594","123883817689.00","0.003459","0.029967","0.018336","215","979799743.630","3294689000.140"
"4","2020-53","4","110084539097","1247865567025.11","0.007122","0.023535","0.021524","1444","19251808915.540","23133265803.170"
"1","2020-53","4","123306601470","1483956589953.00","0.004135","0.022399","0.022054","1571","36947717042.780","42201797271.430"
"16","2020-53","4","36709495010","693023663586.48","-0.001294","0.023380","0.030060","891","6956590742.300","10937870541.120"
"64","2020-53","4","52928726","741090644.00","-0.008337","0.001564","0.000783","41","30155765.440","84806811.320"
"2","2021-02","5","188342452","124692605.00","0.017319","0.018503","0.019482","47","10588107.840","12123640.830"
"8","2021-02","5","216049191","993474184.63","-0.001267","0.018164","0.019058","45","64077794.890","75059223.310"
"4","2021-02","5","165153777300","2140032765025.43","-0.020852","0.040055","0.039210","1447","20049782374.800","24066548415.630"
"32","2021-02","5","3008209046","190538458214.00","-0.039161","-0.018803","-0.020307","216","968095514.290","3243121251.320"
"1","2021-02","5","187795826737","2469715071560.00","-0.017964","0.028419","0.027832","1573","38006828305.860","43395297032.250"
"16","2021-02","5","56332177631","1144888093725.61","-0.040185","0.021470","0.038564","894","7116947384.130","11373307436.960"
"64","2021-02","5","56830620","851906683.00","-0.034948","-0.014694","-0.017905","42","30401928.740","86101464.710"
"2","2021-03","5","128332748","99632660.00","-0.000629","0.009511","0.010848","47","10688820.320","12255168.420"
"8","2021-03","5","276321470","1240211362.85","-0.014672","-0.023080","-0.024842","45","62598880.990","73194627.180"
"4","2021-03","5","152502598897","2098649264261.42","-0.012486","-0.020266","-0.019585","1446","19654408820.470","23598168492.040"
"32","2021-03","5","2958127044","177463530656.00","0.007680","0.029114","0.023128","217","998429993.820","3322593345.590"
"1","2021-03","5","171542806357","2381081203650.00","-0.014446","-0.003060","-0.003250","1573","37895839025.070","43262398704.300"
"16","2021-03","5","49189714660","1035607399265.21","-0.015011","-0.017700","-0.026621","893","6996036595.690","11093198890.150"
"64","2021-03","5","81781036","853275844.00","-0.017360","-0.010092","-0.012832","44","30385982.870","86054356.060"
"2","2021-04","5","122290405","104205934.00","0.012518","-0.004337","-0.000593","47","10642458.650","12247894.970"
"8","2021-04","5","157974502","697274958.69","0.015710","0.014968","0.018008","45","63535869.690","74512749.780"
"4","2021-04","5","139862667205","1853764961511.29","0.017276","0.024402","0.024461","1446","20151576553.160","24190992481.510"
"32","2021-04","5","2800442615","182459560234.00","0.027002","0.051538","0.052093","220","1089655834.100","3586112411.630"
"1","2021-04","5","152006651588","2088462393640.00","0.016168","0.007647","0.010091","1574","38316974041.730","43650058191.900"
"16","2021-04","5","50606550323","1028389379254.77","0.028122","0.062976","0.066147","900","7455842577.120","11867569000.180"
"64","2021-04","5","84832202","1189759499.00","0.114369","0.122334","0.107909","44","34049008.960","95345095.760"
"2","2021-05","5","163860390","116599186.00","-0.035153","-0.022706","-0.029208","47","10400810.540","11890153.800"
"8","2021-05","5","148085742","718055503.25","-0.031949","-0.027531","-0.025782","45","61786579.900","72591604.370"
"4","2021-05","5","133205069847","1844122431688.80","-0.044151","-0.042136","-0.039653","1450","19337941802.880","23276979487.320"
"32","2021-05","5","2460689762","165651482775.00","-0.050823","-0.051550","-0.056635","223","1042186847.980","3395907196.900"
"1","2021-05","5","140786773903","2001552499186.00","-0.042207","-0.033211","-0.034557","1575","37078872427.840","42169104626.190"
"16","2021-05","5","48145895971","1000592780273.42","-0.059885","-0.066682","-0.068767","904","6976713048.700","11082745130.630"
"64","2021-05","5","86051129","1364186840.00","-0.029160","0.021882","0.007531","45","35181585.420","96786882.600"
"2","2021-06","5","149484248","95692334.00","-0.049916","-0.030185","-0.036487","47","10086854.740","11456306.880"
"8","2021-06","5","238829498","1096135902.04","-0.014763","0.005165","-0.003283","45","62105735.010","72353292.820"
"4","2021-06","5","126344832016","1683510220871.49","-0.032226","0.002747","0.003213","1451","19448377243.800","23369270035.150"
"32","2021-06","5","2324706865","140397120767.00","-0.051018","-0.038427","-0.048056","225","1008692992.810","3241111010.800"
"16","2021-06","5","42276112860","875172318495.48","-0.058148","-0.011073","-0.010218","904","6948546723.250","10976058851.380"
"1","2021-06","5","140369936312","1844450525421.00","-0.028492","0.006961","0.004164","1580","37382842169.420","42399289750.330"
"64","2021-06","5","63337432","1034168102.00","-0.027545","-0.055541","-0.053814","46","33428050.130","92352840.270"
"2","2021-07","3","74514582","54687986.00","0.032974","0.029618","0.028801","47","10385613.740","11786266.640"
"8","2021-07","3","121112030","603251759.75","0.040163","0.053018","0.053023","45","65398456.730","76189677.130"
"4","2021-07","3","65099925787","923251257885.71","0.028463","0.053657","0.053662","1451","20512897489.950","24630098643.230"
"32","2021-07","3","1175938162","77109483348.00","0.028954","0.050886","0.053174","229","1063931737.630","3430007171.550"
"16","2021-07","3","20784655126","471714455372.03","0.020621","0.056873","0.056790","911","7364536927.450","11646063371.000"
"1","2021-07","3","74905767610","1045935311965.00","0.026751","0.044899","0.044155","1582","39221565556.110","44319052764.280"
"64","2021-07","3","37109341","798761370.00","0.000363","0.014753","0.012155","47","35734761.120","96454833.480"
"2","2021-08","2","71236707","58632220.00","0.019950","0.015937","0.015557","47","10551136.770","11969637.500"
"8","2021-08","2","79350533","442160149.18","0.027613","0.014773","0.015323","45","66364615.790","77357195.290"
"4","2021-08","2","57222068825","774454393041.55","0.054366","0.011121","0.011039","1450","20746833754.390","24891412727.380"
"32","2021-08","2","913787231","57451153806.00","0.034617","-0.003944","-0.000483","229","1091717096.750","3428458537.850"
"16","2021-08","2","18541402270","384403901070.23","0.062966","-0.007188","-0.012719","911","7316880704.170","11498527303.970"
"1","2021-08","2","69151862928","910708077821.00","0.050329","0.012783","0.013082","1582","39776462728.170","44934141171.490"
"64","2021-08","2","24142321","469796459.00","0.010699","0.009713","0.014816","48","36523682.930","99016438.480"
"2","2021-09","5","242174556","206402586.00","-0.002260","-0.017266","-0.011350","47","10368954.700","11833782.260"
"8","2021-09","5","307532430","1631949442.13","0.013725","-0.040508","-0.033484","45","63676334.640","74766946.100"
"4","2021-09","5","150961661962","1891833083751.31","-0.006864","-0.062959","-0.064262","1452","19455789117.990","23313540521.830"
"32","2021-09","5","2396724617","138200375636.00","-0.012457","-0.059537","-0.052954","232","1064214441.990","3275180259.800"
"16","2021-09","5","48297078828","894059789806.55","-0.006681","-0.073951","-0.085740","914","6785886073.710","10538628132.680"
"1","2021-09","5","192297697846","2293072026265.00","-0.008355","-0.050074","-0.048953","1586","37846431681.790","42757000952.820"
"64","2021-09","5","96417479","1272476956.00","0.004868","-0.024461","-0.016468","51","38509684.660","102439313.030"
"2","2021-10","5","136370846","110554457.00","0.007507","0.006450","0.005804","47","10435838.610","11902473.870"
"8","2021-10","5","144778289","732008383.01","0.015049","0.008460","0.010619","45","64215086.190","75560912.300"
"4","2021-10","5","136970206320","1569852617142.32","0.029567","0.001996","0.003935","1450","19515606961.110","23398377431.500"
"32","2021-10","5","2378509333","137241069055.00","0.021336","0.001768","0.002787","233","1079027350.050","3320479536.860"
"16","2021-10","5","46048213716","815185070028.20","0.034558","0.000900","-0.002576","915","6795290424.720","10519739482.390"
"1","2021-10","5","172785140052","1978774978985.00","0.025732","-0.001562","-0.001826","1585","37848399434.410","42694821178.780"
"64","2021-10","5","124886363","1561895938.00","0.066158","0.069802","0.070086","51","41224810.890","109618915.770"
"2","2021-11","5","122240975","102670819.00","-0.001955","0.002690","0.008783","47","10463920.980","12007016.460"
"8","2021-11","5","169787185","804713581.47","-0.002523","0.002500","0.001000","45","64375660.720","75636481.180"
"4","2021-11","5","139556840804","1524887603163.73","-0.021706","-0.029911","-0.030421","1453","18960977864.290","22729441131.980"
"32","2021-11","5","2124551198","122503120432.00","-0.060498","-0.052165","-0.055811","237","1031672892.980","3179932451.500"
"16","2021-11","5","46692337069","809782572125.01","-0.049575","-0.045136","-0.042547","915","6481496755.840","10066109529.240"
"1","2021-11","5","175212081628","1878227236779.00","-0.017225","-0.011638","-0.013541","1586","37399741904.190","42117563138.610"
"64","2021-11","5","62018642","846438115.00","-0.012064","-0.017586","-0.020430","51","40506408.220","107454908.490"
"2","2021-12","5","117714131","93744414.00","-0.004667","-0.012576","-0.018877","47","10332320.100","11780353.240"
"8","2021-12","5","130572965","674530115.75","-0.001839","-0.002771","-0.003709","45","64197260.290","75355939.150"
"4","2021-12","5","133189655338","1400623846246.45","0.016611","-0.010517","-0.009535","1453","18759623507.790","22512874204.030"
"32","2021-12","5","1749863190","92748983597.00","-0.001181","-0.018410","-0.022120","242","1016735520.580","3124211781.730"
"16","2021-12","5","41788158898","683833605839.65","0.020497","-0.015037","-0.015342","916","6397860736.080","9933613645.210"
"1","2021-12","5","153943169220","1583830045883.00","0.013395","-0.014298","-0.012787","1586","36867417821.050","41588410825.500"
"64","2021-12","5","60932384","742772811.00","0.029333","0.021455","0.018631","51","41375514.520","109456999.300"
"2","2021-13","5","98682040","67774182.00","0.012495","0.006120","0.004869","47","10395561.490","11837712.260"
"8","2021-13","5","112278599","554598783.42","0.001688","0.001445","0.000660","45","64290074.400","75405721.810"
"4","2021-13","5","135472529765","1375022332043.99","0.008765","0.005353","0.004911","1455","18846333947.230","22614876269.310"
"32","2021-13","5","1866336188","91102990337.00","-0.002955","0.019107","0.006330","246","1043842559.500","3163874824.140"
"16","2021-13","5","41951573476","725829600181.81","0.006505","0.018892","0.018232","921","6540886008.040","10213589652.830"
"1","2021-13","5","148198809268","1541900117638.00","0.005712","0.002864","0.003658","1591","37009973778.870","41810739375.670"
"64","2021-13","5","62692132","824589989.00","0.002858","-0.011799","-0.012429","51","40845363.100","108171299.200"
"2","2021-14","5","92167665","65635664.00","0.007185","0.010894","0.014769","47","10508821.120","12012552.630"
"8","2021-14","5","111709711","616477820.81","0.001184","0.025830","0.019634","45","65950596.200","76886194.930"
"4","2021-14","5","125659961092","1330741425795.86","0.007559","0.019942","0.019416","1455","19252756547.090","23068507912.330"
"32","2021-14","5","2019847694","103169954109.00","0.009290","0.025283","0.027198","253","1078048791.720","3282933517.340"
"16","2021-14","5","36234059542","653428354349.12","-0.009764","0.021034","0.025304","925","6693837951.090","10497103278.650"
"1","2021-14","5","137007559930","1480749950285.00","0.006848","0.020383","0.019290","1591","37795215712.630","42634710429.320"
"64","2021-14","5","34327968","518807162.00","0.007150","0.008517","0.013781","51","41201463.590","109662043.010"
"2","2021-15","4","79083841","53661173.00","0.004968","0.006760","0.007224","47","10579869.090","12099332.320"
"8","2021-15","4","110507459","533814561.91","0.006655","-0.002851","-0.001127","45","65762523.180","76799519.140"
"32","2021-15","4","1740613262","86877117588.00","0.002874","-0.018451","-0.010245","257","1063113536.670","3269627757.610"
"4","2021-15","4","106979289067","1068426343916.55","0.014045","-0.014408","-0.012266","1459","18986463044.100","22813535523.600"
"16","2021-15","4","29219229749","528878968681.67","0.012843","-0.011269","-0.007734","928","6623686212.080","10436651801.880"
"1","2021-15","4","112417720378","1177184814970.00","0.009811","-0.009997","-0.008205","1592","37419327428.290","42290682433.480"
"64","2021-15","4","46641286","692506093.00","0.048948","0.043344","0.050332","51","42965904.490","115188467.630"
"2","2021-16","5","90095320","73072643.00","-0.002545","0.000732","0.001289","47","10587613.340","12114935.980"
"8","2021-16","5","163350145","757116547.91","-0.002035","0.010727","0.006245","45","66467979.770","77279133.210"
"32","2021-16","5","1996062767","98724128768.00","0.006978","0.004549","-0.001389","261","1077466919.450","3284837310.290"
"4","2021-16","5","134004328754","1347622765038.55","0.004440","-0.006821","-0.007724","1458","18837847377.450","22597137296.660"
"16","2021-16","5","36341133313","638800301787.56","0.000111","-0.001295","-0.007143","934","6630169492.360","10408800456.950"
"1","2021-16","5","128516876612","1367758491958.00","0.004545","-0.006540","-0.007618","1596","37192780711.840","41990939880.210"
"64","2021-16","5","53482054","821808701.00","0.003572","-0.036203","-0.028548","51","41410387.470","111900028.450"
"2","2021-17","5","126952966","94991197.00","-0.010214","0.007844","0.015755","47","10670669.330","12305812.240"
"8","2021-17","5","182192123","900386033.84","0.005918","0.009456","0.008993","44","66944513.730","77706355.170"
"32","2021-17","5","2880570076","142070465961.00","0.036622","0.041737","0.046488","265","1140096595.630","3451721819.400"
"4","2021-17","5","134318731879","1513363697069.68","-0.001275","0.028418","0.026791","1457","19438024817.930","23241317704.130"
"16","2021-17","5","41903847864","764662424456.95","0.003391","0.049779","0.053056","940","6968063708.260","11007358457.790"
"1","2021-17","5","131221347331","1548775707619.00","0.000353","0.013164","0.013412","1599","37702534248.330","42567478105.620"
"64","2021-17","5","44553511","660480957.00","0.011737","0.031542","0.032626","51","42734786.860","115550958.420"
"2","2021-18","5","119103740","83662890.00","-0.006481","-0.002065","0.003667","47","10648626.050","12350947.920"
"8","2021-18","5","124944290","612574747.17","-0.012052","-0.011923","-0.011726","43","65945828.440","76583254.110"
"32","2021-18","5","2858699941","165468493478.00","-0.019093","0.012421","0.004929","268","1163099586.460","3490734359.870"
"4","2021-18","5","125061244340","1462654852574.93","-0.016969","-0.003169","-0.004877","1459","19377115971.970","23090528806.060"
"16","2021-18","5","42847639405","849093731322.51","-0.032264","0.009838","0.010237","945","7057219512.120","11286427614.760"
"1","2021-18","5","133689798814","1671919077370.00","-0.014323","-0.007351","-0.009383","1601","37441483305.070","42189853549.560"
"64","2021-18","5","57484296","840190176.00","-0.012065","-0.002951","0.001207","51","42593905.420","115661270.110"
"2","2021-19","2","69840850","47117875.00","-0.000881","-0.003938","-0.002286","46","10537407.680","12253322.050"
"8","2021-19","2","72159832","348575508.04","-0.006105","-0.008280","-0.011999","43","65399731.480","75664261.550"
"4","2021-19","2","55917047148","641268399444.02","0.003406","-0.017509","-0.017061","1459","19044842796.760","22695277473.300"
"32","2021-19","2","957857787","57364387790.00","-0.023344","-0.049780","-0.047000","269","1106283185.820","3330193350.490"
"16","2021-19","2","15569681372","306219785556.54","-0.005968","-0.040882","-0.045117","944","6773770068.330","10776746279.130"
"1","2021-19","2","65393259406","753934902698.00","0.004939","-0.005494","-0.006155","1600","37244985678.270","41945560251.520"
"64","2021-19","2","15492358","272128321.00","-0.011346","-0.022095","-0.021723","51","41652701.080","113148766.920"
"2","2021-20","5","155187463","114946008.00","0.021182","0.008067","0.004774","46","10622421.150","12311827.070"
"8","2021-20","5","172569654","910233950.66","0.011096","0.016450","0.015801","44","66647304.150","77031508.230"
"4","2021-20","5","143114869274","1530732831821.01","0.026423","0.016749","0.015898","1461","19409701285.940","23167032284.450"
"32","2021-20","5","2357463415","122715793567.00","0.034812","0.033898","0.034557","274","1151040251.240","3466443314.480"
"16","2021-20","5","44271769232","734243777552.83","0.039684","0.042760","0.040587","948","7086817543.670","11236731921.990"
"1","2021-20","5","166773066997","1777938848572.00","0.024429","0.020669","0.021150","1603","38161482157.100","42840190780.440"
"64","2021-20","5","34805424","540378183.00","-0.009811","-0.011671","-0.009251","51","41844672.540","111854929.650"
"2","2021-21","5","115985290","70745443.00","0.003731","0.040359","0.030395","47","10575330.310","12209548.130"
"8","2021-21","5","133569444","669666268.57","-0.016798","-0.004392","-0.002928","44","66354573.470","76805886.130"
"4","2021-21","5","127069636719","1502419719646.24","-0.011117","0.007059","0.008259","1461","19548830821.750","23367296829.380"
"32","2021-21","5","3216909940","153160793056.00","0.014068","0.020639","0.024175","281","1200261024.790","3634560483.570"
"16","2021-21","5","44533653213","786338946533.89","-0.004300","0.015061","0.018519","950","7209292229.660","11449917271.220"
"1","2021-21","5","144827230952","1703242685097.00","-0.003557","-0.000767","-0.000281","1605","38166143893.970","42848693544.140"
"64","2021-21","5","36550708","542712398.00","0.009139","0.011997","0.013072","51","42204407.940","112921567.140"
"2","2021-22","5","164444188","93929302.00","0.031216","0.017458","0.014137","47","10754372.760","12376571.230"
"8","2021-22","5","137839909","876728199.49","0.000552","0.005234","0.005170","44","66700426.260","77201522.090"
"4","2021-22","5","142773462126","1700328252190.17","0.024326","0.027431","0.026759","1462","20084662486.680","23978587312.850"
"32","2021-22","5","4789500677","177056439651.00","0.053720","0.046231","0.046807","282","1264605089.870","3859055363.940"
"16","2021-22","5","48244824831","893753432773.97","0.031268","0.038947","0.042147","956","7515135195.920","11954027909.090"
"1","2021-22","5","158195152433","1999015282201.00","0.023648","0.032753","0.033319","1612","39500167641.060","44359596816.230"
"64","2021-22","5","50454024","689205403.00","-0.002476","0.020723","0.012315","52","43254777.070","114991097.430"
"2","2021-23","5","231258311","144766496.00","0.016380","0.019598","0.018423","48","10968368.580","12670914.660"
"8","2021-23","5","105770336","579063834.58","0.013330","0.012910","0.012444","44","67349079.550","77949766.470"
"4","2021-23","5","143829870189","1747824194917.62","0.009841","0.004942","0.004466","1463","20189563654.210","24050272446.930"
"32","2021-23","5","6811896564","231505243763.00","0.045508","0.032323","0.029408","283","1307090195.190","3976593733.710"
"16","2021-23","5","51449359556","959375747936.23","0.015040","0.009535","0.008634","962","7597836437.410","12082948805.880"
"1","2021-23","5","164758812176","2022392905757.00","0.013002","-0.001050","-0.001150","1615","39435130901.890","44260288904.090"
"64","2021-23","5","63170953","911462300.00","0.008527","0.027439","0.030601","53","44963092.580","119293284.320"
"2","2021-24","5","147889046","103441087.00","0.009277","0.066703","0.056610","48","11053681.210","12741904.710"
"8","2021-24","5","108311657","571755071.70","-0.000415","-0.001681","-0.001753","44","66789218.680","77366469.140"
"4","2021-24","5","139875294293","1679992711255.61","0.006162","-0.011813","-0.009818","1465","19938040298.730","23796102681.840"
"32","2021-24","5","4896117268","220645905114.00","-0.001261","0.011663","0.002983","288","1354135728.600","4048790964.540"
"16","2021-24","5","59739778440","1042453847566.86","0.028555","0.024073","0.019847","965","8092241404.700","12339466064.160"
"1","2021-24","5","153482315786","1994799388586.00","0.004220","-0.001295","-0.000202","1616","39422286852.370","44387432457.080"
"64","2021-24","5","149383144","1961950850.00","0.076445","0.101741","0.108851","54","49636628.530","132852494.080"
"2","2021-25","4","96172178","75121066.00","0.011506","0.052311","0.046401","48","10829368.380","12530607.420"
"8","2021-25","4","103713203","563865357.55","-0.008274","-0.004174","-0.002366","43","65302236.240","74020309.040"
"4","2021-25","4","100789664611","1242753306794.80","-0.011059","-0.015808","-0.016169","1463","19613892012.880","23392633838.270"
"32","2021-25","4","4058017888","186027958507.00","0.015691","0.033352","0.031778","293","1407272952.510","4190053156.670"
"16","2021-25","4","54363475644","901263719253.12","0.013182","-0.001200","-0.004847","969","8102190075.470","12299171496.380"
"1","2021-25","4","119416247581","1503879310396.00","-0.010408","-0.017456","-0.015329","1617","38610260827.990","43573368373.780"
"64","2021-25","4","73685454","1099045785.00","0.002459","0.001938","0.001733","54","49791835.080","133016090.090"
"2","2021-26","5","152657642","102228276.00","0.028189","0.019807","0.025666","48","10995268.980","12803621.460"
"8","2021-26","5","126959992","631169859.04","0.026355","0.022526","0.023734","43","66595348.260","75599293.380"
"32","2021-26","5","7088682083","267083343227.00","0.023754","0.030873","0.032579","297","1470019123.970","4441887313.910"
"4","2021-26","5","135245956098","1716755283840.62","0.020210","0.026806","0.026610","1463","20097762061.340","23959866151.250"
"16","2021-26","5","69605460273","1170155293408.46","0.014985","0.028500","0.026866","971","8349127033.530","12643122193.370"
"1","2021-26","5","150825938262","2011433955763.00","0.020249","0.024863","0.024796","1620","39653893124.070","44718492093.680"
"64","2021-26","5","122258836","1786861184.00","0.053273","0.051150","0.050685","54","52323955.130","139712512.730"
"2","2021-27","5","148979387","109814297.00","-0.004711","0.021110","0.043073","48","10927251.670","12619718.470"
"8","2021-27","5","104865035","487790165.33","0.003994","0.003431","0.003515","43","66547112.060","75588306.140"
"32","2021-27","5","5280393532","283846208082.00","0.017063","0.009064","0.004130","301","1493182476.830","4538647601.180"
"4","2021-27","5","125245364197","1600902366401.75","-0.019045","-0.025671","-0.025228","1466","19603275894.390","23376796526.780"
"16","2021-27","5","61436548328","1164398604239.65","-0.007017","-0.000296","-0.005995","976","8396384496.730","12612851496.180"
"1","2021-27","5","142504398099","1929971720077.00","-0.017799","-0.024404","-0.026280","1624","38679973835.730","43506013036.870"
"64","2021-27","5","119249215","1927994884.00","-0.016004","0.000081","0.006976","55","52810975.640","141516901.280"
"2","2021-28","5","176603286","188005031.00","0.027650","0.031643","0.028773","48","11218323.820","12928134.290"
"8","2021-28","5","171281621","793636399.07","0.029883","0.026990","0.034486","43","68335936.130","78187764.790"
"32","2021-28","5","5309928316","303240859136.00","0.026945","0.020352","0.018909","307","1546670537.970","4687438420.010"
"4","2021-28","5","132920443637","1775110406156.90","0.025612","0.012906","0.013141","1467","19862760256.340","23691752734.320"
"16","2021-28","5","68839929632","1310031743237.33","0.036541","0.032194","0.022957","981","8664646093.770","12933993679.870"
"1","2021-28","5","156690109444","2111348531563.00","0.017192","0.002184","0.004712","1626","38656756748.020","43593173138.200"
"64","2021-28","5","104040292","1939420635.00","0.023118","0.078714","0.081170","57","57674401.440","155217437.180"
"2","2021-29","5","204213440","151197336.00","0.034968","0.036607","0.038119","48","11443104.660","13234184.480"
"8","2021-29","5","241188700","1148693552.39","0.001759","-0.005051","-0.004481","43","67028159.150","76874824.300"
"32","2021-29","5","4973514959","272558284107.00","-0.018251","-0.022197","-0.024103","311","1591188052.730","4595231384.670"
"4","2021-29","5","159966461564","2119390105764.09","0.004041","0.012100","0.010142","1467","20095528664.220","23921471675.450"
"16","2021-29","5","75025353979","1375961049332.04","-0.003679","0.003049","0.001168","985","8714603714.480","12991535094.810"
"1","2021-29","5","181577464998","2336978037746.00","0.010537","0.008716","0.008296","1627","38889245620.240","43833993479.570"
"64","2021-29","5","145471637","2671700053.00","0.056475","0.050581","0.043056","57","60801748.280","161900591.550"
"2","2021-30","5","132032099","105663934.00","-0.005619","-0.005841","-0.003933","47","11370735.600","13141970.240"
"8","2021-30","5","158463895","735546154.23","0.015357","0.004740","0.005573","43","67273523.650","77230901.870"
"32","2021-30","5","4944387999","281839043591.00","0.028407","0.030902","0.023966","313","1758098685.410","4837117700.790"
"4","2021-30","5","151309603737","1988330131344.71","0.003328","0.002525","0.002824","1467","20149870101.900","23993999210.140"
"16","2021-30","5","77086508350","1390626238464.60","0.018653","0.020148","0.010713","988","8863720081.380","13143654097.070"
"1","2021-30","5","174624438677","2315284247042.00","0.001953","0.002227","0.002077","1628","38943296211.620","43921461058.440"
"64","2021-30","5","161567831","2630913141.00","-0.043223","-0.021808","-0.020744","58","59789079.800","159181763.030"
"2","2021-31","5","165543519","160590803.00","-0.009689","-0.008260","-0.009252","47","10950823.990","12694391.410"
"8","2021-31","5","185661626","861602420.22","-0.021220","-0.031760","-0.030056","43","65136881.640","74909618.720"
"32","2021-31","5","7293412226","407357276168.00","0.010966","0.023941","0.020536","319","1819358256.870","4968742269.090"
"4","2021-31","5","162132045593","2162334906075.43","-0.031644","-0.048334","-0.046093","1463","19153218031.940","22853365085.310"
"16","2021-31","5","81395528905","1634217503223.36","-0.000923","-0.003341","-0.010526","997","8911604277.320","13094383981.700"
"1","2021-31","5","195920389160","2606674330820.00","-0.034026","-0.045570","-0.045405","1629","37152956780.370","41893937400.740"
"64","2021-31","5","84638644","1621312678.00","-0.029545","-0.036168","-0.035957","58","57706250.050","153576881.480"
"2","2021-32","5","113701038","101178697.00","0.018900","0.028586","0.023271","47","11242605.510","12968553.400"
"8","2021-32","5","138910620","682651282.87","0.005685","0.009439","0.009153","43","65684005.580","75527542.200"
"32","2021-32","5","6655984547","390608038658.00","0.019686","0.011851","0.007788","323","1861697890.200","5091172995.290"
"4","2021-32","5","151628418276","2170159934914.36","0.023188","0.028391","0.027500","1467","19747207685.310","23537549082.380"
"16","2021-32","5","85899353202","1698180701671.94","0.025454","0.017091","0.018080","1001","9063010227.570","13336126176.340"
"1","2021-32","5","179993463630","2473671819140.00","0.018102","0.019351","0.018507","1631","37897354438.020","42691100624.640"
"64","2021-32","5","68717013","1400618957.00","-0.020112","0.001794","0.008722","59","58445757.540","155496959.850"
"2","2021-33","5","162039981","131986972.00","0.020165","0.020400","0.020301","47","11434129.820","13194006.840"
"8","2021-33","5","123522425","550845488.86","0.002959","0.008059","0.006097","43","66082712.300","75857371.040"
"32","2021-33","5","6060155355","333377873822.00","0.018914","-0.011234","-0.012256","325","1912241904.360","5086052162.750"
"4","2021-33","5","159413063033","2233006222200.89","0.035687","0.030956","0.029106","1467","20408103051.680","24256883358.430"
"16","2021-33","5","81178625136","1538453176530.20","0.032678","-0.015671","-0.011413","1008","8952648615.480","13228890291.130"
"1","2021-33","5","177584656108","2371722438489.00","0.033283","0.018675","0.018609","1634","38623437322.040","43519164760.680"
"64","2021-33","5","173093211","2421939929.00","0.069607","0.054941","0.052130","61","67387051.620","165020336.730"
"2","2021-34","5","170265551","136346139.00","-0.013193","-0.013631","-0.015791","47","11278258.490","12985657.020"
"8","2021-34","5","132164489","677212413.84","-0.013993","-0.015950","-0.002401","43","65028678.940","75675182.390"
"32","2021-34","5","5247701994","291788129352.00","-0.041693","-0.027632","-0.032268","328","1908000080.550","5068307593.290"
"4","2021-34","5","155621870389","2050400174822.17","-0.017927","-0.026706","-0.026856","1468","19939291439.470","23634636458.030"
"16","2021-34","5","76541903640","1447280912921.44","-0.031441","-0.039313","-0.042481","1010","8605225713.460","12710590648.720"
"1","2021-34","5","192252955421","2439275121727.00","-0.015983","-0.025120","-0.024141","1638","37681517461.700","43021358487.120"
"64","2021-34","5","163054069","2264529177.00","-0.001232","-0.023100","-0.024152","64","70544499.330","163695964.420"
"2","2021-35","5","153222945","116439256.00","0.001661","0.006360","0.013924","47","11349995.160","13166477.150"
"8","2021-35","5","139939272","641330652.93","0.016953","0.013341","0.021014","43","65896260.180","77265431.580"
"32","2021-35","5","5523315825","328755531368.00","0.027395","0.006248","0.017851","330","1930794247.330","5182358144.120"
"4","2021-35","5","171881850243","2263947016886.43","0.034778","0.021026","0.022367","1469","20329877520.450","24138120872.200"
"16","2021-35","5","77443838636","1502525670753.68","0.017183","0.017449","0.018900","1014","8817964427.640","13017740341.850"
"1","2021-35","5","216649458756","2667404130492.00","0.037037","0.029982","0.026325","1639","38848837384.390","44159697115.860"
"64","2021-35","5","183324630","2709170964.00","-0.066348","-0.044871","-0.040482","65","68244294.940","159679512.240"
"2","2021-36","5","258608624","194710901.00","0.009939","0.021227","0.022124","47","11590921.720","13457773.080"
"8","2021-36","5","155889649","743402856.24","0.017437","0.000377","-0.006907","43","65921106.690","76731706.280"
"32","2021-36","5","5823829778","300836071870.00","-0.031162","-0.046142","-0.046402","332","1881896911.570","4964590403.300"
"4","2021-36","5","203824444198","2647416469953.69","0.013208","0.000094","-0.000231","1468","20299468974.260","24081964038.780"
"16","2021-36","5","76383240396","1450485635812.43","-0.002268","-0.030950","-0.029356","1015","8570921944.480","12643248350.420"
"1","2021-36","5","283065908494","3378005094300.00","0.019024","0.021974","0.021068","1638","39744390882.280","45098081588.340"
"64","2021-36","5","366641351","5713149092.00","0.177053","0.167261","0.177656","66","82435111.810","197627875.790"
"2","2021-37","5","265139246","191505075.00","0.034010","0.030785","0.037895","47","11947756.600","13967759.950"
"8","2021-37","5","146984647","681714285.42","0.021794","0.028911","0.031834","42","65781700.610","77123353.410"
"32","2021-37","5","4907668424","254015677624.00","0.006325","0.010514","0.009432","337","1936687148.980","5084529098.180"
"4","2021-37","5","203979700764","2489831160113.32","0.029323","0.042252","0.041677","1469","21154555623.670","25112181511.620"
"16","2021-37","5","77864153135","1363133171793.60","0.014028","0.031717","0.026241","1019","8855947159.440","12997310342.610"
"1","2021-37","5","284415403001","3170599842913.00","0.034401","0.035701","0.034312","1638","41126913620.360","46645417085.090"
"64","2021-37","5","741358986","11696989025.00","0.279925","0.191506","0.217241","66","98279660.880","240561543.540"
"2","2021-38","5","261290095","190198350.00","-0.004717","-0.014763","-0.018104","47","11771371.200","13714882.560"
"8","2021-38","5","170577483","694828384.16","-0.021285","-0.039653","-0.034727","43","65082250.410","76363807.390"
"32","2021-38","5","4479512496","239417983624.00","-0.042645","-0.054192","-0.054547","341","1838495741.190","4839821085.160"
"4","2021-38","5","197911141781","2522150246336.68","-0.014961","-0.028773","-0.028159","1471","20612986494.230","24473127863.780"
"16","2021-38","5","74215855248","1332901227316.23","-0.015192","-0.014120","-0.010928","1025","8756317859.550","12890292971.230"
"1","2021-38","5","261359006378","3056345703387.00","-0.013600","-0.021195","-0.021320","1642","40258877925.290","45655216322.920"
"64","2021-38","5","292209765","4908655698.00","-0.090319","-0.044850","-0.034323","66","93907471.990","232340406.460"
"2","2021-39","3","153710147","116101134.00","-0.006943","0.005609","0.005271","47","11837405.830","13787179.630"
"8","2021-39","3","101517894","433846029.42","-0.005882","-0.015468","-0.022453","43","64075544.180","74649206.720"
"32","2021-39","3","2233876491","117868856420.00","-0.010290","0.006994","0.005355","341","1879338180.340","4865867385.800"
"4","2021-39","3","105468196483","1284184554852.71","-0.006443","-0.006076","-0.007054","1469","20540858516.290","24278673277.650"
"16","2021-39","3","38399828683","673077889966.37","-0.007580","-0.002313","-0.000931","1027","8729978153.670","12875816595.740"
"1","2021-39","3","149072044492","1681264245553.00","-0.002903","-0.001071","-0.000948","1639","40191524636.430","45580332819.440"
"64","2021-39","3","213365500","4536072841.00","0.060508","0.064732","0.069642","66","100356650.650","248545029.410"
"2","2021-40","4","173892008","129112784.00","-0.002669","0.003065","0.011532","47","11873700.370","13946183.240"
"8","2021-40","4","76321734","346756551.92","-0.009643","0.002195","0.003975","43","64216289.620","74946017.410"
"32","2021-40","4","2665030292","143340669314.00","-0.029235","-0.012274","-0.015572","341","1861473565.380","4790110714.160"
"4","2021-40","4","122019334862","1519935303772.05","-0.034544","-0.018778","-0.019496","1469","20154496164.430","23812165896.660"
"16","2021-40","4","43794088804","819846079487.47","-0.034951","-0.009042","-0.010315","1035","8692140069.060","12781440812.580"
"1","2021-40","4","177472315651","1953422548764.00","-0.029798","-0.012481","-0.013514","1639","39779521029.170","45084188598.220"
"64","2021-40","4","198527945","3071563275.00","0.003335","0.000386","0.004881","66","100449138.500","249884084.320"
"2","2021-41","1","41087646","38012826.00","0.003824","0.010075","0.014020","47","11993337.250","14141715.010"
"8","2021-41","1","23671926","97425247.34","0.006253","0.009612","0.006919","43","64833584.310","75464624.110"
"32","2021-41","1","550278722","31614688004.00","0.002894","-0.006462","-0.004596","341","1849644396.420","4768091180.550"
"4","2021-41","1","29420095518","370030870808.41","0.017308","0.011182","0.010008","1469","20389107814.030","24054531810.200"
"16","2021-41","1","10704122573","197594921903.73","0.016546","0.003755","0.003902","1035","8726696579.980","12831314744.590"
"1","2021-41","1","40124748431","461103610049.00","0.013795","0.007943","0.007214","1637","40087233029.060","45382848122.270"
"64","2021-41","1","30187541","591296884.00","-0.020465","-0.030842","-0.032707","66","97351038.150","241710977.810"
"2","2021-42","5","176375550","151049612.00","-0.016240","-0.001030","0.002691","47","11980975.780","14179778.310"
"8","2021-42","5","102224605","424573985.52","-0.026963","-0.023177","-0.029017","43","63141770.250","73085679.660"
"32","2021-42","5","2863036175","164395098107.00","0.001255","0.006550","0.003265","342","1867479779.250","4821390547.570"
"4","2021-42","5","133901030840","1650148634212.51","-0.020044","-0.008845","-0.008289","1473","20234407157.940","23895454621.020"
"16","2021-42","5","49216021750","938717698131.45","-0.011650","0.000951","0.000153","1038","8770458700.690","12888714296.680"
"1","2021-42","5","170967363717","1973750377291.00","-0.015969","-0.004601","-0.005996","1638","39896178578.900","45113349418.300"
"64","2021-42","5","99491173","2080285845.00","-0.006845","-0.004272","-0.002262","66","96936228.070","241142181.120"
"2","2021-43","5","192266729","153803962.00","0.001800","-0.007955","-0.011811","47","11885662.810","14012295.940"
"8","2021-43","5","109959000","461092165.24","0.014305","0.016571","0.028085","43","63897876.080","75138349.300"
"32","2021-43","5","3332088850","186713960068.00","-0.013786","0.002002","-0.005063","345","1878379142.080","4810634326.970"
"4","2021-43","5","135517538691","1752636656931.34","-0.002396","0.006269","0.006874","1475","20371044149.540","24064230282.980"
"16","2021-43","5","49627926716","995465767551.72","-0.005655","0.006393","0.001575","1044","9098588542.630","12944531514.010"
"1","2021-43","5","168961779058","2067761056524.00","-0.001822","0.002415","0.002187","1644","40068076689.870","45298499724.610"
"64","2021-43","5","98512668","2071326311.00","0.003577","0.040570","0.044174","66","101114985.000","251788292.160"
"2","2021-44","5","197782815","151368696.00","-0.010437","-0.015179","-0.017000","47","11705248.500","13774082.580"
"8","2021-44","5","80177152","375853272.47","-0.016192","-0.021585","-0.019994","43","62518609.260","73636030.210"
"32","2021-44","5","4068142339","233212350748.00","-0.019561","0.017863","0.005875","352","1936715757.740","4915645268.450"
"4","2021-44","5","136111150439","1865344905865.57","-0.016950","-0.012837","-0.012236","1473","20124506149.410","23878746076.720"
"16","2021-44","5","55790702780","1144213087803.92","-0.014426","0.012692","0.007170","1049","9232591395.390","13087994590.360"
"1","2021-44","5","170341783878","2175952021407.00","-0.015815","-0.011990","-0.011072","1646","39608604547.110","44801861816.290"
"64","2021-44","5","159840130","3249673119.00","-0.094007","-0.069466","-0.064365","67","92258316.520","232819490.530"
"2","2021-45","5","201620447","167257729.00","-0.018984","-0.011054","-0.018874","47","11575849.190","13514105.760"
"8","2021-45","5","90704936","399867716.31","-0.014976","-0.004539","-0.007413","43","62234836.950","73090146.960"
"32","2021-45","5","4383061284","248882243177.00","0.047116","0.010742","0.019180","352","1964838599.930","5010257190.820"
"4","2021-45","5","142451872462","1930305871121.29","0.010520","-0.003256","-0.004206","1475","20066333908.510","23806272341.870"
"16","2021-45","5","61955488843","1227355180151.54","0.037002","0.012943","0.015306","1054","9366103717.740","13318120668.080"
"1","2021-45","5","173454974363","2303436117521.00","0.005233","-0.017902","-0.016947","1645","38914670746.590","44047157276.540"
"64","2021-45","5","324062119","5394303952.00","0.159352","0.079059","0.080612","69","100581128.800","254814568.890"
"2","2021-46","5","147386010","142145862.00","0.013429","0.011549","0.004853","47","11709539.000","13579696.110"
"8","2021-46","5","79178720","337195480.34","0.007573","0.006986","0.008558","43","62669621.780","73715709.150"
"32","2021-46","5","4646490089","258869434084.00","0.070740","0.043667","0.050413","354","2062110636.080","5305397470.000"
"4","2021-46","5","137483741005","1791610251866.38","0.038564","0.021143","0.021321","1476","20491983261.720","24338355183.190"
"16","2021-46","5","74315900679","1365779829147.60","0.060869","0.033801","0.032584","1059","9704662570.080","13785693400.160"
"1","2021-46","5","147536296830","1934704863786.00","0.033192","0.011361","0.011853","1645","39357411053.820","44592143706.450"
"64","2021-46","5","489856630","8214099927.00","0.120217","0.115091","0.110889","68","109861505.540","278146525.850"
"2","2021-47","5","132924428","132861511.00","0.011102","0.032043","0.035483","47","12084752.980","14061555.290"
"8","2021-47","5","70619637","348066637.00","0.002406","0.001733","0.002621","43","62778274.790","73908945.080"
"32","2021-47","5","5111310575","275381962697.00","0.022480","0.013954","0.012819","360","2109420647.840","5504015169.880"
"4","2021-47","5","152304179508","1930236057789.00","0.018833","0.011130","0.010264","1477","20731366522.840","24598431719.640"
"1","2021-47","5","147812774563","1907577286623.00","0.018842","0.004673","0.005390","1646","39669489799.470","44833625946.390"
"16","2021-47","5","77922281615","1432036743778.00","0.020410","0.005483","0.007610","1060","9769979967.860","13911701668.520"
"64","2021-47","5","1183740000","21249230000.00","-0.121378","-0.129636","-0.124875","78","100912824.330","258298804.940"
"2","2021-48","5","156107997","206650447.00","0.000153","0.001694","-0.001847","47","12105229.430","14035577.690"
"8","2021-48","5","67661470","319493276.00","0.001561","0.008507","0.011995","43","63312394.300","74795537.540"
"32","2021-48","5","5077327722","300268747442.00","0.035976","0.018983","0.025670","361","2174491053.080","5661305271.010"
"4","2021-48","5","154180536338","1939080666923.00","0.011059","0.002670","0.001950","1476","20786970063.730","24644416906.780"
"1","2021-48","5","158191345144","2081824105999.00","0.009439","0.000131","0.000090","1650","39709895710.940","44888741662.810"
"16","2021-48","5","78146738363","1577864132306.00","0.022724","0.015561","0.015343","1066","9946712997.980","14207718560.160"
"64","2021-48","5","540390000","11285350000.00","0.004556","0.055012","0.065178","79","107222650.240","277847137.980"
"2","2021-49","5","211424261","358467637.00","0.007865","0.017322","0.023829","47","12314923.440","14370043.250"
"8","2021-49","5","82315326","500898710.00","0.005847","0.016087","0.016003","43","64330923.240","75992556.120"
"32","2021-49","5","4718719589","287557914239.00","-0.009346","-0.014121","-0.017195","364","2155714112.520","5593635236.540"
"4","2021-49","5","151619146368","1945575986403.00","0.016340","0.013528","0.012917","1475","21090609991.340","24982594472.180"
"1","2021-49","5","169497091934","2123307048986.00","0.016048","0.014819","0.014718","1649","39857123826.500","45104074989.140"
"16","2021-49","5","76443523478","1475408274840.00","0.000401","0.001992","-0.001807","1068","9981683152.320","14204985070.400"
"64","2021-49","5","369580000","7085350000.00","-0.057292","-0.089876","-0.093483","79","97585915.170","251950051.310"
"2","2021-50","5","152061732","140097316.00","0.008747","-0.000946","-0.001482","47","12303268.680","14348743.560"
"8","2021-50","5","65141935","312764684.00","0.004977","0.007220","0.007530","43","64795440.430","76564836.970"
"32","2021-50","5","4356649965","261796080896.00","-0.025720","-0.001749","-0.009651","367","2174981232.190","5589449080.890"
"4","2021-50","5","159836576487","2068972598283.00","0.005914","0.017013","0.016611","1477","21489351770.670","25414992990.800"
"1","2021-50","5","199037583615","2400548079239.00","0.006966","0.017977","0.017461","1648","40834255429.660","45946507220.830"
"16","2021-50","5","65141230957","1271803017981.00","-0.012637","-0.010241","-0.007093","1076","9897732274.720","14147275995.430"
"64","2021-50","5","257770000","5068750000.00","-0.036427","-0.008245","-0.008146","79","96758910.200","249937767.690"
"2","2021-51","5","170488141","142569336.00","0.004305","-0.015908","-0.010529","47","12107546.690","14197651.910"
"8","2021-51","5","58152805","283958088.00","-0.002369","-0.016960","-0.016415","43","63696461.690","75308006.880"
"32","2021-51","5","4015459164","245400680394.00","-0.006767","-0.022724","-0.021643","369","2162490885.150","5492577027.210"
"1","2021-51","5","191169948176","2254346260682.00","0.013579","-0.008779","-0.008052","1651","40958202305.600","46087265083.960"
"4","2021-51","5","161233514036","1931734546610.00","0.015401","-0.011932","-0.011165","1476","21270892855.280","25178831247.000"
"16","2021-51","5","77750729520","1388320405913.00","0.016177","-0.002585","-0.005089","1079","9887770691.080","14170307882.590"
"64","2021-51","5","373920000","6273590000.00","0.019683","0.002153","-0.007846","79","96995757.020","248395131.610"
"2","2021-52","5","166904461","116031156.00","-0.003065","0.002113","0.001637","47","12133130.160","14220907.020"
"8","2021-52","5","67187904","296115490.00","-0.003895","-0.010385","-0.010196","43","63034926.250","74540117.020"
"32","2021-52","5","3678810434","213242959724.00","-0.021399","-0.026363","-0.028556","372","2125632293.060","5395306163.180"
"1","2021-52","5","196167714495","2064927475958.00","-0.005573","-0.001558","-0.002826","1653","40963818258.030","46062843177.640"
"4","2021-52","5","178856072864","1931143292579.00","-0.003054","0.000428","-0.001224","1476","21317240923.780","25139436768.510"
"16","2021-52","5","72716863554","1219915136290.00","-0.031268","-0.033698","-0.033784","1087","9588876376.230","13752082714.350"
"64","2021-52","5","357210000","5454900000.00","-0.041228","-0.083834","-0.090971","79","89215525.400","225868236.090"
"1","2021-53","5","155187831972","1869271650088.00","0.019859","0.003665","0.004249","1655","41178196149.690","46294169790.590"
"2","2021-53","5","126464174","93000557.00","0.021169","0.014726","0.011672","47","12311810.520","14386903.930"
"8","2021-53","5","57213208","264218257.00","0.012306","0.003906","0.001943","43","63281165.540","74684959.660"
"32","2021-53","5","3494756247","204242864303.00","0.036292","0.030389","0.028441","377","2210484219.850","5585914128.500"
"4","2021-53","5","152971476293","1836653164273.00","0.025634","0.013803","0.014182","1477","21641694726.880","25523115804.360"
"16","2021-53","5","68636299159","1141813970731.00","0.033065","0.018354","0.017533","1090","9791027997.030","14025935553.130"
"64","2021-53","5","662500000","10300170000.00","0.149814","0.140228","0.156561","77","101559071.100","259393886.540"
"64","2022-02","4","679610000","9042540000.00","-0.052885","-0.075822","-0.079544","79","94573598.760","240537622.540"
"2","2022-02","4","136880419","94975041.00","0.008916","0.002826","0.004116","47","12346610.580","14446120.830"
"8","2022-02","4","71499454","300046172.00","0.008733","0.003619","0.004967","43","63510236.410","75055982.960"
"4","2022-02","4","155595884798","1770341060179.00","-0.002325","-0.018814","-0.018553","1478","21273336675.310","25066777627.030"
"1","2022-02","4","160003428199","1827749007190.00","-0.003544","-0.012999","-0.013203","1653","40658843576.400","45700455730.280"
"32","2022-02","4","3537421436","198035878182.00","-0.036844","-0.061052","-0.059426","379","2097032491.040","5275314874.850"
"16","2022-02","4","67307166093","1118334784281.00","-0.020185","-0.057723","-0.052874","1090","9225290595.960","13284785163.160"
"64","2022-03","5","539790079","8022389131.00","0.002550","0.001012","0.015685","80","95471972.460","245115427.640"
"2","2022-03","5","114377538","91137692.00","-0.002495","0.000476","0.002002","47","12352494.980","14475057.760"
"8","2022-03","5","69444082","348233003.00","0.000134","-0.001040","-0.001311","43","63444168.140","74957538.920"
"4","2022-03","5","170104226325","1896183610619.00","0.003337","-0.017191","-0.016326","1479","20950960651.750","24671679908.150"
"1","2022-03","5","176060853300","1974912130084.00","-0.002745","-0.018361","-0.017883","1653","39947207119.980","44899441384.910"
"32","2022-03","5","4367050935","265229309690.00","0.020634","0.010179","0.013285","382","2127201394.380","5433433515.560"
"16","2022-03","5","70449515900","1231576708416.00","0.014539","0.012172","0.010299","1092","9339381005.790","13415580393.540"
"64","2022-04","5","809521200","14289471421.00","0.045347","0.014131","0.012937","81","97675912.820","249542572.320"
"2","2022-04","5","107595064","87932594.00","-0.011409","-0.002284","-0.000604","47","12324276.700","14466305.470"
"8","2022-04","5","74326892","325420165.00","-0.005291","-0.001897","-0.003091","43","63301894.490","74725783.730"
"4","2022-04","5","164780472102","1868923830608.00","-0.030255","-0.009875","-0.011194","1477","20755834956.230","24394702151.440"
"1","2022-04","5","168006811804","1933086705706.00","-0.025046","0.003630","0.002329","1656","40144212127.820","45032129712.560"
"32","2022-04","5","4816909475","273692516276.00","-0.045798","-0.039069","-0.048705","384","2054399247.480","5196658361.300"
"16","2022-04","5","84494226130","1417821444460.00","-0.038230","-0.031115","-0.035381","1095","9038329002.580","12947785362.190"
"64","2022-05","5","447983709","7358405996.00","-0.089138","-0.063764","-0.062878","80","88787587.240","225036966.110"
"2","2022-05","5","136662217","107425115.00","-0.024453","-0.020441","-0.015756","47","12072353.130","14238360.410"
"8","2022-05","5","79320688","347912365.00","-0.025285","-0.020326","-0.022776","43","62015180.120","73023808.850"
"4","2022-05","5","131958358306","1490932375752.00","-0.053659","-0.052555","-0.052891","1478","19705219290.590","23261731523.750"
"1","2022-05","5","140218585170","1573052390805.00","-0.051626","-0.045527","-0.044864","1658","38383363143.330","43049623825.420"
"32","2022-05","5","5065429989","206623909336.00","-0.062161","-0.053701","-0.056958","387","1970027590.160","5014387946.710"
"16","2022-05","5","58094854722","965480583594.00","-0.067754","-0.051712","-0.051180","1102","8646779944.610","12351840777.710"
"64","2022-07","5","423298296","5990652383.00","-0.033628","-0.064528","-0.076071","81","130323775.770","216632764.880"
"2","2022-07","5","132181028","117142910.00","0.006677","0.015368","0.020217","47","12257889.650","14526226.490"
"8","2022-07","5","91509479","419451168.00","0.010010","0.006927","0.005765","43","62392197.020","73392183.540"
"4","2022-07","5","146822914496","1612113038555.00","0.032639","0.016728","0.018881","1479","20119609503.210","23748134173.360"
"1","2022-07","5","170950153327","1785692712690.00","0.030887","0.037078","0.036002","1658","39829802666.890","44603214707.670"
"32","2022-07","5","4302802638","183658169437.00","-0.039084","-0.051348","-0.050537","389","1880620685.820","4782123839.890"
"16","2022-07","5","57776895288","979024336838.00","0.006206","-0.040779","-0.034705","1104","8348451847.960","11971661513.910"
"64","2022-08","5","335357837","5920115755.00","-0.015341","0.004879","-0.000634","81","131837769.700","216533593.270"
"2","2022-08","5","120953063","98830028.00","0.005592","0.004034","0.004304","47","12307347.520","14588757.690"
"8","2022-08","5","55947913","270323926.00","-0.000614","-0.002687","-0.004855","43","62224552.280","73035836.310"
"4","2022-08","5","141263564682","1546686676782.00","0.018261","0.016106","0.015441","1482","20459012084.520","24127340835.960"
"1","2022-08","5","142250009207","1551531180357.00","0.019466","0.006718","0.006523","1659","40144990892.520","44897037652.240"
"32","2022-08","5","3453070620","159723123200.00","0.026820","0.032687","0.031899","391","1945608210.110","4945794208.680"
"16","2022-08","5","54261083728","954529428077.00","0.032704","0.035310","0.033874","1105","8658352380.870","12409367409.720"
"64","2022-09","5","385298163","5986405984.00","-0.031174","-0.007351","-0.013258","82","132310303.280","214528553.660"
"2","2022-09","5","187870109","152394329.00","-0.008380","-0.009457","-0.013217","47","12190947.110","14395936.070"
"8","2022-09","5","68400886","305286406.00","-0.011943","-0.011327","-0.009991","43","61519693.500","72306121.700"
"4","2022-09","5","167728884743","1868750116866.00","-0.000277","-0.006363","-0.006319","1482","20348239667.860","23992244841.650"
"1","2022-09","5","177315052685","1947947324838.00","0.000810","-0.014518","-0.014090","1661","39619856778.050","44299332453.730"
"32","2022-09","5","4429434815","211248752189.00","0.024835","0.034267","0.035278","390","2013287914.250","5106888623.420"
"16","2022-09","5","74471465201","1271880340910.00","0.013386","0.014224","0.010297","1109","8795122891.760","12551876600.600"
"64","2022-10","5","299557597","4742599054.70","-0.027448","-0.013647","-0.013071","84","131961711.100","214140903.990"
"2","2022-10","5","176477521","163682974.00","-0.000670","-0.017236","-0.009711","47","11980813.020","14256128.660"
"8","2022-10","5","52029641","284277483.56","-0.013697","-0.009101","-0.013115","43","60925885.310","71323893.850"
"4","2022-10","5","147861436458","1663564341624.19","0.000175","-0.020168","-0.018930","1483","19940256973.650","23548776473.070"
"1","2022-10","5","176458594688","1871709788578.00","0.008266","0.001191","0.000836","1660","39663471613.660","44324745243.550"
"32","2022-10","5","4097788195","208054991792.00","-0.020535","-0.023200","-0.020031","390","1981703655.400","5004591735.910"
"16","2022-10","5","61788907974","1088060548929.59","-0.006784","-0.026710","-0.021004","1110","8567354074.290","12317804435.310"
"64","2022-11","5","280294629","4292342882.83","-0.072134","-0.072283","-0.073090","85","124098349.480","199261995.310"
"2","2022-11","5","167162591","131687847.00","-0.009162","-0.008300","-0.008587","46","10509370.790","12762107.140"
"8","2022-11","5","76213622","414527434.32","-0.025908","-0.037502","-0.042005","43","58641043.640","68327895.820"
"4","2022-11","5","166297072983","1832121978350.71","-0.035497","-0.044901","-0.044987","1482","19033933755.940","22470434882.350"
"1","2022-11","5","198697691916","2146766480575.00","-0.036901","-0.039297","-0.040218","1660","38144836556.050","42563990690.780"
"32","2022-11","5","4955629168","240784931853.00","-0.042232","-0.033308","-0.029349","393","1935398993.760","4901723555.370"
"16","2022-11","5","67723532066","1204302648130.30","-0.034692","-0.028861","-0.032083","1114","8350648028.590","11965485059.790"
"64","2022-12","5","389183150","5861296573.19","-0.005573","0.018681","0.007382","85","126434773.400","200732970.790"
"2","2022-12","5","196786318","166170677.00","-0.005113","-0.002939","-0.005063","46","10478482.730","12697487.030"
"8","2022-12","5","108923731","578685619.93","-0.027798","-0.040677","-0.039986","43","56255696.790","65595696.730"
"4","2022-12","5","166317846873","1817567942314.62","-0.015892","-0.019065","-0.019009","1483","18698036851.340","22087213412.280"
"1","2022-12","5","198784437430","2154201104978.00","-0.017595","-0.017518","-0.017319","1661","37487772765.640","41844187638.700"
"32","2022-12","5","5170987141","254230849241.00","-0.025101","-0.020824","-0.022350","398","1900322523.720","4816148338.130"
"16","2022-12","5","73104543663","1324509226041.17","-0.013803","0.002334","-0.001950","1117","8386737708.720","11997427579.950"
"2","2022-13","5","129116913","84724185.00","0.004000","0.001293","0.003142","46","10492039.270","12737390.280"
"64","2022-13","5","280146689","4989190049.08","-0.033885","-0.040351","-0.033218","86","121611013.890","194803265.730"
"8","2022-13","5","55392960","262438286.81","0.000604","-0.002577","0.003232","43","56110697.060","65807737.810"
"4","2022-13","5","162598883994","1680536314358.22","0.007101","-0.009737","-0.010622","1484","18532732196.750","21865429215.760"
"1","2022-13","5","168922897481","1815507096063.00","0.003840","-0.009981","-0.010599","1664","37250989539.890","41418876557.860"
"32","2022-13","5","4380653253","193750740563.00","-0.018172","-0.028343","-0.029343","402","1860131121.130","4705928229.880"
"16","2022-13","5","63900507681","1068565614250.12","-0.013681","-0.024502","-0.022583","1122","8235942964.380","11755756128.360"
"2","2022-14","5","165850380","144153578.00","0.000281","0.033337","0.047256","46","10839659.670","13337156.930"
"64","2022-14","5","214417517","3123000069.04","0.023013","-0.004789","0.002196","86","121056288.710","195264708.220"
"8","2022-14","5","148929242","602105174.39","0.003696","0.016373","0.021827","43","57029415.960","67244139.990"
"4","2022-14","5","170350686551","1707617897325.04","0.005206","0.011645","0.011686","1481","18751431852.570","22114866772.400"
"1","2022-14","5","176787426326","1823174931731.00","0.006963","0.024760","0.023424","1665","38182155773.910","42396539175.520"
"32","2022-14","5","3513982595","161116686800.00","-0.016997","-0.013191","-0.013399","405","1857670419.000","4670968601.990"
"16","2022-14","5","56391926058","944129538726.21","-0.017627","0.000216","-0.003451","1126","8251301042.150","11747192754.480"
"2","2022-15","3","127701814","109788421.00","0.004036","0.010492","0.019614","46","10953396.550","13598754.500"
"64","2022-15","3","116673176","1545067554.36","-0.026001","-0.043391","-0.041729","86","115803517.770","187116333.140"
"8","2022-15","3","66917899","285656081.84","-0.003407","-0.002198","-0.007120","43","56904047.200","66765298.340"
"4","2022-15","3","108373683448","1041365959065.85","-0.013115","-0.013895","-0.013579","1477","18479133865.220","21798152693.850"
"1","2022-15","3","122284128290","1147807784422.00","-0.010632","-0.005974","-0.006071","1661","37953445823.640","42102025699.750"
"32","2022-15","3","2197793725","97170456627.00","-0.044396","-0.052299","-0.051396","407","1770385653.640","4467910387.180"
"16","2022-15","3","34108657442","528198703684.47","-0.033236","-0.037935","-0.038306","1128","7947835594.350","11312007802.700"
"2","2022-16","5","258687485","237765107.00","-0.023056","-0.003795","0.001814","46","10911822.190","13623426.470"
"64","2022-16","5","164995344","2384693544.01","-0.050394","-0.103363","-0.085837","87","104000507.310","171629725.590"
"8","2022-16","5","76035581","312967091.29","-0.006679","-0.001048","-0.001345","43","56844389.940","66675480.980"
"4","2022-16","5","168573467597","1658133893148.25","-0.036996","-0.022239","-0.024344","1479","18078537037.730","21270009687.980"
"1","2022-16","5","197703922142","1918103633245.00","-0.025324","-0.009266","-0.010401","1661","37641988723.910","41715430919.170"
"32","2022-16","5","3309736148","150875625114.00","-0.055699","-0.053551","-0.050784","410","1689201979.200","4269766822.970"
"16","2022-16","5","51035250190","806044524271.70","-0.057100","-0.047534","-0.047430","1132","7597799484.740","10793011750.570"
"2","2022-17","5","170915854","160701460.00","-0.007890","0.002262","0.009369","46","10936506.210","13751074.510"
"64","2022-17","5","160825253","2043068211.90","-0.048057","-0.017773","-0.024206","87","102554462.350","167471137.360"
"8","2022-17","5","71437672","293319397.88","-0.012597","-0.004241","-0.006128","43","56603292.070","66266846.210"
"4","2022-17","5","145736604586","1391515172000.16","-0.050222","-0.046076","-0.045655","1479","17231840286.970","20273303234.630"
"1","2022-17","5","174903193213","1701468241142.00","-0.040370","-0.038164","-0.037868","1662","36257129711.520","40177811138.980"
"32","2022-17","5","3255042908","145563998530.00","-0.046126","-0.041692","-0.041628","416","1640337018.510","4161715010.310"
"16","2022-17","5","46428060332","748171760620.94","-0.044132","-0.063852","-0.057512","1139","7133222841.550","10205896975.190"
"2","2022-18","5","203786460","206806453.00","-0.005890","0.008189","0.016613","45","10965096.740","13918042.650"
"8","2022-18","5","104705289","448746258.47","-0.028947","-0.006590","-0.010624","43","56230231.910","65562822.780"
"64","2022-18","5","209654176","2515401888.29","-0.067916","-0.012291","-0.031828","87","101073494.600","162064203.650"
"4","2022-18","5","165261694607","1513407747144.70","-0.056363","-0.016954","-0.018218","1483","16967757872.750","19914828757.270"
"1","2022-18","5","201053333265","1896444189943.00","-0.052073","-0.011604","-0.013834","1662","35841254615.830","39631959843.960"
"32","2022-18","5","4501482440","177377192064.00","-0.042347","-0.010957","-0.007612","420","1626778247.970","4145672970.170"
"16","2022-18","5","59022266595","870148594434.39","-0.063987","-0.014605","-0.019632","1141","7051146204.680","10013051904.960"
"2","2022-19","2","83409410","86802638.00","-0.008837","-0.007400","0.001002","43","10828603.330","13876169.190"
"8","2022-19","2","64396316","253349109.52","-0.024293","-0.012198","-0.017018","42","55461695.830","64364876.670"
"64","2022-19","2","86267156","1026425106.66","0.007387","0.035383","0.026107","87","104405882.420","166048523.560"
"4","2022-19","2","58514564428","581545587118.56","0.005717","-0.011012","-0.009749","1466","16756264605.300","19681300665.370"
"1","2022-19","2","70972914468","686527265777.00","0.002663","-0.016963","-0.015730","1644","35191532031.400","38959042445.220"
"32","2022-19","2","1577385435","68464701364.00","0.012476","0.003861","0.002427","420","1633972340.310","4155380191.600"
"16","2022-19","2","20023729220","323400768865.50","0.014653","-0.014622","-0.011313","1131","6945915021.820","9888989955.600"
"2","2022-20","5","148620864","136710438.00","0.009852","0.004202","0.002411","44","10934843.740","13970253.560"
"64","2022-20","5","233032298","2671496891.09","0.079386","0.078372","0.083407","88","112868379.440","180753455.390"
"8","2022-20","5","101813438","408654495.90","0.002616","0.012615","0.006734","42","56161351.820","64798321.650"
"4","2022-20","5","153727084203","1509210963604.09","0.051426","0.031417","0.032649","1469","17315813105.470","20345534479.850"
"1","2022-20","5","172086448371","1689204856745.00","0.048282","0.024579","0.025070","1649","36095438166.960","39968249790.360"
"32","2022-20","5","4054208494","176669400055.00","0.061322","0.069299","0.065016","420","1749124125.800","4424822115.370"
"16","2022-20","5","51008366629","798379054451.48","0.057616","0.053016","0.051269","1133","7319726659.170","10400279241.470"
"2","2022-21","5","205482817","159125473.00","0.019035","0.053957","0.067771","45","11383661.650","14776153.700"
"8","2022-21","5","101885275","455814086.68","0.022097","0.034843","0.042634","42","58040010.580","67483645.490"
"64","2022-21","5","247980128","2716116781.19","0.003561","0.015236","0.013288","89","114851195.210","183605079.030"
"4","2022-21","5","156990557750","1531241745679.83","0.033308","0.028143","0.028259","1468","17834068081.390","20886036612.220"
"1","2022-21","5","165274642967","1644396912446.00","0.026580","0.019689","0.019615","1653","36817512243.330","40754684938.890"
"32","2022-21","5","3763907892","169325252477.00","0.027141","0.034855","0.038029","421","1822336014.270","4614794941.990"
"16","2022-21","5","48134402390","727425094201.32","0.024698","0.026445","0.024875","1134","7517926755.110","10657656433.950"
"2","2022-22","5","209648326","184802104.00","0.010755","0.010174","0.018533","45","11499482.840","15050011.920"
"8","2022-22","5","92464442","457774950.52","0.014225","0.015541","0.019834","42","58817586.870","68497991.140"
"64","2022-22","5","175071558","1882423458.67","-0.031130","-0.060514","-0.053320","91","108373927.920","174659144.140"
"4","2022-22","5","159281501629","1605152519832.42","0.002218","-0.008146","-0.007062","1468","17669059217.120","20705320476.810"
"1","2022-22","5","180288488143","1746176780778.00","0.003205","-0.001758","-0.001981","1656","36756861425.210","40656225807.460"
"32","2022-22","5","3673572970","164678409406.00","-0.035084","-0.041351","-0.039152","424","1753012937.360","4452732242.390"
"16","2022-22","5","49125235569","733387490040.93","-0.016397","-0.030343","-0.029141","1136","7299315921.270","10347029406.940"
"2","2022-23","4","301265014","332842669.00","0.002386","-0.020212","-0.038906","45","11267050.960","14464461.340"
"8","2022-23","4","101010541","601624254.60","0.020218","0.014291","0.012642","42","59459153.910","69164921.300"
"64","2022-23","4","157865723","1612160181.81","0.016151","0.072369","0.060678","92","116279817.830","185861646.180"
"4","2022-23","4","123874124851","1300839476351.93","0.027344","0.030833","0.029981","1473","18175418237.580","21291847141.380"
"1","2022-23","4","139648273711","1432715327392.00","0.026965","0.015003","0.015394","1657","37238543236.300","41197742869.620"
"32","2022-23","4","5182522779","190386666946.00","0.148240","0.108112","0.115707","424","1951436448.030","4965753010.080"
"16","2022-23","4","37891398638","597602610592.22","0.038582","0.051351","0.049425","1138","7679069666.640","10852511123.990"
"2","2022-24","5","207427318","201798765.00","0.015834","0.045648","0.065520","45","11758949.270","15389752.740"
"8","2022-24","5","110550712","456427743.28","-0.009559","0.013940","0.012642","42","59654584.470","68695390.680"
"64","2022-24","5","288126089","2696140113.18","0.000391","0.040077","0.024193","94","121511611.370","191331512.220"
"1","2022-24","5","204010813601","2153127457562.00","0.012271","0.031473","0.030661","1662","38384792557.090","42388022693.180"
"4","2022-24","5","174697471426","1892265682630.91","0.009478","0.031207","0.031009","1479","18727918243.950","21924246269.410"
"32","2022-24","5","7882601660","326056547713.00","-0.006379","0.011365","0.011922","428","2001995476.490","5087576644.130"
"16","2022-24","5","54197908694","907142836336.42","-0.000480","0.026817","0.024531","1148","7904568741.350","11138136596.780"
"2","2022-25","5","212201243","187820396.00","0.002045","0.056368","0.039997","45","11606105.840","15189249.440"
"8","2022-25","5","179850357","762324115.56","0.022928","0.015105","0.014761","43","60365703.410","70231639.930"
"64","2022-25","5","230138084","2240383338.02","-0.015884","0.007332","0.000092","96","123310770.310","193310945.640"
"1","2022-25","5","221148180624","2406187070196.00","0.011019","0.010946","0.011018","1662","38804093965.610","42831823194.430"
"4","2022-25","5","188718348204","2021360214415.27","0.016128","0.016268","0.015740","1480","19058292324.500","22278840127.720"
"32","2022-25","5","5446837878","243644498807.00","0.016125","0.009096","0.007253","428","2026377898.360","5121744203.450"
"16","2022-25","5","59655881818","990332185985.32","0.024745","0.035895","0.034574","1151","8180926178.240","11541962338.230"
"2","2022-26","5","203173974","170469961.00","0.018052","0.035204","0.015802","45","11419145.060","14833738.180"
"8","2022-26","5","201583827","773388942.42","0.033007","0.030936","0.031163","43","61939902.910","72127010.420"
"64","2022-26","5","193334693","2167176374.59","-0.001802","0.062198","0.049440","98","131518054.890","203931729.560"
"1","2022-26","5","191695705800","2157235948425.00","0.017323","0.011042","0.011355","1655","39166570620.180","43239994271.440"
"4","2022-26","5","176636937924","1981511637916.00","0.026796","0.017371","0.017756","1483","19420923969.050","22695901615.900"
"32","2022-26","5","5589223033","265835719118.00","0.029380","0.019564","0.023333","430","2091202453.180","5324975113.620"
"16","2022-26","5","62673139179","1070963093335.29","0.034835","0.054985","0.050695","1154","8662039000.010","12139235949.500"
"2","2022-27","5","196238848","159711242.00","0.020655","0.024116","0.028844","45","11617199.610","15184278.830"
"8","2022-27","5","312705955","1230450865.97","0.017375","0.014425","0.015817","43","62539064.280","72973530.010"
"64","2022-27","5","350147628","3475076929.65","0.032570","-0.015163","-0.002276","98","129824983.230","203306934.120"
"1","2022-27","5","193578052286","2306010483194.00","0.008825","0.015530","0.014937","1657","39800951482.150","43807258644.060"
"4","2022-27","5","193949212867","2235191532111.09","0.013732","0.022687","0.019903","1479","19856323645.510","23131843963.540"
"32","2022-27","5","6073737877","290055275169.00","-0.009704","-0.012268","-0.008478","432","2095148030.760","5321845301.580"
"16","2022-27","5","65326293843","1144083705589.98","0.006611","-0.006939","-0.002391","1156","8631039833.390","12193089006.900"
"2","2022-28","5","152419892","123912213.00","0.021066","0.013637","0.013923","45","11615834.010","15235903.070"
"64","2022-28","5","153602400","1832330358.86","-0.017937","-0.026533","-0.026459","100","127104105.980","199889804.410"
"1","2022-28","5","175480245751","2075021530965.00","-0.005205","-0.009661","-0.009481","1653","39346203840.300","43293821259.000"
"8","2022-28","5","144800035","604530276.17","0.003989","0.009113","0.016324","42","62870661.410","73926232.110"
"4","2022-28","5","177072609838","2074687647415.62","0.001709","-0.003387","-0.002247","1477","19807156599.490","23070074967.900"
"16","2022-28","5","54893257923","1051778358648.04","-0.001417","0.007015","0.004910","1154","8726547009.900","12278717453.500"
"32","2022-28","5","5506225676","277665327008.00","0.006935","0.012472","0.014628","435","2135111833.420","5431801011.690"
"2","2022-29","5","146359027","129614846.00","0.004810","0.122290","0.197919","44","11294954.850","14718278.910"
"64","2022-29","5","169878631","1731480884.29","-0.026331","-0.057185","-0.046382","102","120713344.000","192120650.710"
"1","2022-29","5","169454084975","1873265209627.00","-0.023305","-0.030924","-0.030216","1655","37806882685.010","41665629578.300"
"8","2022-29","5","167571191","681578445.61","-0.011996","-0.002169","-0.001280","42","62583882.240","73681231.080"
"4","2022-29","5","180642266564","1994969327481.81","-0.024652","-0.033792","-0.032578","1479","19148074512.970","22325286616.610"
"16","2022-29","5","50785388853","925282287271.73","-0.015177","-0.017317","-0.016413","1155","8591867175.400","12077928422.050"
"32","2022-29","5","4919376448","248738917911.00","-0.014839","-0.019170","-0.016784","437","2108206874.720","5360837701.450"
"2","2022-30","5","115990297","103276969.00","0.038526","0.037549","0.030681","44","11414555.970","14865003.340"
"64","2022-30","5","172154106","2521089099.88","-0.002796","-0.021994","-0.014105","104","118808261.960","191607043.740"
"1","2022-30","5","154177348174","1744760781334.00","0.035450","0.013050","0.013329","1655","38290965204.750","42180156523.330"
"8","2022-30","5","176232007","733236496.52","0.020943","0.024360","0.019844","42","64016953.220","75051888.100"
"4","2022-30","5","179537443221","1925545134621.85","0.046609","0.013698","0.013042","1479","19413509691.420","22626801292.160"
"16","2022-30","5","57367060324","996992338091.93","0.040121","0.009646","0.009188","1157","8682085605.490","12194214490.180"
"32","2022-30","5","5562845115","261637033938.00","0.034245","0.020859","0.021821","439","2352240318.750","5539593744.300"
"2","2022-31","5","117843956","113994772.00","0.013232","0.011216","0.010831","44","11527130.360","15010553.490"
"64","2022-31","5","289849072","2926086892.06","0.011686","-0.021837","-0.014971","103","116029768.170","188217033.350"
"1","2022-31","5","131782660177","1558905012679.00","0.009654","-0.006547","-0.005806","1655","38016773956.980","41897926160.830"
"8","2022-31","5","214148555","943095040.86","0.003626","0.010855","0.014838","42","64711918.620","76165535.790"
"4","2022-31","5","176331306481","1843405300531.69","0.015791","0.000597","0.001223","1480","19433311382.830","22672222839.040"
"16","2022-31","5","52566803367","913384363061.02","0.015701","-0.008882","-0.007769","1158","8629738089.950","12147801677.180"
"32","2022-31","5","5622696732","269275619829.00","0.033575","0.020137","0.019551","442","2408934936.800","5664415060.000"
"2","2022-32","5","156939446","146416614.00","0.002924","0.012467","0.002639","44","11360534.980","14739861.280"
"64","2022-32","5","202680843","2324330192.78","-0.023063","-0.025467","-0.022609","104","113463108.900","184487806.460"
"8","2022-32","5","255624136","1191363033.36","-0.006015","-0.006725","-0.006741","42","64276700.930","75652051.190"
"1","2022-32","5","147164452294","1766050398575.00","-0.018745","-0.012239","-0.012295","1656","37553491181.070","41364918107.570"
"4","2022-32","5","182635313143","1980609710178.92","-0.020631","-0.010534","-0.011157","1481","19189027928.310","22364131155.950"
"16","2022-32","5","63123386522","1087534804670.39","-0.005707","0.004205","0.003337","1164","8687770773.750","12316553131.930"
"32","2022-32","5","7363539953","348537470124.00","0.042203","0.050732","0.048188","445","2560276196.480","5978347121.620"
"2","2022-33","5","156472185","118824144.00","0.034413","0.030778","0.037944","44","11596472.160","15185429.220"
"64","2022-33","5","385293706","4443772188.43","0.029490","0.032557","0.031832","105","119004283.590","195024662.240"
"8","2022-33","5","262126091","1094837570.78","0.015632","0.013984","0.014503","42","65175574.130","76749269.590"
"1","2022-33","5","129656325582","1641945731525.00","0.028243","0.017496","0.017456","1656","38226009359.550","42076276587.580"
"4","2022-33","5","166439412760","1856391977224.43","0.035509","0.022025","0.021871","1482","19662823504.840","22863060829.750"
"16","2022-33","5","58960561104","1075601521258.61","0.029139","0.013448","0.012603","1170","8816467558.950","12502733104.000"
"32","2022-33","5","7386743639","362317499142.00","0.012100","-0.000684","-0.007040","448","2639779861.540","6086014501.970"
"2","2022-34","5","170780847","132382693.00","0.005426","0.000203","-0.000573","44","11554870.060","15132761.670"
"64","2022-34","5","237662113","3372559042.22","-0.011898","0.002458","0.003210","105","120180529.990","195754122.550"
"8","2022-34","5","151332186","620835111.78","0.002667","-0.017242","-0.014993","42","64051775.870","75598568.760"
"1","2022-34","5","148105176415","1756858634760.00","0.004842","-0.004892","-0.004263","1657","38046409299.460","41886778284.020"
"4","2022-34","5","188423049216","2048820522836.75","0.011442","-0.004057","-0.002546","1486","19645317734.190","22884458717.760"
"16","2022-34","5","59495733006","1099609198600.72","-0.000706","0.008924","0.005545","1174","8911111915.710","12602103401.460"
"32","2022-34","5","6929448266","338514332886.00","-0.003619","-0.012476","-0.006456","452","2636951084.970","6074140147.660"
"2","2022-35","5","239042466","205665608.00","0.011476","0.009730","0.023312","44","11667309.180","15485545.460"
"64","2022-35","5","237178105","2742164634.47","-0.024615","-0.033218","-0.034391","106","116609045.680","189665078.560"
"8","2022-35","5","128718481","530506183.06","-0.013908","-0.012957","-0.012919","42","63221786.560","74621830.360"
"1","2022-35","5","157671034995","1807622081803.00","-0.013201","0.000525","-0.000893","1657","38131695891.130","41848269047.230"
"4","2022-35","5","181007351443","1967693582863.02","-0.018401","-0.017622","-0.018852","1488","19280548317.680","22437586235.370"
"16","2022-35","5","54671422554","980817368411.82","-0.049055","-0.042674","-0.043775","1175","8526874130.740","12057318139.590"
"32","2022-35","5","6426774669","312323901717.00","-0.070129","-0.063209","-0.065893","457","2490288202.950","5860400094.080"
"2","2022-36","5","183543107","158910649.00","-0.000607","-0.008262","-0.011106","44","11565400.100","15308047.080"
"8","2022-36","5","95183492","450259616.15","-0.000958","-0.010679","-0.012372","42","62546612.440","73698542.050"
"64","2022-36","5","192078280","2031534900.89","-0.012803","-0.021837","-0.024517","110","115662322.130","187869147.250"
"4","2022-36","5","156648530810","1632799079806.14","-0.012007","-0.025092","-0.025147","1489","18896793478.440","21900498874.520"
"1","2022-36","5","140638046141","1538393787550.00","-0.012790","-0.014868","-0.015088","1659","37611732107.400","41212851940.840"
"16","2022-36","5","46171334439","795271504965.22","-0.011807","-0.030153","-0.028274","1181","8303268046.900","11755903921.980"
"32","2022-36","5","5264439900","260097803312.00","-0.015087","-0.015111","-0.011767","460","2463888269.110","5814218587.020"
"2","2022-37","5","164072904","141162834.00","0.011863","0.023831","0.019379","44","11841023.390","15604698.900"
"8","2022-37","5","96843681","406774788.20","-0.002195","-0.001246","0.000178","42","62468664.300","73711680.080"
"64","2022-37","5","178681806","1884996967.16","0.003562","-0.005898","-0.000163","110","115337048.840","187797627.510"
"1","2022-37","5","141641129382","1511019705321.00","0.017440","0.025379","0.025107","1660","38577644371.260","42272115733.240"
"4","2022-37","5","155719483953","1591404288884.58","0.014791","0.018901","0.018784","1490","19268478256.600","22320390813.380"
"16","2022-37","5","39785562961","732664092624.27","-0.004124","0.004565","0.003662","1186","8353287090.000","11830808873.310"
"32","2022-37","5","4801578879","242067595732.00","0.001569","0.010437","0.011826","461","2511683110.810","5932512194.210"
"2","2022-38","4","163234560","154750798.00","-0.018617","-0.014149","-0.013441","44","11673477.810","15394951.030"
"8","2022-38","4","115344847","456676048.96","-0.016961","-0.022065","-0.022267","42","61090293.320","72070336.310"
"64","2022-38","4","281497972","2704924694.17","0.026675","-0.041584","-0.022082","110","110664776.370","183727165.740"
"1","2022-38","4","113412331406","1205135818229.00","-0.050869","-0.041183","-0.041774","1660","37002130249.260","40542832527.410"
"4","2022-38","4","124046789752","1239139785246.99","-0.052988","-0.047507","-0.048676","1490","18343823281.940","21235170791.110"
"16","2022-38","4","31443583233","579955508908.46","-0.054135","-0.063949","-0.061673","1188","7826385140.400","11111829491.080"
"32","2022-38","4","3730954273","186845531984.00","-0.035245","-0.034575","-0.031655","463","2440897509.730","5757490255.020"
"2","2022-39","5","148200433","129512447.00","-0.022077","-0.033809","-0.035720","44","11278810.110","14845036.170"
"64","2022-39","5","898354971","7587620009.27","0.016627","-0.006377","-0.002593","111","110572943.390","184038006.010"
"8","2022-39","5","93261420","403734021.85","-0.006648","-0.015752","-0.019044","42","59288848.970","69858666.180"
"1","2022-39","5","112190369015","1182806146485.00","-0.015530","-0.008053","-0.007885","1659","36655732216.010","40179459844.280"
"4","2022-39","5","131891009730","1288404240561.90","-0.011809","-0.016920","-0.016669","1492","18094485555.360","20883308892.530"
"16","2022-39","5","32670417249","585947558637.96","-0.026588","-0.027442","-0.029087","1193","7629871172.450","10829256777.690"
"32","2022-39","5","4284140663","199860652237.00","-0.040005","-0.042079","-0.037578","468","2345657226.770","5565487860.830"
"2","2022-40","5","225111080","199925928.00","-0.051552","-0.050945","-0.055417","44","10704206.700","14022368.580"
"64","2022-40","5","545206591","5936842427.26","-0.063259","-0.060850","-0.063693","114","105324490.740","180010715.380"
"8","2022-40","5","98415181","469347415.28","-0.030667","-0.025874","-0.026633","42","57754774.610","67998115.500"
"1","2022-40","5","110995064401","1179969242569.00","-0.035407","-0.019832","-0.020742","1661","35969011789.110","39386878115.100"
"4","2022-40","5","124746579334","1214297402561.37","-0.042038","-0.028795","-0.030276","1494","17625839988.890","20255713396.190"
"16","2022-40","5","32137537847","575768157620.90","-0.039491","-0.017277","-0.018913","1199","7518266272.280","10647179568.660"
"32","2022-40","5","4747657819","194978588276.00","-0.025998","-0.021827","-0.021024","473","2342871335.480","5504869143.640"
"8","2022-42","5","84523686","430112265.98","0.015397","0.002952","0.009179","42","57925291.270","68622325.050"
"1","2022-42","5","117262543209","1290312500159.00","0.039941","0.012874","0.013627","1662","36452132021.600","39929363152.770"
"4","2022-42","5","130679461171","1300777474041.87","0.049483","0.023854","0.026398","1494","18054665384.670","20805279915.220"
"16","2022-42","5","35773450184","656481667341.18","0.058136","0.062840","0.059944","1201","8006318128.440","11321504667.190"
"32","2022-42","5","5298348868","242317260272.00","0.057241","0.029343","0.030248","476","2425392374.490","5709751266.040"
"64","2022-42","5","414476200","4646995079.08","0.015625","0.009062","0.006810","117","107707553.010","184194930.400"
"2","2022-42","5","143275623","125737463.00","0.038943","0.039748","0.045893","44","11129681.300","14665902.570"
"2","2022-43","5","121358226","109098312.00","0.004688","-0.006082","-0.005540","44","11061984.040","14584645.740"
"64","2022-43","5","479406549","6067874519.12","0.008702","0.016072","0.022926","118","109849198.680","190078578.130"
"8","2022-43","5","52582512","245877102.60","-0.006804","-0.003649","-0.008109","42","57713885.640","68065819.330"
"1","2022-43","5","116260035183","1341208485553.00","0.001490","-0.014718","-0.013829","1663","35939820129.580","39377325098.470"
"4","2022-43","5","143535713678","1469516259496.70","0.006713","-0.013807","-0.012448","1495","17811378627.230","20552869450.270"
"16","2022-43","5","41951049474","754779682405.53","0.015642","-0.003104","-0.002113","1202","7986871263.230","11300172348.860"
"32","2022-43","5","6531501838","301544003627.00","0.039492","0.026713","0.022856","479","2512461127.050","5858732157.960"
"2","2022-44","5","180488210","162129824.00","-0.024273","-0.034676","-0.040179","44","10678396.340","13998639.020"
"64","2022-44","5","362824382","4731053878.03","-0.036441","-0.064530","-0.059052","120","104747324.030","183162311.330"
"8","2022-44","5","91906775","457449080.08","-0.032192","-0.056041","-0.048367","42","54479486.200","64773652.050"
"1","2022-44","5","130887585731","1533448211867.00","-0.037159","-0.045205","-0.043874","1663","34313661771.300","37637039064.070"
"4","2022-44","5","158701950343","1631657909299.98","-0.038822","-0.044936","-0.044313","1497","17014393213.560","19662630384.970"
"16","2022-44","5","51630601298","927966207014.10","-0.031274","-0.044775","-0.045045","1204","7637853811.900","10799867542.070"
"32","2022-44","5","6978783149","337079881668.00","-0.018781","0.000871","-0.003627","483","2548024152.770","5870547801.270"
"2","2022-45","5","179403308","149663266.00","0.031697","0.026131","0.025739","44","10957437.880","14358962.640"
"8","2022-45","5","94951531","510649364.72","0.017173","0.027916","0.023662","42","56000385.320","66306379.670"
"64","2022-45","5","406897890","4618517488.84","0.034962","0.054974","0.046407","121","110627406.530","192706351.440"
"1","2022-45","5","145562154383","1727267901772.00","0.064161","0.049409","0.049959","1663","36037845967.030","39528983173.390"
"4","2022-45","5","161430988789","1787388946715.55","0.070684","0.069861","0.071167","1498","18225336133.000","21064462226.660"
"16","2022-45","5","53818424595","977486364512.15","0.081653","0.080676","0.082120","1209","8274716567.740","11716750419.210"
"32","2022-45","5","7862175943","386334007054.00","0.096898","0.087776","0.086554","482","2769963261.890","6370630977.810"
"2","2022-46","5","137569777","104300197.00","0.010491","0.003864","0.004233","44","10999786.290","14419755.480"
"8","2022-46","5","65844378","309959705.39","0.011502","0.022297","0.021488","42","57249044.330","67731180.230"
"64","2022-46","5","401792238","4533491597.64","0.007518","0.015974","0.008406","123","113652718.690","196373350.280"
"1","2022-46","5","141983082598","1587871888697.00","0.014654","0.010881","0.010486","1665","36439311386.490","39955413689.680"
"4","2022-46","5","171579825902","1823120277773.91","0.019320","0.008335","0.006903","1498","18385464848.120","21213119014.370"
"16","2022-46","5","55655402990","943179557579.95","-0.001450","-0.015193","-0.015645","1213","8163806494.890","11588107744.590"
"32","2022-46","5","7149623494","331338845469.00","-0.032761","-0.042085","-0.041987","485","2702568249.090","6137357969.340"
"1","2022-47","5","151094316009","1723326574494.00","0.009766","0.002382","0.002298","1665","36541242850.400","40084692670.570"
"2","2022-47","5","221078003","158558596.00","0.005082","-0.012350","-0.020225","44","10863934.040","14128110.430"
"8","2022-47","5","71725301","340464847.37","0.001201","0.002792","0.001427","42","57408937.980","67827854.640"
"64","2022-47","5","329930300","3761015836.28","0.002945","0.005906","0.001661","126","115787599.710","201657615.350"
"4","2022-47","5","181226902801","1883171751790.60","0.011190","0.007221","0.006267","1498","18526474811.100","21344851633.990"
"16","2022-47","5","60616446711","1021871874141.43","0.020151","0.005252","0.004599","1218","8235688884.780","11669694780.820"
"32","2022-47","5","7051738041","330640418299.00","0.027507","0.012505","0.011029","487","2836683122.450","6225523904.950"
"2","2022-48","5","155131700","106494044.00","-0.001886","0.006756","0.011277","44","10937333.210","14287445.800"
"8","2022-48","5","52834338","223661497.36","0.003042","-0.007825","-0.008074","42","56959663.180","67280147.670"
"64","2022-48","5","366961325","4151143180.34","0.000596","-0.003968","0.003635","128","116062643.930","203885446.960"
"1","2022-48","5","142375165657","1442405120228.00","-0.007535","0.005517","0.005519","1665","36731868389.820","40295598990.070"
"4","2022-48","5","151399769488","1548488774248.98","-0.013393","-0.016137","-0.015517","1499","18233408670.820","21021452832.270"
"16","2022-48","5","49077773262","794451238735.21","-0.034970","-0.033267","-0.034465","1221","7976835510.930","11304520626.970"
"32","2022-48","5","6337885757","266023489099.00","-0.045098","-0.037110","-0.036618","488","2736453043.180","5999969833.870"
"1","2022-49","5","170089522420","1736888440289.00","0.026433","0.018264","0.017785","1666","37465022987.620","41061149006.110"
"2","2022-49","5","190639437","150016190.00","0.016641","0.003708","-0.003150","44","10977893.680","14242428.240"
"8","2022-49","5","104847927","507527271.50","0.013797","0.029235","0.025903","42","58624912.290","69022952.530"
"64","2022-49","5","290321688","3278231911.54","-0.002679","-0.013273","-0.010686","132","115845581.230","205536446.600"
"4","2022-49","5","178177480177","1777060699158.65","0.033112","0.030853","0.030007","1500","18874738497.060","21666324611.750"
"16","2022-49","5","46323102459","792859238152.02","0.031365","0.029720","0.031169","1224","8220196334.710","11689702424.160"
"32","2022-49","5","6200327483","272701361367.00","0.018705","0.014845","0.010670","489","2784061871.270","6074023992.630"
"1","2022-50","5","179816439818","1831848670024.00","0.004894","0.018844","0.018179","1666","38143791431.500","41821907075.590"
"2","2022-50","5","184805893","123161875.00","0.010171","0.002796","-0.000775","43","10123331.440","13349280.730"
"8","2022-50","5","96868998","458576426.72","0.004839","0.008880","0.000125","42","59145503.070","69031635.510"
"64","2022-50","5","321401917","3373687907.01","-0.017928","-0.019145","-0.026492","138","115880990.960","205312693.610"
"16","2022-50","5","50802651189","874768517098.15","-0.008146","0.004389","0.004955","1224","8263256350.140","11750551723.440"
"4","2022-50","5","178604259778","1876490165608.86","0.004078","0.022559","0.021021","1500","19170800867.050","21979505172.490"
"32","2022-50","5","6940185771","296566816915.00","-0.014152","-0.007551","-0.013832","492","2797188908.170","6024256550.530"
"1","2022-51","5","132916817219","1426728247236.00","-0.014630","-0.009480","-0.010286","1666","37785531457.260","41397600412.100"
"2","2022-51","5","140658694","94196950.00","-0.004421","0.000636","-0.002011","44","11013129.810","14203447.040"
"8","2022-51","5","56499950","348562800.39","-0.009570","-0.001151","-0.006291","42","59077413.580","68597334.230"
"64","2022-51","5","305570753","3027438913.67","-0.017035","-0.005188","-0.012705","146","118650287.900","210748364.830"
"16","2022-51","5","48124008984","792885191108.84","-0.017909","-0.017189","-0.018264","1227","8127385576.540","11552403713.040"
"4","2022-51","5","156042698218","1596725251365.05","-0.013800","-0.016752","-0.017281","1501","18862919409.600","21616276234.680"
"32","2022-51","5","5704692978","247459041333.00","-0.026284","-0.027714","-0.030162","494","2835691140.660","5965962902.480"
"1","2022-52","5","105855575068","1125676326706.00","-0.048754","-0.035501","-0.036207","1668","36509638401.410","39950629934.910"
"2","2022-52","5","121805014","87380212.00","-0.057358","-0.056431","-0.064750","44","10391642.810","13283769.700"
"8","2022-52","5","53496923","342296083.69","-0.016800","-0.022650","-0.020859","41","57494787.730","66921562.340"
"64","2022-52","5","279766515","2571376483.55","-0.049319","-0.055053","-0.057890","154","114405720.450","205426469.640"
"16","2022-52","5","38475149867","603061291049.22","-0.053786","-0.045425","-0.045137","1227","7769770339.500","11040392244.450"
"4","2022-52","5","132219568063","1314691679151.50","-0.046745","-0.042362","-0.043437","1500","18182953841.520","20795214900.990"
"32","2022-52","5","4230426827","169868049155.00","-0.064858","-0.057552","-0.060393","497","2696901434.330","5648696917.680"
"1","2022-53","5","104173184873","1104081096791.00","0.013914","0.012291","0.012957","1667","36911432047.230","40438732850.170"
"2","2022-53","5","88621599","66113931.00","0.020132","0.024143","0.023231","44","10642536.780","13592371.180"
"8","2022-53","5","35382661","229874624.67","0.007118","0.019250","0.017173","41","58601573.290","68070865.140"
"64","2022-53","5","251236214","2615073453.88","-0.000641","-0.005511","0.001099","162","116055767.090","211016587.120"
"4","2022-53","5","129707706923","1281824410705.06","0.012885","0.010487","0.010619","1501","18500756419.120","21086992850.300"
"16","2022-53","5","36079176350","592262021059.02","0.008855","0.018348","0.017824","1232","7924182946.930","11271151453.520"
"32","2022-53","5","4377432187","183655870373.00","0.024810","0.036583","0.037109","501","2825941957.920","5888212439.460"
"2","2023-01","4","89996024","73844736.00","0.017946","0.017935","0.022570","44","10833412.800","13899163.410"
"64","2023-01","4","149538044","1455562635.82","0.008646","0.011856","0.011336","162","117466803.280","213469006.440"
"8","2023-01","4","51577956","290672729.08","0.000553","0.019120","0.016863","42","59923575.580","69419814.160"
"1","2023-01","4","102506048849","1132727139463.00","0.022956","0.020067","0.020326","1667","37685039101.470","41267047900.490"
"4","2023-01","4","127210663287","1311231585530.17","0.029362","0.030013","0.030697","1503","19078270269.470","21753036749.680"
"32","2023-01","4","4310681272","188717707379.00","0.049614","0.042430","0.042981","502","2955562066.840","6154649729.980"
"16","2023-01","4","35541915861","619962631551.76","0.041002","0.035113","0.037339","1230","8241227958.610","11676776087.680"
"2","2023-02","5","108876911","105339358.00","-0.005369","0.000520","0.011233","44","10839051.790","14055300.260"
"64","2023-02","5","147224635","1489434445.24","-0.000310","0.016078","0.009841","163","119477524.400","216156080.040"
"8","2023-02","5","72111880","402193024.11","-0.008127","0.000026","0.002050","42","59925166.230","69562130.630"
"1","2023-02","5","111649951597","1305415822551.00","0.000622","0.014179","0.013708","1666","38306472830.030","41860050882.860"
"4","2023-02","5","135994412212","1462614561914.85","0.001955","0.012539","0.012367","1503","19337990365.250","22022663606.850"
"32","2023-02","5","4815217984","219592967778.00","0.002066","-0.006805","-0.005769","502","2949798819.870","6119412455.550"
"16","2023-02","5","36232356147","691281546137.76","-0.001765","0.014847","0.014719","1231","8378546051.770","11869826709.660"
"2","2023-03","5","122974478","114055451.00","0.022772","0.044490","0.042384","44","11321288.450","14651029.670"
"64","2023-03","5","259404258","2172013459.58","0.022770","0.044156","0.039959","165","125320537.200","226204910.310"
"8","2023-03","5","57212192","342224466.79","0.027060","0.035650","0.035323","42","62061524.910","72019319.960"
"1","2023-03","5","119038837428","1363591254880.00","0.024993","0.018099","0.018537","1668","39139662731.250","42717416594.250"
"4","2023-03","5","133887685209","1412223313057.71","0.024126","0.027318","0.026597","1503","19887391893.550","22623287503.350"
"32","2023-03","5","5351760245","243384565031.00","0.055204","0.057310","0.055497","504","3145356523.680","6471349073.400"
"16","2023-03","5","36914456973","675795506174.85","0.031590","0.034353","0.031667","1231","8668828400.400","12248963478.760"
"2","2023-05","5","147894488","128213332.00","-0.004145","-0.008428","-0.009317","44","11225865.370","14514519.910"
"64","2023-05","5","892852617","8059979510.72","0.061728","0.053315","0.055843","167","133129808.780","240772744.710"
"8","2023-05","5","87265386","459237838.77","0.000687","0.003920","0.004229","42","62304826.360","72323948.300"
"1","2023-05","5","154976164140","1743826556143.00","0.025220","-0.003211","-0.002292","1670","39033944707.030","42694086843.900"
"4","2023-05","5","175454132671","1877634464452.00","0.036427","0.014638","0.016427","1501","20181427116.440","23000857758.240"
"32","2023-05","5","6851355599","304449691780.00","0.045730","0.022528","0.025450","504","3295885086.090","6636656073.710"
"16","2023-05","5","61334611146","978624706390.05","0.050027","0.020376","0.019942","1230","8860476873.370","12494890605.630"
"2","2023-06","5","135190036","101389680.00","-0.008685","-0.007815","-0.020803","44","11138128.460","14212568.010"
"64","2023-06","5","429773600","4107635042.55","-0.009828","-0.002538","-0.006576","169","133371394.000","240635609.350"
"8","2023-06","5","51052539","262174749.94","0.009455","0.002607","0.011375","42","62467308.660","73146683.660"
"1","2023-06","5","119645605034","1353441365319.00","0.008361","-0.000622","-0.000382","1668","39095862905.790","42657983877.920"
"4","2023-06","5","153019126085","1635004526559.97","0.007836","-0.001381","-0.001704","1502","20165977276.840","22996836144.140"
"32","2023-06","5","7010354199","303103797460.00","0.014180","-0.004833","-0.003381","504","3305298757.130","6637808145.890"
"16","2023-06","5","66332758290","1026671965133.92","0.024410","0.004226","0.004988","1236","8919421138.570","12640861069.470"
"2","2023-07","5","126059348","99036857.00","0.002794","-0.003333","-0.001537","44","11100996.780","14190715.610"
"64","2023-07","5","469514517","4958869978.72","-0.000355","-0.014778","-0.009062","171","132219918.730","241954741.650"
"8","2023-07","5","56379046","282283907.22","-0.005850","0.000536","-0.000779","42","62500795.310","73089645.360"
"1","2023-07","5","142162043197","1613700804283.00","-0.009121","-0.008684","-0.008659","1672","38809978184.160","42341911596.680"
"4","2023-07","5","171926218089","1845409899786.81","-0.013623","-0.014357","-0.014558","1503","19844666274.670","22633005428.840"
"32","2023-07","5","7456023595","319826530666.00","-0.032522","-0.035940","-0.037247","505","3204304234.580","6396347838.290"
"16","2023-07","5","71462305177","1157708306410.04","-0.016714","-0.027341","-0.025378","1236","8678765699.360","12328281238.370"
"2","2023-08","5","112227373","80336391.00","0.006634","0.013849","0.014321","44","11254743.470","14393944.250"
"64","2023-08","5","353140655","4038212986.40","-0.010407","-0.015955","-0.016272","174","131489358.960","240876008.680"
"8","2023-08","5","60342141","322797445.89","0.002564","-0.004054","-0.001568","42","62247362.830","72975035.600"
"1","2023-08","5","134133672808","1503244418061.00","0.018998","0.014187","0.014395","1672","39376944977.370","42955837323.050"
"4","2023-08","5","140516659170","1561016873982.43","0.013529","0.011433","0.011991","1504","20086808830.130","22908301346.480"
"32","2023-08","5","5889277488","247500089284.00","0.010678","0.002460","0.006093","507","3244799020.440","6445313346.280"
"16","2023-08","5","54157468526","874963943325.95","0.008208","-0.003329","-0.001171","1236","8656564840.470","12315348908.020"
"2","2023-09","5","112011189","91775252.00","-0.000435","-0.003642","-0.005919","44","11213751.900","14308737.030"
"64","2023-09","5","373085559","3815220082.61","-0.009496","-0.012075","-0.008893","176","131074447.850","240844907.850"
"8","2023-09","5","69816563","316922134.68","0.004449","0.001103","-0.000398","42","62316076.870","72945946.310"
"1","2023-09","5","140849960476","1521260267070.00","0.009627","0.020543","0.021215","1673","40277809578.000","43888159153.780"
"4","2023-09","5","134762232652","1534712488876.76","0.006552","0.008764","0.008233","1506","20263753344.690","23115421277.410"
"32","2023-09","5","7577629861","283380291613.00","-0.002634","0.001223","-0.004096","508","3302639476.630","6428658732.490"
"16","2023-09","5","56928079714","892025737426.53","0.002410","0.000722","-0.000073","1237","8666045078.610","12324668936.150"
"2","2023-10","5","95919526","82386130.00","-0.017185","-0.009733","-0.009139","44","11104599.150","14177967.200"
"64","2023-10","5","288600643","2642917935.39","-0.018286","-0.027461","-0.023487","177","127857299.880","236334848.470"
"8","2023-10","5","92646488","400981071.14","-0.018660","-0.027822","-0.022428","42","60582274.170","71309906.240"
"1","2023-10","5","145753390326","1546736940630.00","-0.028775","-0.033681","-0.032560","1672","38929146881.510","42463634104.850"
"4","2023-10","5","124281697677","1423813001289.14","-0.032280","-0.038816","-0.038910","1507","19480636408.990","22220865030.220"
"32","2023-10","5","7759611896","298238036311.00","0.002603","-0.001821","-0.003774","509","3299777672.340","6415931102.280"
"16","2023-10","5","55524279294","898541126072.10","-0.003669","-0.014022","-0.013902","1240","8580111919.840","12177386301.210"
"2","2023-11","5","111632935","97188797.00","-0.014903","-0.013152","-0.015407","44","10958543.070","13959521.510"
"64","2023-11","5","331074101","3057089797.98","-0.022355","-0.033353","-0.030537","182","127489176.230","236367398.120"
"8","2023-11","5","84421413","383888219.35","-0.008985","-0.017595","-0.013480","42","59516300.940","70348636.000"
"1","2023-11","5","150199706897","1622491609686.00","-0.005725","0.007976","0.007771","1675","39248294164.240","42815924336.250"
"4","2023-11","5","123885836367","1412574950595.49","-0.010226","-0.009492","-0.009100","1509","19301428611.110","22029503731.770"
"32","2023-11","5","8728017369","349391554924.00","-0.008350","0.002276","-0.002596","509","3315899814.530","6399723371.390"
"16","2023-11","5","63531966575","1022834772876.63","-0.013107","-0.020778","-0.019850","1241","8408676914.910","11949819784.670"
"2","2023-12","5","109936359","93450838.00","-0.007411","0.001747","0.004128","44","10977693.980","14017155.650"
"64","2023-12","5","362433774","3568398943.63","0.015840","0.020972","0.018839","183","133480041.310","247587187.120"
"8","2023-12","5","80704702","315223786.49","0.003040","0.012924","0.007343","42","60285523.680","70865236.520"
"1","2023-12","5","152135783782","1690675341243.00","0.008739","0.003289","0.001750","1676","39435764116.980","42917794689.390"
"4","2023-12","5","143045622372","1630008477416.53","0.019476","0.025071","0.024186","1508","19785053770.260","22557295827.410"
"32","2023-12","5","9334316004","416854295601.00","0.022944","0.029804","0.025495","509","3426309496.570","6562925908.670"
"16","2023-12","5","75654401393","1265362611177.30","0.032431","0.036131","0.033357","1244","8748980685.790","12376758109.470"
"2","2023-13","5","168858023","154326953.00","-0.012175","0.011918","0.022717","44","11108530.000","14335598.870"
"64","2023-13","5","318005687","3336779064.04","-0.013419","-0.007997","-0.011416","184","132687064.530","246023720.800"
"8","2023-13","5","57017444","269025576.37","-0.012792","0.003947","-0.002644","42","60523477.590","70671827.270"
"1","2023-13","5","142351471618","1632256226795.00","-0.005705","0.002518","0.001640","1679","39617797696.160","43087973553.400"
"4","2023-13","5","141423865219","1651741358890.21","-0.008695","0.002466","0.002329","1510","19859311300.650","22626503790.950"
"32","2023-13","5","8875311752","421023624430.00","-0.005401","0.010479","0.007653","510","3483954981.250","6628765547.880"
"16","2023-13","5","73129771754","1316965900871.29","-0.006948","0.006828","0.006236","1246","8827527454.160","12460387079.090"
"64","2023-14","4","247801680","2375636081.62","-0.006442","-0.013136","-0.009959","186","132219965.840","246760472.100"
"8","2023-14","4","43812968","196287531.03","0.005467","0.007408","0.009226","42","60952933.700","71304968.940"
"1","2023-14","4","125457584184","1515020975949.00","0.003699","0.011868","0.012513","1678","40080085897.130","43617746744.570"
"2","2023-14","4","94512392","90260299.00","0.011317","0.005391","0.001669","44","11168420.600","14359536.060"
"4","2023-14","4","120399392160","1519564554206.21","0.004513","0.014202","0.013374","1510","20147596205.180","22932745031.430"
"32","2023-14","4","9821509795","496433377998.00","0.049067","0.066002","0.064271","513","3731401668.160","7122884761.090"
"16","2023-14","4","68384108497","1293042252064.05","0.014701","0.022038","0.020286","1248","9031226597.590","12724158389.420"
"64","2023-15","5","242141024","2779056734.62","-0.008601","-0.002751","-0.004749","187","132581425.550","247522155.840"
"8","2023-15","5","63085544","327042376.76","-0.010196","-0.016072","-0.016834","42","59973273.880","70104611.060"
"1","2023-15","5","157556797607","1849929210135.00","-0.001823","0.004438","0.004467","1683","40317870026.660","43942212204.830"
"2","2023-15","5","107063306","103061027.00","-0.002182","0.002164","0.004591","44","11192598.560","14425461.590"
"4","2023-15","5","146431777562","1799687379470.94","-0.006843","-0.013192","-0.012279","1514","19925375748.470","22737763765.420"
"32","2023-15","5","11393398820","570691044000.00","0.010022","-0.009719","-0.003747","513","3704938281.490","7096705121.620"
"16","2023-15","5","79892625315","1471496422630.63","-0.002508","-0.004728","-0.005502","1247","8992312267.700","12649182706.200"
"64","2023-16","5","326438978","4093144308.42","-0.011358","-0.003626","-0.000157","189","132778522.230","248540655.630"
"8","2023-16","5","96788838","453157965.17","-0.010208","-0.013353","-0.014117","42","59172448.510","69114937.100"
"1","2023-16","5","171662172712","1948488398298.00","-0.028672","-0.007189","-0.008139","1685","40077201325.570","43597001510.530"
"2","2023-16","5","100290401","90017775.00","-0.021452","-0.016065","-0.014660","44","11012789.200","14213985.300"
"4","2023-16","5","142310362756","1750645799964.01","-0.040764","-0.029449","-0.030000","1515","19348620831.560","22053329361.920"
"32","2023-16","5","11745828741","555658878726.00","-0.054023","-0.035157","-0.033408","518","3651035502.240","6938034757.160"
"16","2023-16","5","72561697117","1364195607058.73","-0.047980","-0.040667","-0.039545","1250","8645480225.670","12160718690.890"
"64","2023-17","5","494156833","7384881830.29","-0.000365","-0.006062","0.003793","191","132533176.600","252312222.650"
"8","2023-17","5","90558448","460271470.08","-0.003093","0.006524","0.003897","42","59558500.890","69384323.920"
"1","2023-17","5","172718704295","1939687003980.00","0.010028","0.010900","0.010733","1684","40533327233.490","44094622520.730"
"2","2023-17","5","99110768","96029013.00","0.008357","0.007721","0.009248","44","11097820.290","14345438.360"
"4","2023-17","5","138091403113","1629375267552.38","0.001854","-0.005926","-0.005578","1513","19238449082.400","21917086583.910"
"32","2023-17","5","10803636580","488657015518.00","-0.027531","-0.025770","-0.028588","517","3582969381.990","6740457346.440"
"16","2023-17","5","81720853653","1442460319773.48","-0.000183","-0.002238","-0.003722","1253","8640228349.110","12124862953.780"
"8","2023-18","2","37624209","237493943.72","-0.006176","0.005908","0.003400","41","59495988.490","68439842.500"
"64","2023-18","2","287964526","4397656872.98","0.037730","0.014317","0.021875","191","134562300.750","257831576.830"
"1","2023-18","2","87958462618","885908716413.00","0.003719","0.008079","0.007707","1676","40923030191.110","44420966226.330"
"2","2023-18","2","56323747","51777197.00","-0.012001","-0.012006","-0.015221","44","10964573.650","14127085.260"
"4","2023-18","2","60534692504","665608966539.74","0.000728","-0.004207","-0.004402","1503","19153978763.500","21805647800.960"
"32","2023-18","2","3972154611","163522059154.00","-0.030177","-0.033557","-0.034196","518","3489666810.700","6549816267.150"
"16","2023-18","2","31831509635","527285631380.92","-0.006897","-0.015613","-0.017041","1247","8496171985.040","11909353345.870"
"8","2023-19","5","73688731","441335849.02","-0.000606","0.002102","0.001912","41","59621108.340","68570731.650"
"64","2023-19","5","798057835","10078497415.88","0.010817","0.013671","0.004971","193","137263040.090","260701858.760"
"1","2023-19","5","216593389013","2119075743644.00","-0.007660","-0.016812","-0.017126","1678","40245229563.160","43659697313.790"
"2","2023-19","5","106075174","90585782.00","-0.016473","-0.002603","0.006046","44","10936024.650","14212506.710"
"4","2023-19","5","135849097514","1483981044129.65","-0.011002","-0.017043","-0.015662","1504","18828760667.290","21464570096.210"
"32","2023-19","5","9343531136","342017472723.00","-0.021916","-0.027468","-0.032973","520","3406212339.890","6378546425.380"
"16","2023-19","5","70910475613","1176616653806.59","-0.007089","-0.010147","-0.009994","1250","8436525026.280","11804468214.070"
"64","2023-20","5","600111100","9209562445.60","0.004429","0.006241","0.005635","195","138928031.970","264036091.640"
"8","2023-20","5","49062801","261584198.09","-0.004636","-0.008645","-0.008076","41","59105676.580","68016935.490"
"1","2023-20","5","150019342810","1545054050052.00","0.002670","0.000627","0.000086","1679","40248488762.690","43635061520.570"
"2","2023-20","5","71038115","70969929.00","-0.000856","-0.003444","-0.004260","44","10898358.700","14151949.330"
"4","2023-20","5","112267681677","1276641454143.98","0.006701","0.004617","0.004008","1505","18901254985.660","21529206709.520"
"32","2023-20","5","9073707377","339971407260.00","0.051633","0.033447","0.040550","524","3436826387.090","6582427122.080"
"16","2023-20","5","66865795617","1151473478064.79","0.038259","0.020251","0.022719","1254","8630388522.400","12101095933.660"
"64","2023-21","5","735767632","10806257356.40","0.004946","0.010600","0.017051","197","141211447.250","269881253.960"
"8","2023-21","5","61994448","354483676.84","-0.021428","-0.023807","-0.028581","41","57603966.980","65978327.710"
"1","2023-21","5","130098045741","1371723799195.00","-0.007167","-0.024563","-0.023670","1680","39275215272.340","42599521232.920"
"2","2023-21","5","87285365","72034659.00","-0.007353","-0.004612","-0.011155","44","10699490.610","13845477.830"
"4","2023-21","5","111740866220","1203745816904.83","-0.006962","-0.011889","-0.011288","1506","18699552605.670","21309367546.900"
"32","2023-21","5","8132543047","318591551700.00","0.008666","0.001331","0.005221","526","3453130584.110","6631919777.470"
"16","2023-21","5","64837348813","1146474519847.55","0.010445","-0.006648","-0.005299","1258","8582016585.420","12049155303.150"
"8","2023-22","5","66052391","358306481.17","-0.020079","-0.027397","-0.027933","41","55981822.970","64091377.170"
"64","2023-22","5","524415551","9552165976.02","-0.011120","-0.011254","-0.006038","199","140416186.060","270417089.420"
"1","2023-22","5","140763136557","1537839711973.00","0.004580","0.006100","0.005991","1682","39501506886.340","42819059752.970"
"2","2023-22","5","140035105","117805577.00","-0.028599","-0.033215","-0.040257","44","10344108.280","13288098.720"
"4","2023-22","5","124714129198","1438051921811.48","0.009463","0.009921","0.010580","1503","18813401331.710","21455639931.570"
"32","2023-22","5","9346142516","379313865816.00","0.009596","0.014543","0.010046","527","3507255415.910","6690962470.940"
"16","2023-22","5","75864650824","1363657195032.78","0.014024","0.012926","0.012807","1259","8686920469.710","12194588506.800"
"8","2023-23","5","40265838","232511032.80","0.007196","0.013128","0.018820","41","56667423.540","65248249.330"
"64","2023-23","5","418607627","7372802032.31","-0.024637","-0.036075","-0.030556","200","135954524.150","262086228.790"
"1","2023-23","5","135714123331","1470402003441.00","-0.004435","0.004233","0.004286","1681","39682064602.240","42946487144.460"
"2","2023-23","5","83560942","65078464.00","0.010346","0.040366","0.034744","44","10352678.700","13340813.040"
"4","2023-23","5","123651957962","1398265967329.66","-0.009988","-0.009705","-0.009693","1503","18632835800.380","21238490766.810"
"32","2023-23","5","9411887384","372415924074.00","-0.030432","-0.022504","-0.024901","533","3462572342.210","6593981462.190"
"16","2023-23","5","68044246525","1233195139752.28","-0.011751","-0.026333","-0.022732","1261","8464465394.020","11925340288.210"
"64","2023-24","5","389609108","6786378136.27","-0.000334","0.000666","-0.002702","200","136320879.440","261125506.510"
"8","2023-24","5","63730091","293118436.13","-0.003394","0.008023","0.006112","42","57329107.240","66427638.900"
"1","2023-24","5","143566366683","1662006947529.00","0.019878","0.015554","0.013686","1680","40523689031.690","43452071512.560"
"2","2023-24","5","131886803","87547864.00","-0.012923","-0.005613","-0.003977","44","10294561.410","13287756.190"
"4","2023-24","5","134508568210","1625091343648.85","0.025011","0.038501","0.037432","1504","19316170499.300","21995852046.830"
"32","2023-24","5","10050522148","403713698554.00","0.026229","0.025388","0.026002","534","3609870069.360","6790869350.020"
"16","2023-24","5","74808142925","1356856317029.94","0.023472","0.044360","0.039681","1267","8841112118.840","12401571655.820"
"8","2023-25","3","39002321","189908067.98","0.006231","-0.006329","-0.001940","42","56861842.140","66194358.710"
"64","2023-25","3","312376007","5464878885.12","0.007402","0.007015","0.009782","201","138339527.380","264384240.290"
"1","2023-25","3","85122567468","1012166500798.00","-0.020010","-0.021405","-0.021747","1678","39547519623.490","42366329332.060"
"2","2023-25","3","64403071","43588632.00","-0.011085","-0.014298","-0.013733","44","10138005.540","13095907.420"
"4","2023-25","3","80156542683","1019445190858.20","-0.023261","-0.021594","-0.021543","1504","18895644409.130","21521646701.160"
"32","2023-25","3","6852130938","282227481242.00","-0.007690","-0.017226","-0.017784","536","3547873390.010","6663208320.250"
"16","2023-25","3","47593468705","904378150856.34","-0.018566","-0.021406","-0.020455","1274","8666153706.390","12182945324.780"
"8","2023-26","5","71770922","310740030.80","0.007227","0.010258","0.012175","42","57310383.300","66864894.660"
"64","2023-26","5","663315683","9470058738.25","0.010704","-0.007385","-0.005758","204","139389468.020","266707111.960"
"1","2023-26","5","129379318395","1448304487724.00","0.021601","0.005516","0.005632","1675","39697290212.720","42496946625.990"
"2","2023-26","5","108661930","77123600.00","0.015532","0.056299","0.047540","44","10077841.900","13087571.220"
"4","2023-26","5","132039559639","1509928190741.65","0.024946","0.005423","0.006210","1506","19006286336.900","21626285952.040"
"32","2023-26","5","9280623001","364983738142.00","0.009300","-0.003877","-0.006800","542","3592833064.810","6699373427.030"
"16","2023-26","5","65859368564","1166158179551.42","0.015969","0.000501","0.001366","1280","8677420443.890","12215329341.540"
"64","2023-27","5","756488167","9220359735.07","0.016234","-0.012111","-0.003437","205","138352890.220","265976039.740"
"2","2023-27","5","70080962","48814641.00","0.026121","0.033418","0.025442","44","10051168.730","13057096.080"
"1","2023-27","5","126818983891","1436509043252.00","0.003092","0.001447","0.001773","1677","39787272722.390","42527685228.410"
"32","2023-27","5","8855339421","357258398820.00","-0.010515","-0.014199","-0.013131","540","3555145721.300","6610131227.460"
"8","2023-27","5","74169398","302842357.46","0.008050","0.005648","0.003164","42","57602228.240","67044568.950"
"16","2023-27","5","62345651436","1131123691470.82","-0.006532","-0.017943","-0.016789","1285","8549144313.210","12059419810.150"
"4","2023-27","5","136518068387","1515745780110.72","0.001838","-0.004546","-0.004993","1506","18926430812.980","21497750807.230"
"64","2023-28","5","558175583","7624678894.50","-0.005480","-0.001859","-0.001901","207","138802556.780","268043161.590"
"2","2023-28","5","78314747","54247118.00","0.037117","0.050555","0.045794","44","10182940.370","13278668.630"
"1","2023-28","5","120612236530","1412443226492.00","0.005892","0.018876","0.018100","1677","40444038079.790","43153712571.480"
"32","2023-28","5","7862670933","315592180831.00","0.005464","-0.000847","0.005269","542","3575300712.590","6653340399.280"
"8","2023-28","5","71151172","289196951.34","0.004641","0.013017","0.010920","41","56876393.760","65584315.060"
"16","2023-28","5","62081108906","1132831535564.59","0.013395","0.017759","0.017352","1290","8727374530.800","12323720597.270"
"4","2023-28","5","128699515420","1428749108840.43","0.005422","0.012138","0.011473","1503","19144856891.290","21735473076.400"
"64","2023-29","5","545332446","7776208523.39","-0.018946","-0.020799","-0.024261","209","139547603.210","270893019.170"
"2","2023-29","5","67494113","52361361.00","0.006695","0.002886","0.001545","44","10145819.320","13232347.380"
"1","2023-29","5","109787296432","1224638423146.00","-0.006835","-0.012512","-0.012482","1676","39663172519.440","42317072452.510"
"32","2023-29","5","6831084404","268649598146.00","-0.044080","-0.040007","-0.046411","546","3460985639.610","6387281540.420"
"8","2023-29","5","95095820","408164639.24","0.013097","0.015468","0.013015","41","57610313.680","66292063.980"
"16","2023-29","5","56308050403","1005952308573.34","-0.030325","-0.031406","-0.031992","1292","8461602907.920","11971453381.020"
"4","2023-29","5","124835378218","1278750697081.55","-0.008693","-0.017267","-0.017259","1500","18803818337.550","21355648179.660"
"2","2023-30","5","123388591","88274174.00","0.044684","0.025851","0.028612","44","10384680.680","13587526.830"
"64","2023-30","5","440487864","6029042380.54","0.004050","-0.001703","-0.002121","210","139393560.930","270942794.410"
"1","2023-30","5","155606096546","1522952336395.00","0.022345","0.039752","0.039051","1677","41212481336.910","43927908259.110"
"32","2023-30","5","6331142590","244758196736.00","-0.003938","0.000486","-0.003162","550","3489195500.530","6402013211.230"
"8","2023-30","5","81951408","348411654.15","0.013473","0.023698","0.020738","41","58975591.060","67666864.710"
"16","2023-30","5","56408812889","966569175939.32","0.005404","0.011700","0.011641","1297","8584342939.550","12140247736.530"
"4","2023-30","5","153182070577","1392300447015.05","0.014955","0.026941","0.025311","1499","19307945432.660","21889957490.430"
"2","2023-31","5","125422292","80202493.00","0.017704","0.010580","0.009193","44","10482361.870","13700242.360"
"64","2023-31","5","459183861","5606248490.24","0.007110","0.015691","0.012556","210","141740555.360","275220221.340"
"1","2023-31","5","211225150106","1968386935110.00","0.006334","0.003875","0.004604","1678","41403555678.900","44140903206.540"
"32","2023-31","5","6637661674","259241048682.00","-0.003788","0.005382","0.002772","550","3531417376.840","6421820846.940"
"8","2023-31","5","92997243","407775962.64","0.008541","0.007342","0.010222","41","59408588.710","68358600.760"
"16","2023-31","5","61238201891","1039253749697.84","0.002691","0.013340","0.009662","1300","8735312213.080","12303395610.230"
"4","2023-31","5","173308154109","1512096351811.29","0.007043","0.009322","0.008921","1500","19494798006.340","22088385692.400"
"2","2023-32","5","101908026","63480739.00","-0.010100","-0.012850","-0.013128","44","10276930.660","13449651.880"
"64","2023-32","5","425431929","5058545344.63","-0.021291","-0.033696","-0.033234","212","137524547.330","267583496.660"
"1","2023-32","5","150455173010","1475391687323.00","-0.029736","-0.029311","-0.029044","1679","40185869665.170","42902688049.980"
"32","2023-32","5","6005983744","229190926605.00","-0.030609","-0.033627","-0.033533","552","3438792485.880","6229879016.020"
"8","2023-32","5","63469066","271616916.03","-0.017468","-0.026559","-0.025330","41","57830747.300","66627045.980"
"16","2023-32","5","55979798075","997629554376.46","-0.018734","-0.033526","-0.029726","1304","8464400370.610","11989833364.830"
"4","2023-32","5","128885072006","1180260232997.19","-0.029119","-0.035403","-0.035377","1500","18809859991.640","21308949614.680"
"2","2023-33","5","119546926","87478747.00","-0.024511","-0.039606","-0.040522","44","9869902.980","12904642.810"
"64","2023-33","5","352768193","4426179407.32","-0.023374","-0.025895","-0.028472","215","134565237.210","262227689.750"
"1","2023-33","5","137333976168","1332150995972.00","-0.010202","-0.015697","-0.015105","1679","39565248237.980","42252259400.420"
"32","2023-33","5","6936824799","235528623376.00","-0.017645","-0.031235","-0.029888","556","3420897812.460","6078291080.320"
"8","2023-33","5","64882643","295842498.96","-0.017844","-0.028452","-0.028086","41","56184155.780","64754550.370"
"16","2023-33","5","52488848983","970924498830.99","-0.010609","-0.026981","-0.025995","1307","8250679578.470","11748747828.750"
"4","2023-33","5","120004586636","1097682550612.52","-0.012493","-0.025930","-0.025447","1500","18331600815.930","20767543885.940"
"2","2023-34","5","102679969","74846807.00","-0.038102","-0.037798","-0.032821","44","9496838.600","12481090.270"
"64","2023-34","5","465548951","5589803638.53","-0.053073","-0.061171","-0.067796","216","126719670.570","245595359.530"
"1","2023-34","5","136739698507","1353383323812.00","-0.034116","-0.018425","-0.018891","1680","38853297589.900","41462630600.270"
"32","2023-34","5","7226242028","236627852536.00","-0.056128","-0.045206","-0.052656","557","3332458531.410","5766271579.340"
"8","2023-34","5","56706646","281754278.49","-0.027195","-0.017335","-0.020950","41","55210172.270","63397910.970"
"16","2023-34","5","59876095818","1035043218246.49","-0.044140","-0.036268","-0.041913","1310","7969368370.450","11272839703.090"
"4","2023-34","5","120016570703","1128728347458.21","-0.040417","-0.030406","-0.031748","1499","17765652317.570","20096236329.100"
"2","2023-35","5","293842465","171750269.00","-0.051914","-0.058191","-0.052123","44","8944206.430","11830530.200"
"64","2023-35","5","571284053","6808026000.95","0.051328","0.068988","0.065453","217","135858905.010","262361362.040"
"32","2023-35","5","11309197775","377649126416.00","0.087499","0.078333","0.081759","557","3621202105.630","6238041043.700"
"1","2023-35","5","172172424188","1694306070310.00","0.033997","0.017306","0.016836","1680","39535122902.600","42159670562.430"
"8","2023-35","5","93956027","460678780.95","-0.003930","-0.004090","-0.003572","41","55235136.160","63171636.900"
"16","2023-35","5","72910345849","1245511302791.02","0.059972","0.041470","0.044198","1313","8329191795.900","11797245699.750"
"4","2023-35","5","154462624030","1403542615727.80","0.041244","0.033189","0.034299","1500","18383924332.160","20794085257.900"
"2","2023-36","5","124557590","75241697.00","-0.000029","-0.000093","0.002696","44","8943369.800","11862424.330"
"64","2023-36","5","985790776","9928363068.82","0.005930","0.005860","0.003717","218","137114007.400","264036804.970"
"32","2023-36","5","8891219542","314457967490.00","-0.002168","-0.017043","-0.015099","558","3586509315.740","6166516081.770"
"1","2023-36","5","133468724352","1343457581823.00","-0.003844","-0.003651","-0.003718","1680","39404035791.020","42002581579.260"
"8","2023-36","5","51360786","241632514.85","-0.000806","0.006724","0.005493","41","55606539.730","63518658.150"
"16","2023-36","5","65292365679","1092037229776.13","0.004927","-0.008296","-0.008120","1315","8271678131.840","11721035528.740"
"4","2023-36","5","125492989648","1157927598135.84","-0.000807","-0.010025","-0.009895","1499","18196865536.300","20586131503.560"
"2","2023-37","5","87945900","60499832.00","-0.009469","-0.006098","-0.005220","44","8888830.570","11800494.340"
"64","2023-37","5","451211575","4686505680.66","-0.008685","-0.009508","-0.006893","219","136206795.970","262979527.810"
"32","2023-37","5","8099812072","269224194232.00","-0.018635","-0.014527","-0.018515","559","3555695861.340","6076460669.140"
"8","2023-37","5","51354736","219140889.80","-0.013926","-0.003852","-0.004650","41","55392303.810","63223255.890"
"16","2023-37","5","60086309843","1010516948144.72","-0.022181","-0.020731","-0.022174","1317","8123131099.210","11473009612.300"
"1","2023-37","5","124895493000","1253869405833.00","0.000488","0.001768","0.001712","1681","39477601875.300","42072193687.470"
"4","2023-37","5","116120225622","1101006789512.55","-0.004226","-0.006890","-0.007377","1499","18076731141.300","20447598857.280"
"2","2023-38","5","83718161","62016683.00","-0.006813","-0.004778","0.005269","44","8846356.800","11862680.600"
"64","2023-38","5","448070931","4671364895.99","-0.004456","-0.001940","0.000917","220","137106402.740","263691101.740"
"32","2023-38","5","6437131202","212141395088.00","-0.003724","-0.003934","-0.006265","560","3583285519.390","6043087610.490"
"8","2023-38","5","47035838","215812488.33","-0.017136","-0.013411","-0.015287","41","54649428.950","62256729.170"
"16","2023-38","5","50631883182","842760620230.72","0.004602","0.003893","0.002859","1318","8172799511.890","11521395049.550"
"1","2023-38","5","119065043595","1169120856873.00","0.000307","0.007424","0.006814","1682","39795053218.780","42328823116.060"
"4","2023-38","5","110477897174","1026591746682.25","0.001355","0.000796","0.000299","1499","18097161312.590","20454130658.590"
"2","2023-39","4","47262700","33218903.00","0.011976","0.007945","0.008250","44","8916641.110","11960554.000"
"64","2023-39","4","333850584","3489010801.93","-0.007967","-0.000994","-0.001985","222","140178397.100","265179157.070"
"32","2023-39","4","5963127771","199842759703.00","0.012972","0.012569","0.010346","561","3645294357.300","6113271926.030"
"8","2023-39","4","29274407","135227864.99","0.006485","-0.004857","-0.002293","41","54383991.510","62113929.850"
"16","2023-39","4","46536478580","793966530150.44","0.012063","0.004681","0.004109","1320","8227013832.110","11587712933.740"
"1","2023-39","4","89743810402","946378170246.00","0.000867","-0.009267","-0.009445","1683","39473571702.950","41929925889.070"
"4","2023-39","4","89248707805","876706364154.88","0.002169","-0.005460","-0.005050","1499","18015282417.230","20348353714.270"
"2","2023-41","5","63411107","46130836.00","-0.017481","-0.011654","-0.010761","44","8812726.470","11831843.650"
"64","2023-41","5","365566557","3693211749.78","-0.020627","-0.020724","-0.019965","223","137456698.930","260741433.770"
"32","2023-41","5","7932727694","268299445291.00","-0.001503","0.001980","-0.000944","562","3672542480.760","6111429695.630"
"8","2023-41","5","58423533","269620994.22","-0.025946","-0.025918","-0.029070","41","52974453.130","60308257.410"
"1","2023-41","5","122962012217","1289651164237.00","-0.014577","-0.008054","-0.008266","1682","39190950582.980","41599208341.200"
"16","2023-41","5","69965466416","1157539475146.26","0.005881","0.004466","0.002999","1322","8307170926.150","11638846029.360"
"4","2023-41","5","130271052598","1307059275073.13","-0.006657","-0.006035","-0.005956","1497","17907715689.250","20211087571.110"
"2","2023-42","5","83031764","50728056.00","-0.055380","-0.044592","-0.043386","44","8419750.220","11318503.580"
"64","2023-42","5","327429412","3517142617.14","-0.045565","-0.060651","-0.062566","223","132397429.570","245799070.000"
"32","2023-42","5","7724862600","265253331222.00","-0.055413","-0.047363","-0.046562","562","3507223914.000","5827568494.700"
"8","2023-42","5","61046707","280237950.05","-0.035222","-0.045417","-0.044075","41","50568500.400","57650115.260"
"1","2023-42","5","128462266658","1321566605719.00","-0.032120","-0.032489","-0.032092","1684","37919264307.720","40268560035.930"
"16","2023-42","5","65845638732","1017363839348.43","-0.052825","-0.056928","-0.056390","1322","7839440624.650","10987474672.240"
"4","2023-42","5","129851082402","1254549782295.39","-0.041392","-0.046458","-0.046085","1499","17102274507.080","19308552829.400"
"2","2023-43","5","72513019","50313447.00","0.018721","0.023068","0.020585","44","8613984.350","11551502.970"
"64","2023-43","5","414500048","4380522032.96","0.024024","0.040329","0.040291","224","138580690.660","260677775.160"
"32","2023-43","5","8185544639","271723210038.00","0.030244","0.018568","0.018674","562","3591571010.890","5937613593.930"
"8","2023-43","5","60486747","250864191.71","0.018605","0.022492","0.019481","41","51705885.270","58773206.730"
"1","2023-43","5","145331917132","1452644495660.00","0.030568","0.011066","0.010951","1685","38339741945.760","40711626885.130"
"16","2023-43","5","74237225555","1149068883795.98","0.032292","0.023787","0.025261","1324","8031293158.020","11274684783.820"
"4","2023-43","5","139469769470","1331766274180.70","0.032785","0.027387","0.027334","1499","17587212084.600","19838769048.760"
"2","2023-44","5","64429095","42044368.00","0.008049","0.006388","0.004807","44","8669013.650","11607040.850"
"32","2023-44","5","9273054365","313605713312.00","0.024296","0.021498","0.022137","562","3684164078.520","6070896887.210"
"64","2023-44","5","551385295","7136412574.56","-0.000378","0.006039","-0.007199","227","140905920.730","263184147.160"
"8","2023-44","5","54339672","280658283.46","-0.016226","-0.005772","-0.012307","41","51407416.860","58049842.220"
"1","2023-44","5","140448074410","1500316019764.00","0.007303","0.002662","0.002210","1686","38464197901.490","40818129723.250"
"16","2023-44","5","75974486718","1170725353896.14","0.018189","0.019481","0.016583","1325","8195208160.530","11466966427.230"
"4","2023-44","5","140546128402","1359480289648.86","0.011592","0.004379","0.004358","1501","17671634091.140","19949274933.610"
"2","2023-45","5","116754488","67708055.00","-0.005168","-0.011193","-0.009255","44","8571972.040","11499609.260"
"8","2023-45","5","78617289","329896520.16","0.018002","0.014199","0.012867","41","51991009.320","58796799.080"
"32","2023-45","5","10212855125","352777676926.00","0.036112","0.030597","0.031105","562","3800239831.000","6259887418.770"
"64","2023-45","5","963882497","12267941793.20","0.051439","0.058731","0.070106","229","149899703.300","283910675.290"
"1","2023-45","5","153335308373","1646199031900.00","0.013278","-0.000989","-0.000394","1686","38431643964.560","40809533550.680"
"16","2023-45","5","86425975018","1374339975562.17","0.027170","0.025216","0.024259","1325","8418975412.520","11746662021.060"
"4","2023-45","5","151570777521","1509589777097.16","0.014418","0.009986","0.009913","1502","17862310999.130","20153334756.300"
"2","2023-46","5","85511737","45819851.00","0.024378","0.022263","0.018348","44","8762813.820","11710613.590"
"8","2023-46","5","65816538","262734435.14","0.007729","0.011021","0.007735","41","52564012.640","59251620.230"
"32","2023-46","5","9874874249","333058988365.00","0.027040","0.012468","0.013055","564","3865415100.910","6357021833.540"
"64","2023-46","5","991825112","13490176833.06","0.021472","0.012852","0.018370","231","152773604.960","291692365.560"
"1","2023-46","5","132860742036","1416430974816.00","0.017339","0.003685","0.003967","1686","38587981806.240","40972452109.240"
"16","2023-46","5","76954401808","1265648426970.25","0.027278","0.011129","0.012235","1325","8520329838.450","11890788096.080"
"4","2023-46","5","142003856042","1413717661555.15","0.021925","0.009414","0.009556","1501","18035569498.310","20352945377.990"
"2","2023-47","5","82971251","52520083.00","0.004756","-0.000864","0.004387","44","8755243.370","11761998.750"
"32","2023-47","5","8783781571","297059872608.00","-0.028531","-0.028315","-0.028967","564","3770764606.680","6172740397.870"
"64","2023-47","5","6297486885","60162692683.80","0.392028","0.236278","0.248859","232","189597971.550","366123540.550"
"8","2023-47","5","95587099","335119835.75","-0.001913","-0.007958","-0.002901","41","52145655.390","59079690.940"
"1","2023-47","5","138305953301","1418738110613.00","0.001978","-0.001336","-0.001632","1687","38545335373.950","40910711254.870"
"16","2023-47","5","78018267761","1207962670354.95","-0.018835","-0.022153","-0.021599","1325","8333948643.740","11628515634.100"
"4","2023-47","5","159225766443","1513903024137.24","-0.000977","-0.005817","-0.006641","1503","17943327082.110","20230352219.880"
"2","2023-48","5","152676878","115344245.00","-0.018507","-0.018378","-0.009359","44","8594338.280","11651913.890"
"64","2023-48","5","8180334468","94383655552.22","-0.059760","-0.064905","-0.059845","233","183614019.650","346489976.960"
"8","2023-48","5","241159949","965538393.51","0.000497","0.000701","0.002701","41","52182270.190","59239325.800"
"32","2023-48","5","8167046437","281547040050.00","0.010218","0.014763","0.013736","565","3827235105.530","6263157910.500"
"1","2023-48","5","134323288558","1370085885904.00","0.002183","-0.005668","-0.005119","1687","38419921198.450","40720217335.170"
"16","2023-48","5","64235865558","1012035414021.06","0.004541","0.002920","0.001584","1327","8369211203.450","11665979718.900"
"4","2023-48","5","134457407359","1318870743991.89","-0.001615","-0.011260","-0.011373","1503","17751097995.540","20005356624.860"
"2","2023-49","5","101123911","82528519.00","-0.024458","0.005083","0.019597","44","8638029.330","11880262.920"
"8","2023-49","5","87365876","328446153.16","-0.005368","0.001041","0.000244","41","52236593.990","59253796.930"
"32","2023-49","5","8942020044","327205327464.00","-0.021332","-0.007164","-0.007008","566","3818823605.040","6224971227.650"
"64","2023-49","5","6039092193","67016144245.88","0.175985","0.107445","0.121118","233","203505112.080","390561937.260"
"1","2023-49","5","145116047020","1464692888077.00","-0.020973","-0.022528","-0.022162","1688","37573138461.260","39845346586.900"
"16","2023-49","5","69138033302","1112752793055.57","-0.030415","-0.019686","-0.021428","1328","8211869334.030","11425145769.470"
"4","2023-49","5","136012461524","1367120869134.35","-0.025760","-0.021893","-0.021415","1503","17399361508.820","19597044060.310"
"2","2023-50","5","92545511","72368521.00","-0.010178","-0.011901","-0.004366","44","8535221.110","11828386.700"
"8","2023-50","5","88557159","375062550.62","0.010776","-0.008631","-0.005149","41","51785734.800","58948666.160"
"32","2023-50","5","7693288078","275653109128.00","-0.013184","-0.017155","-0.017515","566","3769314192.940","6115734360.640"
"64","2023-50","5","6286986776","74792538887.42","0.074282","0.036136","0.045552","236","212226722.400","413007140.800"
"1","2023-50","5","141353616090","1428572773944.00","0.009884","-0.007544","-0.007171","1689","37297669379.370","39566181081.490"
"16","2023-50","5","59473609824","969671478796.35","-0.004488","-0.015707","-0.014660","1329","8085228737.910","11265596326.830"
"4","2023-50","5","129508199964","1262966703759.64","0.005845","-0.008745","-0.008338","1504","17252287014.470","19440621971.530"
"2","2023-51","5","72717131","46295695.00","-0.013535","-0.003989","-0.005583","44","8501166.100","11762340.070"
"8","2023-51","5","65581535","283835368.11","-0.006749","-0.014106","-0.016822","41","51055201.050","57956992.870"
"32","2023-51","5","6571147586","217804815693.00","-0.029443","-0.024905","-0.024890","566","3699587612.130","5963476926.760"
"64","2023-51","5","7162062429","86341249671.30","-0.034191","-0.036505","-0.031424","238","205318449.280","403190813.970"
"1","2023-51","5","133730798007","1304296900389.00","-0.027620","-0.006480","-0.007437","1691","37045255139.890","39274245858.080"
"16","2023-51","5","53599364054","865804254205.01","-0.027042","-0.026094","-0.025440","1330","7887994660.110","10985302864.870"
"4","2023-51","5","121658844906","1122487814970.90","-0.028711","-0.022043","-0.021960","1504","16881767373.390","19023204310.150"
"1","2023-52","5","126423501711","1304312813269.00","0.018747","0.019714","0.019573","1692","37806865205.450","40060390094.760"
"2","2023-52","5","82232454","58206999.00","0.017544","0.028327","0.021549","44","8741987.300","12015812.550"
"8","2023-52","5","71697379","273233728.10","0.015093","0.030652","0.027701","41","52620169.960","59562515.690"
"32","2023-52","5","7068437682","237482643172.00","0.036724","0.029861","0.028773","565","3834001810.560","6133349342.440"
"64","2023-52","5","6751662278","86646995032.58","0.139412","0.100818","0.111145","239","226790959.710","449640971.900"
"16","2023-52","5","52692478907","835031127453.88","0.029812","0.032358","0.031570","1333","8178974414.540","11374365952.530"
"4","2023-52","5","123120960557","1184365615786.04","0.023432","0.027900","0.027790","1504","17361575500.590","19570709439.610"
"2","2024-01","4","87626436","70654696.00","-0.008991","0.005281","0.017664","44","8788156.300","12228068.940"
"8","2024-01","4","70530294","318229090.05","-0.013343","-0.013561","-0.016659","41","51910235.020","58567175.950"
"4","2024-01","4","102931221853","989196491464.21","-0.015255","-0.028681","-0.028176","1502","16866371235.110","19016561399.140"
"1","2024-01","4","109902173291","1098887591420.00","-0.010519","-0.009380","-0.009525","1690","37462282842.860","39684644340.710"
"16","2024-01","4","41917819140","656321571693.89","-0.031802","-0.049062","-0.046930","1333","7789901282.770","10842311494.270"
"32","2024-01","4","5572090394","189789451113.00","-0.055090","-0.060610","-0.059056","566","3686002854.950","5785828747.100"
"64","2024-01","4","5830365906","77128114896.55","-0.002218","-0.015096","-0.015662","240","223928577.060","444144327.340"
"2","2024-02","5","100683978","89626226.00","0.035847","0.269381","0.476599","44","8499523.420","11547943.420"
"8","2024-02","5","90023607","375369943.43","-0.005388","-0.019713","-0.021393","41","50886895.320","57314214.270"
"4","2024-02","5","128397756639","1162582392796.42","-0.010032","-0.013557","-0.013358","1504","16655562939.780","18791375154.490"
"1","2024-02","5","123862262652","1232944356375.00","-0.010796","-0.014424","-0.014554","1692","36948101885.630","39118359546.430"
"16","2024-02","5","49560997689","756905980503.61","-0.017004","-0.014357","-0.014066","1333","7686285879.680","10690906576.760"
"32","2024-02","5","6630178458","214218192465.00","-0.026140","-0.028947","-0.027671","567","3598240894.320","5633931558.670"
"64","2024-02","5","4694652880","58931386466.63","-0.159176","-0.132640","-0.144703","241","195054574.280","382969942.700"
"2","2024-03","5","96036178","79255253.00","-0.014275","-0.003675","0.007136","44","8468286.170","11630357.550"
"8","2024-03","5","103940614","407480851.21","-0.014469","-0.025400","-0.020918","41","49594334.310","56115271.580"
"4","2024-03","5","131745309419","1174523277080.50","-0.046685","-0.029667","-0.030827","1504","16166219741.940","18221805701.280"
"1","2024-03","5","138092811559","1338069253323.00","-0.039456","-0.014244","-0.014724","1693","36437531304.510","38560237394.910"
"16","2024-03","5","48380126485","739226277375.19","-0.061730","-0.041612","-0.045141","1333","7334849985.840","10176443458.170"
"32","2024-03","5","6732202218","211936182735.00","-0.060077","-0.040057","-0.040582","567","3482618237.810","5406850284.460"
"64","2024-03","5","5032150535","59030504755.53","0.102981","0.062884","0.077446","242","207867315.690","413565537.480"
"2","2024-04","5","312114047","244205490.00","0.080531","0.107465","0.139658","44","9378333.270","13254637.170"
"8","2024-04","5","134351224","521318051.54","0.018902","0.016903","0.015834","41","50432027.370","57003816.580"
"4","2024-04","5","147323174390","1266721765975.47","-0.004104","0.004643","0.003456","1503","16247135035.150","18285491025.280"
"1","2024-04","5","180376575016","1628910250684.00","0.008341","0.034919","0.034836","1695","37718543053.850","39911999375.010"
"16","2024-04","5","57865578510","848688693582.92","-0.021648","-0.019628","-0.020455","1335","7231357414.910","10012199326.500"
"32","2024-04","5","8421701312","238858356085.00","-0.045027","-0.035881","-0.035352","567","3364689300.680","5215719264.300"
"64","2024-04","5","4309294913","55129462993.87","-0.062917","-0.048963","-0.048356","243","198386736.040","394989567.810"
"2","2024-05","5","218497852","198204500.00","-0.041616","-0.025723","-0.022374","44","9137094.900","12958077.110"
"8","2024-05","5","111307856","457173083.87","-0.040026","-0.040530","-0.038008","41","48392771.300","54837218.370"
"4","2024-05","5","143470782746","1146528160151.18","-0.153446","-0.099345","-0.100694","1503","14640902196.640","16445530448.200"
"1","2024-05","5","180950336307","1578547587314.00","-0.134169","-0.054238","-0.055331","1696","35704922093.320","37724681517.340"
"16","2024-05","5","59432721259","776746126190.63","-0.181419","-0.128041","-0.130380","1336","6311332668.560","8710609457.060"
"32","2024-05","5","9077754514","232158533937.00","-0.164358","-0.127084","-0.128070","567","2949402091.750","4547919902.490"
"64","2024-05","5","3814132801","44357511408.46","-0.168070","-0.162938","-0.163005","244","166869969.390","332234958.460"
"2","2024-06","4","188255294","148137314.00","0.019060","0.030205","0.029745","44","9413083.830","13343520.240"
"8","2024-06","4","98781730","439922495.41","0.019843","0.022787","0.021722","41","49495508.660","56028443.100"
"4","2024-06","4","162139380045","1172854226701.97","-0.010970","0.059412","0.057507","1503","15513464196.670","17391518423.740"
"1","2024-06","4","194084734743","1580455280365.00","-0.002473","0.044691","0.043275","1695","37315033261.750","39354671483.100"
"16","2024-06","4","74993346607","824894970596.48","-0.028379","0.064501","0.057266","1337","6729405480.720","9229705028.180"
"32","2024-06","4","11733603699","263444938299.00","0.042659","0.099220","0.093948","569","3252500469.340","5002673788.340"
"64","2024-06","4","3517164381","37101311230.45","0.043299","0.055021","0.040596","244","176219360.830","345966749.390"
"2","2024-08","5","193536507","153457536.00","0.028416","0.033386","0.042004","44","9727350.140","13904006.260"
"8","2024-08","5","120589542","521721648.07","0.040163","0.042195","0.038331","41","51585024.270","58177100.240"
"4","2024-08","5","167140644399","1364127889606.86","0.111578","0.049147","0.049922","1502","16279101020.810","18254990282.620"
"1","2024-08","5","187650687631","1728335880119.00","0.099328","0.049651","0.049940","1695","39185673792.670","41319946381.100"
"16","2024-08","5","84852804992","1093105375530.99","0.167271","0.071333","0.075295","1337","7221294617.670","9924412101.870"
"32","2024-08","5","10912546562","284198040406.00","0.097697","0.042437","0.045587","569","3415612712.290","5230777990.430"
"64","2024-08","5","3814043424","44170147498.77","0.060555","0.059359","0.064278","244","186657485.010","368347172.710"
"2","2024-09","5","181308240","154238839.00","0.000021","0.021270","0.018205","44","9934254.420","14157135.710"
"8","2024-09","5","135097972","562210630.04","0.014692","0.015748","0.015762","41","52397405.120","59094117.990"
"4","2024-09","5","195612893679","1741066122400.82","0.026713","0.032028","0.031460","1501","16814230916.750","18829526519.020"
"1","2024-09","5","197853498473","1929442777801.00","0.017881","0.002227","0.002451","1696","39300394479.730","41448472735.930"
"16","2024-09","5","100660871863","1389557665581.56","0.033614","0.038488","0.036627","1338","7506324632.150","10292829264.530"
"32","2024-09","5","13460082838","381989229594.00","0.035590","0.051662","0.048861","569","3609319947.710","5486406016.150"
"64","2024-09","5","4600019322","58243862988.25","0.072031","0.061279","0.064780","244","198095690.670","392241749.570"
"2","2024-10","5","147398409","134927133.00","-0.007416","0.009049","0.015900","44","10024158.150","14382235.940"
"8","2024-10","5","85454505","396936779.59","-0.004994","-0.006398","-0.007129","41","51851595.730","58462231.830"
"1","2024-10","5","169997010374","1797499520935.00","0.001732","0.009229","0.008923","1696","39671029145.070","41818331152.670"
"16","2024-10","5","80165101870","1207734761507.36","-0.000774","-0.006501","-0.006466","1338","7460033367.020","10226096044.150"
"4","2024-10","5","165185568084","1594128027336.20","0.000945","-0.002552","-0.001613","1502","16790992590.200","18801519978.300"
"32","2024-10","5","10716739147","317543061190.00","-0.016488","-0.013983","-0.015966","569","3566517523.130","5398942996.470"
"64","2024-10","5","3010790665","39483125249.85","-0.068896","-0.057594","-0.061711","245","187087172.990","369468616.370"
"2","2024-11","5","190847619","166854334.00","0.002330","-0.010313","-0.015388","44","9920774.360","14160914.680"
"8","2024-11","5","104375686","431509855.29","0.007558","0.005300","0.006332","41","52126460.130","58832456.820"
"1","2024-11","5","175847804384","1887326885856.00","0.035631","-0.000388","-0.000389","1695","39652730616.800","41801817278.100"
"16","2024-11","5","84012797162","1299953567716.82","0.050251","0.045476","0.044653","1339","7801459778.050","10686664817.990"
"4","2024-11","5","172997648764","1650295200693.26","0.041767","0.025190","0.025175","1500","17206289200.980","19266759827.060"
"32","2024-11","5","10635442016","318609168139.00","0.047255","0.030132","0.030389","570","3695136188.340","5566649864.480"
"64","2024-11","5","2968838871","34272311692.43","0.038734","0.032435","0.031079","245","193221244.120","380951666.650"
"2","2024-12","5","180421826","124487230.00","0.004797","-0.028979","-0.036996","44","9633275.440","13637009.170"
"8","2024-12","5","109610635","470399103.69","0.001085","0.007399","0.004903","41","52512180.010","59120910.850"
"1","2024-12","5","178913975167","1882376268532.00","0.012551","-0.001445","-0.001159","1695","39598153599.190","41766918017.940"
"16","2024-12","5","91481586579","1412288384107.99","0.022732","0.008363","0.008732","1340","7877237245.470","10784551769.530"
"4","2024-12","5","181657352722","1733906722839.03","0.015262","0.001400","0.001779","1501","17239606350.210","19309778016.760"
"32","2024-12","5","11063940127","351021130111.00","0.012395","-0.003832","-0.005215","570","3691104750.140","5537851118.410"
"64","2024-12","5","2839173739","31990079401.74","-0.033297","-0.032311","-0.034867","245","187439390.070","367660210.380"
"2","2024-13","5","126822685","104364864.00","-0.011669","-0.004981","-0.005126","44","9585288.220","13567101.410"
"8","2024-13","5","74578641","313170437.17","0.002048","0.001971","0.002266","41","52615692.260","59254887.000"
"1","2024-13","5","167037831875","1691797635512.00","-0.013197","0.002439","0.002180","1697","39717356771.780","41875506622.480"
"16","2024-13","5","82493808680","1203024660277.97","-0.027247","-0.031994","-0.031270","1341","7645452402.340","10464863568.200"
"4","2024-13","5","158624146814","1502239270068.77","-0.019296","-0.012709","-0.012998","1503","17028787233.390","19068081763.620"
"32","2024-13","5","9298845192","281087584651.00","-0.046960","-0.042965","-0.043326","570","3545470200.760","5297924464.730"
"64","2024-13","5","2247045885","26179262952.31","-0.031589","-0.022158","-0.027510","247","185309828.790","362964789.910"
"2","2024-14","3","66942439","62600572.00","0.006849","0.012459","0.015351","44","9704715.950","13775377.560"
"8","2024-14","3","62058926","257409264.96","0.006671","0.010680","0.009529","41","53179324.050","59821280.750"
"1","2024-14","3","105082025941","1049451444936.00","0.018652","0.011245","0.010995","1697","40209919502.940","42380659842.690"
"16","2024-14","3","48214380202","702665045454.96","0.005742","0.005276","0.005580","1341","7691985119.540","10524852792.240"
"4","2024-14","3","105923002172","971717687922.45","0.017103","0.014545","0.014909","1503","17294784440.010","19379262138.770"
"32","2024-14","3","5441959843","160416618115.00","0.001781","-0.005377","-0.006679","570","3539461878.120","5262801262.240"
"64","2024-14","3","1277895537","14351688527.09","-0.016954","-0.008710","-0.013757","247","184621913.320","357971207.760"
"2","2024-15","5","124617266","108761280.00","-0.010007","0.004539","0.010978","44","9748771.680","13926605.200"
"8","2024-15","5","88578441","392800481.98","-0.011835","-0.016805","-0.015973","41","52285622.140","58865762.000"
"1","2024-15","5","167673593861","1629556769377.00","-0.024169","-0.014009","-0.014197","1697","39656207844.080","41783187645.210"
"16","2024-15","5","65088155906","936780893836.06","-0.048856","-0.045461","-0.044956","1342","7348024008.730","10057171537.340"
"4","2024-15","5","152251504278","1381930416144.89","-0.031902","-0.029077","-0.028162","1504","16809895884.780","18838748891.530"
"32","2024-15","5","8256047694","231299506386.00","-0.051540","-0.032262","-0.035000","571","3448163538.280","5084790275.520"
"64","2024-15","5","2316566700","25646306229.98","-0.018466","-0.029244","-0.029544","248","180263557.730","348247128.540"
"2","2024-16","5","192592916","128662536.00","-0.060121","-0.023845","-0.031296","44","9516309.790","12860431.270"
"8","2024-16","5","114507598","460346192.49","-0.027297","-0.011817","-0.014181","41","51667725.280","58030982.460"
"1","2024-16","5","201293064052","1884553697716.00","-0.035690","0.019956","0.019573","1697","40456690097.910","42602510121.670"
"16","2024-16","5","78996478745","1031502125474.29","-0.061756","-0.025621","-0.026522","1343","7162516810.970","9794101512.680"
"4","2024-16","5","172321055675","1491463906835.82","-0.051691","-0.003145","-0.004790","1503","16760491440.240","18744120553.550"
"32","2024-16","5","9967671934","263854749326.00","-0.058477","-0.030154","-0.029629","571","3359362588.420","4934794183.930"
"64","2024-16","5","2421552906","26491967187.86","-0.036458","-0.030722","-0.029809","248","175816241.550","337809920.770"
"2","2024-17","5","124530193","119717517.00","0.022753","0.001118","-0.010212","44","9526956.070","12729098.650"
"8","2024-17","5","87358934","381440912.00","0.008335","0.014436","0.015932","41","52413605.290","58955564.190"
"1","2024-17","5","163254212085","1620280642495.00","0.020935","0.002673","0.002878","1696","40598908911.060","42717760055.310"
"16","2024-17","5","74760174326","1035821473075.84","0.055931","0.047448","0.043751","1343","7576158048.470","10219186527.500"
"4","2024-17","5","144838546812","1351310334459.12","0.026731","0.014799","0.014997","1501","17011517850.490","19004553256.440"
"32","2024-17","5","8595090784","244827953923.00","0.075114","0.052348","0.053731","571","3550299874.600","5199851926.200"
"64","2024-17","5","1882992962","20449404889.62","0.019333","0.016593","0.018987","248","178812402.690","344129729.050"
"2","2024-18","2","86512754","56816191.00","0.016350","0.016468","0.025355","44","9683851.010","13051844.390"
"8","2024-18","2","77580194","378855395.41","-0.003703","0.024835","0.023386","41","53715298.690","60334344.330"
"1","2024-18","2","89937398901","891739428021.00","0.017032","0.003417","0.003485","1695","40719590161.550","42838946910.060"
"16","2024-18","2","34892618167","496615511847.69","0.024140","0.023932","0.023279","1342","7751985645.800","10432606046.600"
"4","2024-18","2","76031006495","716098836791.56","0.022956","0.011864","0.012023","1500","17220113363.370","19232868695.400"
"32","2024-18","2","4689954122","136578898615.00","0.026136","0.022113","0.019582","570","3630713335.670","5297611329.220"
"64","2024-18","2","1000384540","11003627333.58","0.013846","0.008536","0.009500","248","179924826.240","347265994.890"
"2","2024-19","5","186879750","96766273.00","-0.005240","-0.006803","-0.011613","44","9617966.260","12900261.540"
"8","2024-19","5","103752757","545822342.65","0.019451","0.016801","0.014352","40","54462762.750","61045593.490"
"1","2024-19","5","181142096270","1822658780099.00","0.023204","0.017019","0.017172","1691","41424946914.970","43566274766.740"
"16","2024-19","5","81347370382","1151179074832.98","0.017918","0.010001","0.012194","1339","7833170502.130","10551198876.000"
"4","2024-19","5","160045960383","1486395506270.11","0.015352","0.016966","0.017726","1494","17511804117.260","19569786636.170"
"32","2024-19","5","9563898034","287768377446.00","0.006650","0.004812","0.004940","571","3676085685.850","5326637316.510"
"64","2024-19","5","2100966848","22335060642.84","-0.002327","-0.007440","-0.006724","248","179728787.140","344813964.480"
"2","2024-20","5","201436140","91162428.00","-0.018253","0.001323","-0.003696","44","9630691.250","12852576.640"
"8","2024-20","5","95893739","394474861.84","-0.015763","-0.000716","-0.004733","40","54327497.650","60660360.130"
"1","2024-20","5","173127614776","1667966878762.00","0.004008","0.002442","0.002090","1692","41538366526.390","43664535443.680"
"16","2024-20","5","73359307438","977157170046.36","0.004909","-0.003418","-0.003340","1339","7818990168.050","10517002225.520"
"4","2024-20","5","150927447787","1356875307513.54","0.005198","0.003602","0.003368","1493","17541519194.050","19596281058.640"
"64","2024-20","5","1563677689","15306466628.34","-0.029978","-0.023004","-0.025276","248","175936801.400","335809528.970"
"32","2024-20","5","7962681610","227499623780.00","-0.009050","-0.015914","-0.016053","572","3643660939.380","5244900799.420"
"2","2024-21","5","187843258","84138267.00","-0.014174","-0.013044","-0.007898","44","9505061.040","12751064.260"
"8","2024-21","5","116518063","527737591.26","-0.013985","-0.000464","-0.002076","40","53724734.300","59956905.540"
"1","2024-21","5","169002244480","1597946689117.00","-0.032971","-0.018217","-0.018108","1691","40785001745.300","42851566241.430"
"16","2024-21","5","72571839213","1030307109288.18","-0.025937","-0.027848","-0.027210","1338","7599747978.020","10218847004.630"
"4","2024-21","5","156801722412","1367836397870.38","-0.035216","-0.029227","-0.029026","1493","17005976148.160","18997498736.630"
"64","2024-21","5","2152179282","22166085326.35","0.016409","0.004263","0.009398","248","177116805.380","337806117.450"
"32","2024-21","5","8532406227","240432566416.00","-0.034720","-0.038113","-0.035777","572","3525871610.570","5055217319.730"
"2","2024-22","5","168548122","95995607.00","-0.036049","-0.011122","-0.020435","44","9399345.880","12490489.210"
"8","2024-22","5","131392886","591735096.70","0.043279","0.009794","0.018455","40","54250940.390","61063460.870"
"1","2024-22","5","141258188087","1352846010766.00","-0.009030","-0.002390","-0.002097","1691","40747301045.340","42741221018.230"
"16","2024-22","5","67255856758","943673866776.60","0.009364","0.001555","0.001992","1338","7602402000.680","10218138605.910"
"4","2024-22","5","134250575891","1135478828357.30","-0.009844","-0.006455","-0.005626","1493","16865978347.180","18853547187.800"
"64","2024-22","5","1715918430","17917485828.93","-0.022192","-0.019179","-0.020772","249","174114289.910","331913329.080"
"32","2024-22","5","8362030054","229949857259.00","0.020035","0.016689","0.018402","572","3585357642.560","5147561370.590"
"2","2024-23","5","307287319","132915065.00","-0.138056","-0.034371","-0.027378","44","8855649.020","11927891.970"
"8","2024-23","5","120741840","487429366.17","-0.045641","-0.018749","-0.019099","40","52984028.220","59263331.040"
"1","2024-23","5","154153407305","1426835162202.00","-0.048724","-0.005800","-0.006461","1692","40388831531.730","42331132611.740"
"16","2024-23","5","74233069321","998709191347.42","-0.074974","-0.038339","-0.041312","1340","7319316914.650","9799186391.310"
"4","2024-23","5","140301021084","1145453585342.29","-0.062448","-0.021934","-0.022508","1495","16486511626.950","18405899022.300"
"64","2024-23","5","1524376170","15539231416.54","-0.062155","-0.051451","-0.054075","249","167653561.510","313032053.400"
"32","2024-23","5","9899594483","255368896569.00","-0.069510","-0.032708","-0.033159","572","3470694648.590","4967725711.640"
"2","2024-24","4","146008566","56766092.00","0.052740","0.078436","0.064503","44","8947044.580","12094076.100"
"8","2024-24","4","59833538","270692090.37","-0.000528","0.000219","0.001076","40","52911559.000","59243012.750"
"1","2024-24","4","114178270733","1120418696643.00","0.003556","-0.008433","-0.008351","1694","40062885187.760","41913835789.000"
"16","2024-24","4","50738616650","746291072301.19","0.031111","0.016703","0.017814","1340","7440554094.120","9967438047.300"
"4","2024-24","4","97376635702","871080799926.98","0.007465","-0.000797","-0.000135","1495","16442821689.910","18366129816.330"
"64","2024-24","4","960375323","10179314897.63","0.012430","0.020215","0.016612","249","171462032.090","317850422.180"
"32","2024-24","4","9330047027","256985377004.00","0.049088","0.032191","0.033680","573","3600130023.770","5148502359.970"
"2","2024-25","5","148285037","67771821.00","-0.014541","-0.027782","-0.026550","43","8685995.430","11748802.920"
"8","2024-25","5","72310768","387747637.69","0.001737","-0.007074","-0.008866","39","51588750.410","57661236.300"
"1","2024-25","5","127154625289","1257236338816.00","-0.023626","-0.010139","-0.010153","1693","39597569218.550","41391637877.820"
"16","2024-25","5","65058874840","948987784974.64","-0.013101","-0.017699","-0.019291","1341","7318925041.120","9784002198.140"
"4","2024-25","5","116721870624","1027905852348.32","-0.025857","-0.021723","-0.021906","1494","16070236914.490","17940993648.880"
"64","2024-25","5","1720796962","16747690642.47","0.027633","0.000799","0.004533","249","172031450.960","318832231.050"
"32","2024-25","5","10817374870","302415267136.00","0.004207","-0.001744","-0.001401","573","3594817557.100","5134825341.610"
"2","2024-26","5","139626879","70754677.00","0.054850","0.163924","0.196252","43","8576338.060","11560270.490"
"8","2024-26","5","74415819","418908629.59","0.006940","0.013803","0.012238","39","52240354.520","58306457.910"
"1","2024-26","5","134356632609","1221810619329.00","-0.019820","-0.001344","-0.001430","1690","39422351275.000","41206862702.070"
"16","2024-26","5","65675691277","882652945214.09","-0.014993","-0.030049","-0.029851","1342","7108916992.200","9493865458.990"
"4","2024-26","5","115749064164","962340248973.79","-0.021961","-0.017709","-0.017835","1491","15769989186.220","17594380763.720"
"64","2024-26","5","1572566475","14657579028.09","-0.028316","-0.027842","-0.028577","249","167844519.120","309408123.710"
"32","2024-26","5","9503958697","249083909846.00","-0.055306","-0.056730","-0.059179","573","3414947062.310","4828400393.310"
"2","2024-27","5","123011348","57786651.00","0.021390","0.013144","0.011797","43","8689066.900","11696650.810"
"8","2024-27","5","62424221","321089678.04","-0.002811","-0.000850","-0.001063","39","52195884.250","58244457.640"
"16","2024-27","5","63942678986","796708196984.02","-0.022371","-0.021356","-0.023952","1343","6975095487.370","9264469999.540"
"4","2024-27","5","109363795175","878859118958.92","-0.007230","-0.012813","-0.013081","1485","15562561731.000","17351957068.080"
"64","2024-27","5","1392645289","13414950008.27","-0.024878","-0.026425","-0.024106","249","163972587.640","301543341.180"
"1","2024-27","5","129524766977","1165309402163.00","-0.006940","-0.002022","-0.002248","1689","39340436303.850","41100591314.860"
"32","2024-27","5","7554712133","199515959562.00","-0.044749","-0.034348","-0.032502","573","3321144779.520","4670255918.950"
"2","2024-28","5","186116141","92183690.00","0.083148","0.098079","0.077332","43","8817863.220","11874228.890"
"16","2024-28","5","66889465492","866843465203.49","0.019131","0.019067","0.018698","1346","7133718135.900","9445428197.620"
"4","2024-28","5","120699874574","1053404888964.92","0.006589","0.015904","0.015645","1485","15779003550.990","17588255773.210"
"8","2024-28","5","89594673","354551327.69","-0.009419","0.007328","0.006392","40","52689426.470","58727656.570"
"64","2024-28","5","1515810828","13740624932.09","0.009461","0.004840","0.006680","249","164769616.290","303209371.790"
"1","2024-28","5","144165569427","1313021370105.00","0.005563","0.011772","0.011539","1689","39588539155.880","41338604922.180"
"32","2024-28","5","8271349306","223824585747.00","0.020377","0.022913","0.020265","573","3408197763.850","4764488819.310"
"2","2024-29","5","152792236","75306123.00","0.014544","0.002436","-0.004724","43","8753177.220","11731963.470"
"16","2024-29","5","58179366795","817311751017.75","-0.025920","-0.000225","-0.001761","1346","7137211380.570","9427692082.110"
"4","2024-29","5","107098161620","968687984308.07","-0.020730","-0.005275","-0.006153","1485","15689871245.160","17461480166.970"
"8","2024-29","5","96045056","390877706.51","-0.012901","0.003438","0.000431","40","52062934.880","57945288.160"
"64","2024-29","5","3989853252","38217006695.14","0.085104","0.062991","0.065057","249","175140649.910","322711295.460"
"1","2024-29","5","128792658097","1226409898202.00","-0.014067","0.007472","0.007219","1689","39667372909.960","41411793416.910"
"32","2024-29","5","8158479385","246773083182.00","-0.000509","0.021485","0.021263","573","3490747117.380","4865311390.320"
"2","2024-30","5","170713106","74479213.00","0.021125","0.006779","0.005128","43","8790954.540","11770567.030"
"16","2024-30","5","60563515047","787941475964.28","-0.001481","-0.023954","-0.024510","1346","6980029485.660","9218838020.980"
"4","2024-30","5","104624233073","891380154106.23","-0.007620","-0.025597","-0.025493","1483","15281579167.830","17006067773.380"
"8","2024-30","5","88682136","378989256.50","0.000380","-0.017916","-0.015800","40","51130162.090","57029722.010"
"64","2024-30","5","2458599444","22865296122.23","-0.022703","-0.029004","-0.027771","249","170146755.010","313715421.930"
"1","2024-30","5","135617274188","1243350984334.00","-0.009526","-0.028289","-0.028279","1686","38455166885.820","40129567631.650"
"32","2024-30","5","7631156877","217112795848.00","-0.034890","-0.043068","-0.040906","573","3356992852.280","4663719157.210"
"2","2024-31","5","255405424","106893418.00","0.059515","0.030911","0.022671","43","8883625.370","11858354.090"
"16","2024-31","5","73579491330","927714824139.08","0.026185","0.004946","0.006383","1346","7026373712.230","9285297050.540"
"8","2024-31","5","118562619","435679588.12","0.013531","-0.006597","-0.000616","40","50792822.250","56994587.840"
"4","2024-31","5","126787422925","1049267205409.28","0.034136","0.008218","0.008242","1482","15405381872.480","17143969870.700"
"64","2024-31","5","2327194392","21783772145.70","-0.010579","-0.002898","-0.005840","249","170148982.150","311862507.070"
"1","2024-31","5","150654494592","1393880632523.00","0.028220","0.003701","0.004180","1687","38618638695.950","40321769566.930"
"32","2024-31","5","8182915658","221305748302.00","0.022654","0.014948","0.016171","573","3411801719.840","4738260556.120"
"2","2024-32","5","199031031","87561987.00","0.005264","-0.004641","-0.001878","43","8792487.270","11786180.580"
"16","2024-32","5","68945813502","791611323897.71","-0.022255","-0.026083","-0.026634","1346","6856305631.040","9035707364.640"
"8","2024-32","5","86821695","339964848.26","-0.009338","-0.002942","-0.001784","40","50643362.050","56892872.560"
"4","2024-32","5","128410527150","987253520999.00","-0.009443","-0.012773","-0.012960","1482","15208570981.080","16918919782.190"
"64","2024-32","5","1692103196","15267756200.05","-0.022048","-0.022326","-0.021651","249","167478594.780","305141098.150"
"1","2024-32","5","141412967806","1246624724434.00","-0.011033","-0.012701","-0.013248","1686","38133365807.280","39781070335.430"
"32","2024-32","5","7320108520","193234449649.00","-0.026648","-0.024485","-0.025694","574","3349051631.410","4619001595.220"
"2","2024-33","5","132385653","49925868.00","0.020053","0.014822","0.014803","43","8882770.180","11920613.840"
"16","2024-33","5","69421411770","715364283246.93","0.019309","0.005744","0.004877","1347","6921362135.810","9096003456.270"
"8","2024-33","5","76758275","244777471.34","-0.003636","-0.001470","-0.000304","40","50568889.680","56875551.760"
"4","2024-33","5","106364529616","783160111220.19","-0.008512","-0.007646","-0.007549","1481","15087387465.930","16787580124.300"
"64","2024-33","5","1599092790","14448465544.17","0.000056","-0.010245","-0.007572","249","167644359.380","302830278.500"
"1","2024-33","5","116757002106","983087876536.00","-0.009902","0.008299","0.008172","1689","38441686911.870","40092836489.500"
"32","2024-33","5","6046070456","151143535482.00","-0.005141","-0.007228","-0.006558","574","3333957389.040","4588648120.470"
"2","2024-34","5","140740744","58730331.00","-0.023590","-0.018799","-0.018547","43","8715775.450","11699521.650"
"16","2024-34","5","76258300211","772116573588.62","-0.051656","-0.035349","-0.038460","1348","6688606209.750","8753157326.370"
"8","2024-34","5","94073939","348846143.63","-0.018536","-0.032307","-0.032231","39","48900649.590","55007871.690"
"4","2024-34","5","104436929849","789978996455.99","-0.035234","-0.021234","-0.021898","1480","14770619763.490","16406107799.150"
"64","2024-34","5","1607202788","15459994310.93","-0.037458","-0.041652","-0.038138","250","162881939.290","292298502.010"
"1","2024-34","5","116644884563","983294821991.00","-0.037244","-0.004944","-0.005328","1688","38285823770.890","39866377540.590"
"32","2024-34","5","5878148680","151203322126.00","-0.053628","-0.038262","-0.039075","574","3216152211.070","4409303277.900"
"2","2024-35","5","176089444","100414245.00","0.022128","0.017045","0.029660","43","8864337.860","12046532.730"
"16","2024-35","5","73959370889","811463386089.51","0.041387","0.029333","0.031562","1349","6896383083.350","9033660149.410"
"8","2024-35","5","68596581","294622012.99","0.011223","0.011864","0.013458","39","49479755.320","55748484.260"
"4","2024-35","5","116596230313","918600209100.70","0.036367","0.022423","0.022187","1478","15014432816.840","16665991609.320"
"64","2024-35","5","1557098867","14378529247.28","0.014616","0.011160","0.011096","251","166938877.230","296713661.850"
"1","2024-35","5","129225162025","1124253766365.00","0.028450","-0.007396","-0.006990","1689","38006197524.920","39585517814.120"
"32","2024-35","5","6779014651","163122162612.00","0.045874","0.027965","0.026511","574","3319227941.620","4526274979.430"
"2","2024-36","5","169243884","82686950.00","-0.012361","-0.010596","-0.008293","42","8746599.350","11922762.330"
"8","2024-36","5","67122937","261867498.30","-0.008838","-0.015428","-0.014248","39","48716327.460","54954156.820"
"16","2024-36","5","71401068186","774063786243.64","-0.028486","-0.027727","-0.028436","1350","6708851964.700","8781206697.310"
"4","2024-36","5","116242917224","890489715088.25","-0.017406","-0.023930","-0.023706","1479","14734547732.560","16355421629.410"
"64","2024-36","5","1281454241","11843933719.81","-0.036277","-0.047860","-0.042338","251","160136095.940","284151131.690"
"1","2024-36","5","130250459085","1097219873743.00","-0.014797","-0.025440","-0.025074","1687","37029839366.640","38580757877.800"
"32","2024-36","5","6539312425","160583882357.00","-0.043042","-0.041465","-0.042608","575","3187906205.470","4338211223.660"
"2","2024-37","5","128757786","63638194.00","-0.008474","-0.012462","-0.007451","42","8631635.890","11827960.250"
"8","2024-37","5","47559411","224668133.30","-0.012386","-0.032489","-0.029307","39","47133543.100","53343590.660"
"16","2024-37","5","60866392313","656260523853.80","-0.017228","-0.010037","-0.011910","1351","6644455266.260","8674537577.290"
"4","2024-37","5","106423029739","800542387362.26","-0.014683","-0.023678","-0.023231","1479","14396954642.280","15970027190.270"
"64","2024-37","5","1217766986","11349856449.25","-0.000415","-0.007750","-0.007303","252","159467015.930","284008240.260"
"1","2024-37","5","119960931435","987629341403.00","-0.018217","-0.023026","-0.022746","1684","35725079244.910","37219531632.820"
"32","2024-37","5","5635022285","141079494400.00","-0.019796","-0.015219","-0.013844","574","3145638139.900","4276784465.170"
"2","2024-38","3","100742784","57920974.00","0.010433","0.022366","0.022052","42","8824693.690","12088795.650"
"8","2024-38","3","32410433","146838893.92","0.007631","0.010054","0.009972","39","47607438.580","53875539.780"
"16","2024-38","3","37815858664","395832248993.41","0.006046","0.003864","0.004445","1351","6672730307.150","8713007266.350"
"64","2024-38","3","801974135","7391046272.44","-0.004110","-0.002802","-0.003524","252","159012501.460","282993111.520"
"4","2024-38","3","75213426454","536051393982.10","0.018493","0.017113","0.016812","1478","14640694960.780","16231496750.820"
"1","2024-38","3","81111714770","662813988104.00","0.017427","0.015558","0.015400","1687","36524217717.030","38032881492.250"
"32","2024-38","3","3654557235","85834563987.00","-0.003983","-0.006725","-0.008086","574","3134234957.750","4242145429.900"
"2","2024-39","5","332958789","173837523.00","0.121239","0.089210","0.081972","42","9593227.900","13061015.750"
"4","2024-39","5","220669620145","1734063488698.24","0.132342","0.151541","0.149971","1480","16865151705.220","18670174176.940"
"8","2024-39","5","167995706","683707207.13","0.092075","0.124093","0.115594","39","53515230.080","60103245.180"
"64","2024-39","5","2704277565","24657547206.93","0.147219","0.167438","0.160405","253","186401836.900","329938590.190"
"16","2024-39","5","111361976038","1353483153424.26","0.153332","0.190024","0.185984","1352","7950241522.130","10351040204.370"
"1","2024-39","5","227515935315","1967572972917.00","0.130161","0.127267","0.126522","1687","41173412086.860","42837022414.140"
"32","2024-39","5","9363899826","231188496004.00","0.156695","0.152535","0.149304","576","3627542960.490","4889556393.120"
"2","2024-40","1","167718827","94408762.00","0.077688","0.060247","0.054576","42","10171194.040","13773850.070"
"8","2024-40","1","97936477","381071334.48","0.057423","0.059518","0.058867","39","56700398.620","63641378.950"
"64","2024-40","1","1880315803","19488696718.78","0.209744","0.223897","0.219165","253","228348184.780","402244374.310"
"16","2024-40","1","47832140201","674726242592.41","0.151620","0.153008","0.157836","1351","9171265749.000","11996817244.690"
"4","2024-40","1","84469976357","750194458033.91","0.085328","0.085349","0.085366","1479","18283056023.200","20238760871.090"
"1","2024-40","1","104074779232","1004490822497.00","0.082870","0.071026","0.071264","1685","44139646500.740","45882923792.960"
"32","2024-40","1","5991293645","162619912631.00","0.159726","0.168237","0.169530","576","4240982893.820","5718468889.760"
"2","2024-41","4","532819344","318287401.00","-0.021935","-0.003860","0.014688","42","10131933.980","13976174.440"
"8","2024-41","4","296963754","1267467448.60","0.002796","-0.026932","-0.022144","39","55173317.000","62232083.410"
"64","2024-41","4","6986762254","94494454466.57","-0.047882","-0.025342","-0.029617","254","226088613.050","397653083.500"
"1","2024-41","4","349929304523","3563175582650.00","-0.058942","-0.037863","-0.038447","1686","42660604357.540","44306900422.630"
"16","2024-41","4","176420946651","3016521502193.49","-0.047394","-0.034887","-0.042116","1350","8855283997.210","11488640517.200"
"4","2024-41","4","282647255754","2702160455882.84","-0.060185","-0.053917","-0.054402","1479","17303258036.570","19159693652.780"
"32","2024-41","4","24212390249","821540064914.00","-0.040395","-0.015333","-0.012213","576","4176833416.560","5647770130.320"
"2","2024-42","5","276958282","178727702.00","0.054618","0.141488","0.207944","42","10237481.700","13953178.300"
"8","2024-42","5","143411140","562472645.78","0.022094","0.020047","0.020098","39","56241493.890","63444949.340"
"64","2024-42","5","7821393289","107723697973.90","0.237688","0.234370","0.227839","254","289177207.100","488318776.160"
"1","2024-42","5","275849257899","2662003338246.00","0.026185","0.006119","0.006521","1687","42909845143.330","44578707715.670"
"16","2024-42","5","163050125647","2798678450966.95","0.078663","0.068365","0.067245","1354","9483923688.580","12305805070.240"
"4","2024-42","5","235148596049","2195933841832.46","0.035794","0.022105","0.021633","1480","17685202162.520","19572996214.760"
"32","2024-42","5","17369964654","575681899744.00","0.074259","0.080296","0.075171","576","4521744285.570","6072893917.730"
"2","2024-43","5","313582196","174855870.00","0.035481","0.017037","0.016801","42","10364538.280","14140244.110"
"64","2024-43","5","13964881164","234606601130.89","0.199318","0.166299","0.166049","254","338729108.400","569386152.710"
"1","2024-43","5","278601780425","2818459396208.00","0.052044","0.010303","0.010281","1688","43352561400.900","45033186246.710"
"16","2024-43","5","178380801277","3179598154557.94","0.047660","0.034061","0.033095","1357","9822174676.350","12748601541.520"
"8","2024-43","5","233477458","790807585.17","0.036076","0.013103","0.016528","39","56978463.350","64493613.200"
"4","2024-43","5","264214661146","2558512784836.52","0.060278","0.035586","0.036507","1480","18329572983.240","20296503441.280"
"32","2024-43","5","21983336263","757507939276.00","0.052062","0.022119","0.026742","576","4625752252.710","6234699884.400"
"2","2024-44","5","509480171","280729491.00","0.003327","0.003383","0.011989","43","10423749.500","14334133.300"
"64","2024-44","5","12760410252","225889413651.45","0.023038","-0.042344","-0.033904","256","328461091.570","554131884.230"
"1","2024-44","5","350347511073","3360857449583.00","0.009457","-0.002740","-0.002967","1687","43178140328.990","44831505418.530"
"16","2024-44","5","179004962882","3013188887134.53","-0.039849","-0.044776","-0.046056","1358","9391742467.380","12173451846.210"
"8","2024-44","5","350122511","1030420877.76","0.003788","-0.013159","-0.008880","38","52950154.580","54406305.750"
"4","2024-44","5","341773901635","3207464019908.66","0.010292","0.005932","0.004672","1481","18445364604.640","20398869278.240"
"32","2024-44","5","19485187622","634934434400.00","-0.040949","-0.047623","-0.046563","575","4397730179.550","5959765136.780"
"1","2024-45","5","407924174967","4055768986886.00","0.068748","0.048312","0.048829","1689","45275656127.790","47037329120.990"
"2","2024-45","5","496509898","261925711.00","0.081380","0.027448","0.010578","43","10709864.410","14485775.620"
"64","2024-45","5","13565125884","249159188609.42","0.254843","0.228149","0.226380","256","403983744.440","679612304.350"
"16","2024-45","5","182827482779","3226042481722.95","0.105229","0.100092","0.101892","1359","10337408814.720","13427138925.890"
"8","2024-45","5","212472711","696236503.03","0.039236","0.032651","0.032741","38","54656432.330","56165067.760"
"4","2024-45","5","376427237893","3714446978110.24","0.080763","0.061820","0.061587","1479","19570320368.500","21634532699.530"
"32","2024-45","5","22144267964","748222239260.00","0.120869","0.109662","0.109212","575","4904192629.320","6615031427.230"
"1","2024-46","5","331975577404","3543954099459.00","-0.032231","-0.034701","-0.034190","1689","43760186519.860","45469762779.640"
"2","2024-46","5","399364255","211016240.00","-0.032271","-0.027010","-0.023803","43","10420589.820","14140961.700"
"64","2024-46","5","8678142877","179672991273.23","0.001655","-0.016226","-0.010694","257","401064852.560","678757883.110"
"16","2024-46","5","161621240188","2988397294833.06","-0.031541","-0.039021","-0.038605","1359","9937107527.220","12912130166.850"
"8","2024-46","5","240444941","1138981446.56","-0.017913","-0.010879","0.031925","39","57276257.620","67691899.740"
"4","2024-46","5","323605463701","3341099563354.86","-0.037542","-0.041996","-0.041215","1477","18740592747.420","20738818035.400"
"32","2024-46","5","24770716502","856730945234.00","-0.032892","-0.035030","-0.040537","576","4751441996.100","6349186082.390"
"2","2024-47","5","245539570","124947176.00","-0.006232","-0.004514","-0.006040","43","10373547.890","14055542.780"
"64","2024-47","5","10194529764","202735713625.39","0.024201","-0.015259","-0.011783","258","398203798.990","677361558.850"
"16","2024-47","5","140029150841","2293651864368.04","-0.023075","-0.028565","-0.028820","1360","9662443707.860","12546684213.530"
"8","2024-47","5","180360230","667050814.10","-0.028760","-0.023596","-0.026757","39","55924732.410","65880670.680"
"1","2024-47","5","292135603247","2781015055785.00","-0.007347","-0.019223","-0.019327","1688","42928219917.740","44589713289.480"
"4","2024-47","5","280111063631","2679395530040.29","0.003594","-0.018062","-0.017337","1478","18416912792.930","20388722194.630"
"32","2024-47","5","17233732465","575472662414.00","-0.020889","-0.018141","-0.016364","577","4719880073.840","6254676416.000"
"2","2024-48","5","209960863","122848416.00","0.015096","0.007276","0.008045","43","10449033.750","14168629.100"
"64","2024-48","5","8438760874","164113285272.52","0.029257","0.008745","0.008086","259","402967018.730","686526732.800"
"16","2024-48","5","132204278887","2081437021783.05","0.045694","0.033188","0.034287","1361","10000614002.310","12987755140.360"
"8","2024-48","5","109758600","526031284.67","0.007886","-0.014384","-0.019471","39","55120282.430","64597862.430"
"1","2024-48","5","246703396820","2403237953080.00","0.034781","0.015322","0.015342","1689","43585990694.940","45247347561.690"
"4","2024-48","5","269753507840","2471165222144.93","0.038620","0.019230","0.019858","1478","18766743841.850","20796138844.150"
"32","2024-48","5","14536556842","495504174206.00","0.038175","0.038372","0.038156","578","4914923472.930","6522408252.510"
"2","2024-49","5","207150967","104932249.00","0.027576","0.010455","0.007014","43","10552471.120","14262206.190"
"8","2024-49","5","108546784","417807726.02","0.015659","0.015092","0.022063","39","55952174.450","66023122.690"
"64","2024-49","5","8491876943","170751707932.75","-0.003849","-0.005963","-0.004182","259","402086020.750","685591519.190"
"1","2024-49","5","302025181233","2744859708305.00","0.033052","0.024310","0.024268","1690","44727584718.420","46352190628.820"
"16","2024-49","5","149369108451","2397779709752.39","0.031917","0.025663","0.025220","1361","10259802704.550","13319742426.110"
"4","2024-49","5","318727614706","2756556680241.53","0.039763","0.022817","0.022688","1476","19190473290.710","21266057450.440"
"32","2024-49","5","17228575853","552877913934.00","0.028599","0.016355","0.016503","580","5007330415.690","6660492838.140"
"1","2024-50","5","345595633762","3143612825623.00","0.015237","-0.002205","-0.002030","1690","44663622996.160","46290201725.640"
"2","2024-50","5","258875115","142980188.00","0.010587","0.007619","0.002677","43","10563665.410","14231175.280"
"8","2024-50","5","105912144","424846259.50","0.002057","0.009826","0.002550","39","56501975.040","66191514.800"
"64","2024-50","5","6291269492","118917561799.17","-0.079781","-0.071320","-0.074605","260","376480562.120","637073984.700"
"16","2024-50","5","157553941242","2635217418221.64","0.011961","-0.001597","0.000231","1361","10246854415.180","13328670590.900"
"4","2024-50","5","367835250635","3123892046821.79","0.019818","0.003742","0.004346","1477","19279527045.910","21371402768.050"
"32","2024-50","5","19013359218","643100540872.00","-0.004976","-0.010705","-0.013945","580","4960415288.120","6580267999.640"
"1","2024-51","5","255945709702","2407316617645.00","-0.027119","-0.008197","-0.007955","1689","44269118021.220","45894557962.650"
"2","2024-51","5","250454393","149563585.00","-0.030442","-0.044737","-0.058082","43","10091076.270","13404594.370"
"8","2024-51","5","85860617","316553273.81","-0.008493","-0.016595","-0.018055","39","55552994.590","64985060.000"
"64","2024-51","5","4744567323","86368031740.97","-0.066670","-0.051594","-0.056454","261","358315320.780","603444658.960"
"16","2024-51","5","119079142524","2005468331153.51","-0.016836","-0.014427","-0.011429","1365","10119152999.710","13200575848.900"
"4","2024-51","5","282308280595","2568364049428.49","-0.030411","-0.014687","-0.015344","1479","19016277660.690","21054364223.900"
"32","2024-51","5","14995752322","547378811414.00","-0.010409","0.009082","0.005819","581","5016472135.740","6621443132.880"
"1","2024-52","5","227301409275","2200183481757.00","-0.020823","0.012769","0.012568","1689","44844510456.840","46479762713.630"
"2","2024-52","5","174415095","95791543.00","-0.020577","0.007005","0.017272","43","10161773.140","13636127.940"
"8","2024-52","5","87800404","310071106.60","-0.011264","-0.002548","-0.004231","39","55411399.460","64710108.490"
"16","2024-52","5","104232327337","1829664685722.24","-0.041674","-0.022618","-0.022236","1365","9902247761.700","12909993465.640"
"64","2024-52","5","3831946410","70467632767.17","-0.075075","-0.063778","-0.067219","262","337485466.910","565165504.300"
"4","2024-52","5","235935867094","2214947381425.61","-0.031044","-0.007233","-0.007619","1477","18836285251.950","20841008950.360"
"32","2024-52","5","14796266980","580199297718.00","-0.033436","-0.015941","-0.012756","580","4930465232.740","6526470657.820"
"1","2024-53","2","90411904660","885703521248.00","-0.026234","-0.011359","-0.011551","1689","44360270463.810","45964939742.100"
"2","2024-53","2","63605975","35909523.00","-0.019072","-0.006902","-0.004018","43","10091632.700","13581324.660"
"8","2024-53","2","27523247","128490395.23","-0.009142","-0.003875","-0.005617","38","54323777.330","63475233.020"
"64","2024-53","2","1520920084","25559521904.48","-0.046435","-0.047425","-0.047013","262","321628311.800","538678344.890"
"16","2024-53","2","38662987350","694405198021.68","-0.042326","-0.035104","-0.035874","1364","9559756251.880","12444914407.630"
"4","2024-53","2","86880067214","842572572558.19","-0.032338","-0.024055","-0.024177","1474","18380131150.560","20438668509.850"
"32","2024-53","2","5323833822","198867882019.00","-0.039412","-0.033769","-0.034586","580","4766955824.020","6300705874.740"
"2","2025-01","2","94862740","52028550.00","-0.042879","-0.030883","-0.030286","43","9779970.940","13169991.200"
"8","2025-01","2","39983754","187733904.02","-0.020984","-0.015293","-0.019611","38","53492971.700","62230380.280"
"64","2025-01","2","1591342513","27898633205.78","-0.005053","-0.018964","-0.012349","263","317704848.360","537040463.510"
"32","2025-01","2","5447111075","186030569527.00","-0.056777","-0.051405","-0.053352","579","4532956607.680","5980616229.860"
"16","2025-01","2","40265230691","667372484994.88","-0.066009","-0.061951","-0.061819","1365","8978292199.140","11688180772.630"
"1","2025-01","2","102354747542","940095663065.00","-0.047936","-0.040386","-0.040430","1691","42590017485.390","44135269754.320"
"4","2025-01","2","96329982184","870347928003.06","-0.049343","-0.045584","-0.046359","1473","17542575607.330","19488169660.700"
"2","2025-02","5","118521583","70662767.00","-0.003236","-0.011022","-0.010429","43","9672169.030","13032640.470"
"8","2025-02","5","53588704","238858547.32","-0.010640","-0.013192","-0.015925","38","52787270.510","61239358.740"
"64","2025-02","5","4267429582","72799591963.43","0.000151","-0.002796","-0.002131","263","318786622.940","535929225.640"
"32","2025-02","5","12134428187","440034580745.00","-0.003206","0.005861","0.003933","582","4588698124.320","6046629209.070"
"16","2025-02","5","88610279218","1437737605015.16","-0.003020","-0.013350","-0.011817","1367","8862794906.010","11561843700.330"
"1","2025-02","5","197758072975","1848567432063.00","-0.013314","-0.013483","-0.013488","1691","41929051712.700","43458599037.040"
"4","2025-02","5","219364115840","1911371083389.12","-0.008354","-0.009293","-0.009250","1475","17438225864.900","19370095206.250"
